Protocollo;Gruppo;DataOraIncidente;Localizzazione1;STRADA1;Localizzazione2;STRADA2;Strada02;Chilometrica;DaSpecificare;NaturaIncidente;particolaritastrade;TipoStrada;FondoStradale;Pavimentazione;Segnaletica;CondizioneAtmosferica;Traffico;Visibilita;Illuminazione;NUM_FERITI;NUM_RISERVATA;NUM_MORTI;NUM_ILLESI;Longitudine;Latitudine;Confermato;Progressivo;TipoVeicolo;StatoVeicolo;Marca;Modello;TipoPersona;AnnoNascita;Sesso;Tipolesione;Deceduto;DecedutoDopo;CinturaCascoUtilizzato;Airbag;
3535159;16;01/11/2017 13:30:00;;LUNGOTEVERE PORTUENSE;in corrispondenza;;del civico n.;188;;Veicoli in marcia contro veicolo fermo;;;;;;;;;;0;0;0;2;12,46929;41,87562;0;1;Autovettura privata;In marcia / fermata / arresto;Citroen;C 3;Conducente;0;M;Illeso;0;;;
3535159;16;01/11/2017 13:30:00;;LUNGOTEVERE PORTUENSE;in corrispondenza;;del civico n.;188;;Veicoli in marcia contro veicolo fermo;;;;;;;;;;0;0;0;2;12,46929;41,87562;0;2;Autovettura privata;In marcia / fermata / arresto;Renault;Megane;Conducente;0;M;Illeso;0;;;
3535193;1;01/11/2017 16:45:00;;LARGO CAVALIERI DI COLOMBO;da specificare;;;;.;Veicolo in marcia contro veicolo fermo;;;;;;;;;;0;0;0;1;;;0;1;Motociclo a solo;In marcia / fermata / arresto;Piaggio;(ignoto);Conducente;1972;F;Illeso;0;;;
3535195;16;01/11/2017 16:10:00;;VIALE DEI COLLI PORTUENSI;da specificare;;;;altezza via C. Garofolini;Tamponamento;;;;;;;;;;0;0;0;4;12,44404;41,86675;0;1;Autovettura privata;In marcia / fermata / arresto;Volkswagen;Touran;Conducente;0;M;Illeso;0;;;
3535195;16;01/11/2017 16:10:00;;VIALE DEI COLLI PORTUENSI;da specificare;;;;altezza via C. Garofolini;Tamponamento;;;;;;;;;;0;0;0;4;12,44404;41,86675;0;1;Autovettura privata;In marcia / fermata / arresto;Volkswagen;Touran;Passeggero;0;F;Illeso;0;;;
3535195;16;01/11/2017 16:10:00;;VIALE DEI COLLI PORTUENSI;da specificare;;;;altezza via C. Garofolini;Tamponamento;;;;;;;;;;0;0;0;4;12,44404;41,86675;0;2;Autovettura privata;In marcia / fermata / arresto;Fiat;Punto;Conducente;0;M;Illeso;0;;;
3535195;16;01/11/2017 16:10:00;;VIALE DEI COLLI PORTUENSI;da specificare;;;;altezza via C. Garofolini;Tamponamento;;;;;;;;;;0;0;0;4;12,44404;41,86675;0;2;Autovettura privata;In marcia / fermata / arresto;Fiat;Punto;Passeggero;0;F;Illeso;0;;;
3535200;15;02/11/2017 14:10:00;Strada Urbana;VIA ETTORE PALADINI;in corrispondenza;;del civico n.;6;;Tamponamento Multiplo;Rettilineo;Una carreggiata a senso unico di marcia;Asciutto;Asfaltata;Assente;Sereno;Normale;Buona;Ore Diurne;0;0;0;4;;;0;1;Autovettura privata;In marcia / fermata / arresto;Nissan;QASHQAI;Conducente;1972;F;Illeso;0;;Non accertato;Inesploso
3535200;15;02/11/2017 14:10:00;Strada Urbana;VIA ETTORE PALADINI;in corrispondenza;;del civico n.;6;;Tamponamento Multiplo;Rettilineo;Una carreggiata a senso unico di marcia;Asciutto;Asfaltata;Assente;Sereno;Normale;Buona;Ore Diurne;0;0;0;4;;;0;2;Autovettura privata;In marcia / fermata / arresto;Nissan;Juke;Conducente;1967;M;Illeso;0;;Non accertato;Inesploso
3535200;15;02/11/2017 14:10:00;Strada Urbana;VIA ETTORE PALADINI;in corrispondenza;;del civico n.;6;;Tamponamento Multiplo;Rettilineo;Una carreggiata a senso unico di marcia;Asciutto;Asfaltata;Assente;Sereno;Normale;Buona;Ore Diurne;0;0;0;4;;;0;3;Autovettura privata;In marcia / fermata / arresto;MCC;Smart;Conducente;1980;F;Illeso;0;;Non accertato;Inesploso
3535200;15;02/11/2017 14:10:00;Strada Urbana;VIA ETTORE PALADINI;in corrispondenza;;del civico n.;6;;Tamponamento Multiplo;Rettilineo;Una carreggiata a senso unico di marcia;Asciutto;Asfaltata;Assente;Sereno;Normale;Buona;Ore Diurne;0;0;0;4;;;0;4;Autovettura privata;In marcia / fermata / arresto;Fiat;500;Conducente;1990;M;Illeso;0;;Non accertato;Inesploso
3535217;7;02/11/2017 13:50:00;Strada Urbana;VIA DELLE ACACIE;all'intersezione con;VIA DELLE CELIDONIE;VIA DELLE CELIDONIE;;;Scontro frontale/laterale SX fra veicoli in marcia;Incrocio;Una carreggiata a doppio senso;Asciutto;Asfaltata;Verticale ed orizzontale;Sereno;Normale;Buona;Ore Diurne;1;0;0;1;12,56414;41,88734;0;1;Autovettura privata;In marcia / fermata / arresto;Audi;A 3;Conducente;1987;M;Illeso;0;;Non accertato;Inesploso
3535217;7;02/11/2017 13:50:00;Strada Urbana;VIA DELLE ACACIE;all'intersezione con;VIA DELLE CELIDONIE;VIA DELLE CELIDONIE;;;Scontro frontale/laterale SX fra veicoli in marcia;Incrocio;Una carreggiata a doppio senso;Asciutto;Asfaltata;Verticale ed orizzontale;Sereno;Normale;Buona;Ore Diurne;1;0;0;1;12,56414;41,88734;0;2;Autovettura privata;In marcia / fermata / arresto;Fiat-Lancia;Y;Conducente;1980;M;Rimandato;0;NON DECEDUTO;Non accertato;Inesploso
3535243;1;02/11/2017 08:03:00;Strada Urbana;VIA PANISPERNA;all'intersezione con;VIA CIMARRA;VIA CIMARRA;;;Scontro laterale fra veicoli in marcia;Incrocio;Una carreggiata a senso unico di marcia;Asciutto;In cubetti di porfido;Verticale ed orizzontale;Sereno;Scarso;Buona;Ore Diurne;1;0;0;2;;;0;1;Autovettura privata;In marcia / fermata / arresto;Toyota;Aygo;Conducente;1972;F;Illeso;0;;Utilizzato;Inesploso
3535243;1;02/11/2017 08:03:00;Strada Urbana;VIA PANISPERNA;all'intersezione con;VIA CIMARRA;VIA CIMARRA;;;Scontro laterale fra veicoli in marcia;Incrocio;Una carreggiata a senso unico di marcia;Asciutto;In cubetti di porfido;Verticale ed orizzontale;Sereno;Scarso;Buona;Ore Diurne;1;0;0;2;;;0;1;Autovettura privata;In marcia / fermata / arresto;Toyota;Aygo;Passeggero;2007;F;Illeso;0;;Utilizzato;Inesploso
3535243;1;02/11/2017 08:03:00;Strada Urbana;VIA PANISPERNA;all'intersezione con;VIA CIMARRA;VIA CIMARRA;;;Scontro laterale fra veicoli in marcia;Incrocio;Una carreggiata a senso unico di marcia;Asciutto;In cubetti di porfido;Verticale ed orizzontale;Sereno;Scarso;Buona;Ore Diurne;1;0;0;2;;;0;2;Motociclo a solo;In marcia / fermata / arresto;Suzuki;Burgman;Conducente;1981;M;Rimandato;0;NON DECEDUTO;Utilizzato;
3535268;16;01/11/2017 00:45:00;;VIA FERDINANDO PALASCIANO;in corrispondenza;;del civico n.;64;;Veicolo in marcia contro veicolo in sosta;;;;;;;;;;0;0;0;1;12,44644;41,87219;0;2;Autovettura privata;In marcia / fermata / arresto;Opel;Mokka;Conducente;1980;M;Illeso;0;;;
3535274;9;02/11/2017 15:20:00;Strada Urbana;VIA APPIA NUOVA;da specificare;;;;FRONTE CIVICO 566;Scontro frontale/laterale SX fra veicoli in marcia;Rettilineo;Due carreggiate;Asciutto;Asfaltata;Verticale ed orizzontale;Sereno;Normale;Buona;Ore Diurne;0;0;0;3;;;0;1;Autovettura privata;In marcia / fermata / arresto;Ford;S - MAX;Conducente;1958;M;Illeso;0;;Utilizzato;
3535274;9;02/11/2017 15:20:00;Strada Urbana;VIA APPIA NUOVA;da specificare;;;;FRONTE CIVICO 566;Scontro frontale/laterale SX fra veicoli in marcia;Rettilineo;Due carreggiate;Asciutto;Asfaltata;Verticale ed orizzontale;Sereno;Normale;Buona;Ore Diurne;0;0;0;3;;;0;1;Autovettura privata;In marcia / fermata / arresto;Ford;S - MAX;Passeggero;1961;F;Illeso;0;;Utilizzato;Inesploso
3535274;9;02/11/2017 15:20:00;Strada Urbana;VIA APPIA NUOVA;da specificare;;;;FRONTE CIVICO 566;Scontro frontale/laterale SX fra veicoli in marcia;Rettilineo;Due carreggiate;Asciutto;Asfaltata;Verticale ed orizzontale;Sereno;Normale;Buona;Ore Diurne;0;0;0;3;;;0;2;Autovettura privata;In marcia / fermata / arresto;Volkswagen;Golf;Conducente;1967;F;Illeso;0;;;
3535285;1;02/11/2017 11:30:00;Strada Urbana;VIA VENTI SETTEMBRE;all'intersezione con;SALITA DI S. NICOLA DA TOLENTINO;SALITA DI S. NICOLA DA TOLENTINO;;;Scontro frontale/laterale DX fra veicoli in marcia;Incrocio;Una carreggiata a doppio senso;Asciutto;Asfaltata;Verticale ed orizzontale;Sereno;Normale;Buona;Ore Diurne;1;0;0;2;;;0;1;Autovettura privata;In marcia / fermata / arresto;Fiat;500;Conducente;1968;M;Illeso;0;;Non accertato;
3535285;1;02/11/2017 11:30:00;Strada Urbana;VIA VENTI SETTEMBRE;all'intersezione con;SALITA DI S. NICOLA DA TOLENTINO;SALITA DI S. NICOLA DA TOLENTINO;;;Scontro frontale/laterale DX fra veicoli in marcia;Incrocio;Una carreggiata a doppio senso;Asciutto;Asfaltata;Verticale ed orizzontale;Sereno;Normale;Buona;Ore Diurne;1;0;0;2;;;0;1;Autovettura privata;In marcia / fermata / arresto;Fiat;500;Passeggero;1968;F;Illeso;0;;Non accertato;
3535285;1;02/11/2017 11:30:00;Strada Urbana;VIA VENTI SETTEMBRE;all'intersezione con;SALITA DI S. NICOLA DA TOLENTINO;SALITA DI S. NICOLA DA TOLENTINO;;;Scontro frontale/laterale DX fra veicoli in marcia;Incrocio;Una carreggiata a doppio senso;Asciutto;Asfaltata;Verticale ed orizzontale;Sereno;Normale;Buona;Ore Diurne;1;0;0;2;;;0;2;Motociclo a solo;In marcia / fermata / arresto;BMW;(ignoto);Conducente;1975;M;Rimandato;0;NON DECEDUTO;Non accertato;
3535297;18;02/11/2017 13:30:00;Strada Urbana;VIA DI VAL CANNUTA;all'intersezione con;VIA GIUSEPPE BETTIOL;VIA GIUSEPPE BETTIOL;;;Scontro frontale/laterale DX fra veicoli in marcia;Intersezione stradale segnalata;Una carreggiata a doppio senso;Asciutto;Asfaltata;Verticale ed orizzontale;Sereno;Scarso;Buona;Ore Diurne;0;0;0;4;12,41015;41,8969;-1;1;Autovettura privata;In marcia / fermata / arresto;Fiat;500 X;Conducente;1976;M;Illeso;0;;Non accertato;Esploso
3535297;18;02/11/2017 13:30:00;Strada Urbana;VIA DI VAL CANNUTA;all'intersezione con;VIA GIUSEPPE BETTIOL;VIA GIUSEPPE BETTIOL;;;Scontro frontale/laterale DX fra veicoli in marcia;Intersezione stradale segnalata;Una carreggiata a doppio senso;Asciutto;Asfaltata;Verticale ed orizzontale;Sereno;Scarso;Buona;Ore Diurne;0;0;0;4;12,41015;41,8969;-1;1;Autovettura privata;In marcia / fermata / arresto;Fiat;500 X;Passeggero;1985;F;Illeso;0;;Non accertato;Esploso
3535297;18;02/11/2017 13:30:00;Strada Urbana;VIA DI VAL CANNUTA;all'intersezione con;VIA GIUSEPPE BETTIOL;VIA GIUSEPPE BETTIOL;;;Scontro frontale/laterale DX fra veicoli in marcia;Intersezione stradale segnalata;Una carreggiata a doppio senso;Asciutto;Asfaltata;Verticale ed orizzontale;Sereno;Scarso;Buona;Ore Diurne;0;0;0;4;12,41015;41,8969;-1;1;Autovettura privata;In marcia / fermata / arresto;Fiat;500 X;Passeggero;2015;F;Illeso;0;;Non accertato;
3535297;18;02/11/2017 13:30:00;Strada Urbana;VIA DI VAL CANNUTA;all'intersezione con;VIA GIUSEPPE BETTIOL;VIA GIUSEPPE BETTIOL;;;Scontro frontale/laterale DX fra veicoli in marcia;Intersezione stradale segnalata;Una carreggiata a doppio senso;Asciutto;Asfaltata;Verticale ed orizzontale;Sereno;Scarso;Buona;Ore Diurne;0;0;0;4;12,41015;41,8969;-1;2;Autovettura privata;In marcia / fermata / arresto;Fiat;Seicento;Conducente;1963;F;Illeso;0;;Non accertato;
3535380;16;01/11/2017 20:00:00;;PIAZZA CARLO FORLANINI;da specificare;;;;altezza scuola Forlanini;Veicolo in marcia contro veicolo fermo;;;;;;;;;;0;0;0;1;12,44924;41,86651;0;2;Altro;In marcia / fermata / arresto;(non accertato);(ignoto);Conducente;1982;;Illeso;0;;;
3535390;19;02/11/2017 16:30:00;Strada Urbana;VIA DI TORREVECCHIA;all'intersezione con;VIA TOMMASO BERNETTI;VIA TOMMASO BERNETTI;;;Tamponamento;Incrocio;Una carreggiata a doppio senso;Asciutto;Asfaltata;Assente;Sereno;Normale;Buona;Ore Diurne;0;0;0;4;12,40851;41,91699;0;1;Autovettura privata;In marcia / fermata / arresto;Alfa Romeo;Giulietta;Conducente;1997;M;Illeso;0;;Non accertato;Inesploso
3535390;19;02/11/2017 16:30:00;Strada Urbana;VIA DI TORREVECCHIA;all'intersezione con;VIA TOMMASO BERNETTI;VIA TOMMASO BERNETTI;;;Tamponamento;Incrocio;Una carreggiata a doppio senso;Asciutto;Asfaltata;Assente;Sereno;Normale;Buona;Ore Diurne;0;0;0;4;12,40851;41,91699;0;1;Autovettura privata;In marcia / fermata / arresto;Alfa Romeo;Giulietta;Passeggero;1999;F;Illeso;0;;Non accertato;Inesploso
3535390;19;02/11/2017 16:30:00;Strada Urbana;VIA DI TORREVECCHIA;all'intersezione con;VIA TOMMASO BERNETTI;VIA TOMMASO BERNETTI;;;Tamponamento;Incrocio;Una carreggiata a doppio senso;Asciutto;Asfaltata;Assente;Sereno;Normale;Buona;Ore Diurne;0;0;0;4;12,40851;41,91699;0;2;Autovettura privata;In marcia / fermata / arresto;Ford;Fiesta;Conducente;1991;F;Illeso;0;;Non accertato;Inesploso
3535390;19;02/11/2017 16:30:00;Strada Urbana;VIA DI TORREVECCHIA;all'intersezione con;VIA TOMMASO BERNETTI;VIA TOMMASO BERNETTI;;;Tamponamento;Incrocio;Una carreggiata a doppio senso;Asciutto;Asfaltata;Assente;Sereno;Normale;Buona;Ore Diurne;0;0;0;4;12,40851;41,91699;0;2;Autovettura privata;In marcia / fermata / arresto;Ford;Fiesta;Passeggero;2014;M;Illeso;0;;Non accertato;Inesploso
3535432;6;02/11/2017 15:30:00;Strada Urbana;VIA ALBERTO DA GIUSSANO;in corrispondenza;;del civico n.;8;;Scontro laterale fra veicoli in marcia;Rettilineo;Una carreggiata a senso unico di marcia;Asciutto;Asfaltata;Verticale ed orizzontale;Sereno;Normale;Buona;Ore Diurne;1;0;0;1;12,53422;41,89198;-1;1;Autocarro inferiore 35 q.;In marcia / fermata / arresto;Fiat;Panda Van;Conducente;1995;M;Illeso;0;;Non accertato;Inesploso
3535432;6;02/11/2017 15:30:00;Strada Urbana;VIA ALBERTO DA GIUSSANO;in corrispondenza;;del civico n.;8;;Scontro laterale fra veicoli in marcia;Rettilineo;Una carreggiata a senso unico di marcia;Asciutto;Asfaltata;Verticale ed orizzontale;Sereno;Normale;Buona;Ore Diurne;1;0;0;1;12,53422;41,89198;-1;2;Motociclo a solo;In marcia / fermata / arresto;Moto Guzzi;Breva;Conducente;1989;M;Rifiuta cure immediate;0;NON DECEDUTO;Non accertato;
3535478;18;02/11/2017 09:50:00;Strada Urbana;VIA MATTIA BATTISTINI;in prossimità;;del civico n.;50;;Scontro laterale fra veicoli in marcia;Rettilineo;Una carreggiata a doppio senso;Asciutto;Asfaltata;Verticale ed orizzontale;Sereno;Normale;Buona;Ore Diurne;0;0;0;7;12,41379;41,90603;0;1;Autovettura privata;In marcia / fermata / arresto;Opel;Corsa;Conducente;1947;M;Illeso;0;;;
3535478;18;02/11/2017 09:50:00;Strada Urbana;VIA MATTIA BATTISTINI;in prossimità;;del civico n.;50;;Scontro laterale fra veicoli in marcia;Rettilineo;Una carreggiata a doppio senso;Asciutto;Asfaltata;Verticale ed orizzontale;Sereno;Normale;Buona;Ore Diurne;0;0;0;7;12,41379;41,90603;0;1;Autovettura privata;In marcia / fermata / arresto;Opel;Corsa;Passeggero;1987;M;Illeso;0;;;
3535478;18;02/11/2017 09:50:00;Strada Urbana;VIA MATTIA BATTISTINI;in prossimità;;del civico n.;50;;Scontro laterale fra veicoli in marcia;Rettilineo;Una carreggiata a doppio senso;Asciutto;Asfaltata;Verticale ed orizzontale;Sereno;Normale;Buona;Ore Diurne;0;0;0;7;12,41379;41,90603;0;2;Autovettura privata;In marcia / fermata / arresto;Fiat;500 L;Conducente;1975;M;Illeso;0;;;
3535478;18;02/11/2017 09:50:00;Strada Urbana;VIA MATTIA BATTISTINI;in prossimità;;del civico n.;50;;Scontro laterale fra veicoli in marcia;Rettilineo;Una carreggiata a doppio senso;Asciutto;Asfaltata;Verticale ed orizzontale;Sereno;Normale;Buona;Ore Diurne;0;0;0;7;12,41379;41,90603;0;2;Autovettura privata;In marcia / fermata / arresto;Fiat;500 L;Passeggero;1953;F;Illeso;0;;;
3535478;18;02/11/2017 09:50:00;Strada Urbana;VIA MATTIA BATTISTINI;in prossimità;;del civico n.;50;;Scontro laterale fra veicoli in marcia;Rettilineo;Una carreggiata a doppio senso;Asciutto;Asfaltata;Verticale ed orizzontale;Sereno;Normale;Buona;Ore Diurne;0;0;0;7;12,41379;41,90603;0;2;Autovettura privata;In marcia / fermata / arresto;Fiat;500 L;Passeggero;1981;F;Illeso;0;;;
3535478;18;02/11/2017 09:50:00;Strada Urbana;VIA MATTIA BATTISTINI;in prossimità;;del civico n.;50;;Scontro laterale fra veicoli in marcia;Rettilineo;Una carreggiata a doppio senso;Asciutto;Asfaltata;Verticale ed orizzontale;Sereno;Normale;Buona;Ore Diurne;0;0;0;7;12,41379;41,90603;0;2;Autovettura privata;In marcia / fermata / arresto;Fiat;500 L;Passeggero;2004;M;Illeso;0;;;
3535478;18;02/11/2017 09:50:00;Strada Urbana;VIA MATTIA BATTISTINI;in prossimità;;del civico n.;50;;Scontro laterale fra veicoli in marcia;Rettilineo;Una carreggiata a doppio senso;Asciutto;Asfaltata;Verticale ed orizzontale;Sereno;Normale;Buona;Ore Diurne;0;0;0;7;12,41379;41,90603;0;2;Autovettura privata;In marcia / fermata / arresto;Fiat;500 L;Passeggero;2006;F;Illeso;0;;;
3535481;18;02/11/2017 08:50:00;Strada Urbana;PIAZZA DEI GIURECONSULTI;in prossimità;;del civico n.;31;;Scontro laterale fra veicoli in marcia;Rettilineo;Più di due carreggiate;;;;;;;;0;0;0;1;12,42604;41,90208;0;1;Motociclo a solo;In marcia / fermata / arresto;Kymco;People;Conducente;1974;M;Illeso;0;;Utilizzato;
3535484;18;02/11/2017 05:50:00;Strada Urbana;CIRCONVALLAZIONE CORNELIA;in prossimità;;del civico n.;19;;Veicolo in marcia contro veicolo in sosta;Rettilineo;Una carreggiata a doppio senso;Asciutto;Asfaltata;Verticale ed orizzontale;Sereno;Normale;Buona;Sufficiente;0;0;0;2;12,42671;41,89947;0;1;Autovettura privata;In marcia / fermata / arresto;Toyota;Yaris;Conducente;1964;F;Illeso;0;;;
3535484;18;02/11/2017 05:50:00;Strada Urbana;CIRCONVALLAZIONE CORNELIA;in prossimità;;del civico n.;19;;Veicolo in marcia contro veicolo in sosta;Rettilineo;Una carreggiata a doppio senso;Asciutto;Asfaltata;Verticale ed orizzontale;Sereno;Normale;Buona;Sufficiente;0;0;0;2;12,42671;41,89947;0;2;Autovettura privata;In marcia / fermata / arresto;Fiat;Panda;Conducente;1996;M;Illeso;0;;;
3535489;18;02/11/2017 08:20:00;Strada Urbana;VIA DI BOCCEA;all'intersezione con;LARGO GREGORIO XIII;LARGO GREGORIO XIII;;;Ribaltamento senza urto contro ostacolo fisso;Intersezione non regolata/non segnalata;Una carreggiata a doppio senso;Asciutto;Asfaltata;Orizzontale;Sereno;Intenso;Buona;Ore Diurne;1;0;0;0;12,37296;41,92203;-1;1;Motociclo a solo;In marcia / fermata / arresto;Gilera;nexus;Conducente;1964;M;Rifiuta cure immediate;0;NON DECEDUTO;Non accertato;
3535496;16;01/11/2017 14:10:00;;VIALE DEI COLLI PORTUENSI;in corrispondenza;;del civico n.;315;;Scontro laterale fra veicoli in marcia;;;;;;;;;;0;0;0;5;;;0;1;Autovettura privata;In marcia / fermata / arresto;Fiat;Panda;Conducente;0;F;Illeso;0;;;
3535496;16;01/11/2017 14:10:00;;VIALE DEI COLLI PORTUENSI;in corrispondenza;;del civico n.;315;;Scontro laterale fra veicoli in marcia;;;;;;;;;;0;0;0;5;;;0;1;Autovettura privata;In marcia / fermata / arresto;Fiat;Panda;Passeggero;0;F;Illeso;0;;;
3535496;16;01/11/2017 14:10:00;;VIALE DEI COLLI PORTUENSI;in corrispondenza;;del civico n.;315;;Scontro laterale fra veicoli in marcia;;;;;;;;;;0;0;0;5;;;0;2;Autovettura privata;In marcia / fermata / arresto;Seat;M I I;Conducente;0;F;Illeso;0;;;
3535496;16;01/11/2017 14:10:00;;VIALE DEI COLLI PORTUENSI;in corrispondenza;;del civico n.;315;;Scontro laterale fra veicoli in marcia;;;;;;;;;;0;0;0;5;;;0;2;Autovettura privata;In marcia / fermata / arresto;Seat;M I I;Passeggero;0;M;Illeso;0;;;
3535506;19;02/11/2017 17:15:00;Strada Urbana;VIA DELLA PALMAROLA;in corrispondenza;;del civico n.;180;;Scontro laterale fra veicoli in marcia;Rettilineo;Una carreggiata a doppio senso;Asciutto;Asfaltata;Assente;Sereno;Normale;Buona;Sufficiente;0;0;0;2;12,38319;41,94637;-1;1;Autovettura privata;In marcia / fermata / arresto;Fiat;Panda;Conducente;1988;M;Illeso;0;;Non accertato;Inesploso
3535506;19;02/11/2017 17:15:00;Strada Urbana;VIA DELLA PALMAROLA;in corrispondenza;;del civico n.;180;;Scontro laterale fra veicoli in marcia;Rettilineo;Una carreggiata a doppio senso;Asciutto;Asfaltata;Assente;Sereno;Normale;Buona;Sufficiente;0;0;0;2;12,38319;41,94637;-1;2;Autovettura privata;In marcia / fermata / arresto;Opel;Meriva;Conducente;1981;M;Illeso;0;;Non accertato;Inesploso
3535510;1;02/11/2017 13:30:00;;LUNGOTEVERE RAFFAELLO SANZIO;all'intersezione semaforizzata con;PIAZZA GIUSEPPE GIOACHINO BELLI;PIAZZA GIUSEPPE GIOACHINO BELLI;;;Scontro laterale fra veicoli in marcia;Intersezione semaforizzata;Una carreggiata a senso unico di marcia;Asciutto;Asfaltata;Verticale ed orizzontale;Sereno;Normale;Buona;Ore Diurne;0;0;0;2;;;0;1;Motociclo a solo;In marcia / fermata / arresto;Aprilia;sport city;Conducente;1972;M;Illeso;0;;Non accertato;
3535510;1;02/11/2017 13:30:00;;LUNGOTEVERE RAFFAELLO SANZIO;all'intersezione semaforizzata con;PIAZZA GIUSEPPE GIOACHINO BELLI;PIAZZA GIUSEPPE GIOACHINO BELLI;;;Scontro laterale fra veicoli in marcia;Intersezione semaforizzata;Una carreggiata a senso unico di marcia;Asciutto;Asfaltata;Verticale ed orizzontale;Sereno;Normale;Buona;Ore Diurne;0;0;0;2;;;0;2;Autovettura privata;In marcia / fermata / arresto;Subaru;Legacy;Conducente;1953;M;Illeso;0;;Non accertato;
3535520;4;02/11/2017 14:00:00;Strada Urbana;VIA DELLE ISOLE CURZOLANE;all'intersezione con;VIA MONTE PETROSO;VIA MONTE PETROSO;;;Scontro frontale/laterale DX fra veicoli in marcia;Incrocio;Due carreggiate;Asciutto;Asfaltata;Verticale ed orizzontale;Sereno;Scarso;Buona;Ore Diurne;0;0;0;3;12,53194;41,9488;0;1;Autovettura privata;In marcia / fermata / arresto;Audi;A3;Conducente;1988;M;Illeso;0;;Non accertato;Inesploso
3535520;4;02/11/2017 14:00:00;Strada Urbana;VIA DELLE ISOLE CURZOLANE;all'intersezione con;VIA MONTE PETROSO;VIA MONTE PETROSO;;;Scontro frontale/laterale DX fra veicoli in marcia;Incrocio;Due carreggiate;Asciutto;Asfaltata;Verticale ed orizzontale;Sereno;Scarso;Buona;Ore Diurne;0;0;0;3;12,53194;41,9488;0;1;Autovettura privata;In marcia / fermata / arresto;Audi;A3;Passeggero;1993;F;Illeso;0;;Non accertato;Inesploso
3535520;4;02/11/2017 14:00:00;Strada Urbana;VIA DELLE ISOLE CURZOLANE;all'intersezione con;VIA MONTE PETROSO;VIA MONTE PETROSO;;;Scontro frontale/laterale DX fra veicoli in marcia;Incrocio;Due carreggiate;Asciutto;Asfaltata;Verticale ed orizzontale;Sereno;Scarso;Buona;Ore Diurne;0;0;0;3;12,53194;41,9488;0;2;Autovettura privata;In marcia / fermata / arresto;Fiat;600;Conducente;1957;F;Illeso;0;;Non accertato;Inesploso
3535549;4;02/11/2017 12:25:00;;VIALE JONIO;in corrispondenza;;del civico n.;363;;Scontro laterale fra veicoli in marcia;;;;;;;;;;1;0;0;1;;;0;1;Autovettura privata;In marcia / fermata / arresto;Renault;Megane;Conducente;1985;M;Illeso;0;;;
3535549;4;02/11/2017 12:25:00;;VIALE JONIO;in corrispondenza;;del civico n.;363;;Scontro laterale fra veicoli in marcia;;;;;;;;;;1;0;0;1;;;0;2;Motociclo a solo;In marcia / fermata / arresto;Kimco;AGILITY;Conducente;1998;F;Rimandato;0;NON DECEDUTO;;
3535557;10;02/11/2017 08:25:00;Strada Urbana;VIA TUSCOLANA;all'intersezione semaforizzata con;VIA SCRIBONIO CURIONE;VIA SCRIBONIO CURIONE;;;Scontro laterale fra veicoli in marcia;Intersezione semaforizzata;Due carreggiate;Asciutto;Asfaltata;Verticale ed orizzontale;Sereno;Intenso;Buona;Ore Diurne;0;0;0;2;12,55273;41,86219;-1;1;Autocarro superiore 35 q.;In marcia / fermata / arresto;Iveco;120E;Conducente;1951;M;Illeso;0;;Non accertato;Inesploso
3535557;10;02/11/2017 08:25:00;Strada Urbana;VIA TUSCOLANA;all'intersezione semaforizzata con;VIA SCRIBONIO CURIONE;VIA SCRIBONIO CURIONE;;;Scontro laterale fra veicoli in marcia;Intersezione semaforizzata;Due carreggiate;Asciutto;Asfaltata;Verticale ed orizzontale;Sereno;Intenso;Buona;Ore Diurne;0;0;0;2;12,55273;41,86219;-1;2;Autovettura privata;In marcia / fermata / arresto;Nissan;Pathfinder;Conducente;1976;M;Illeso;0;;Non accertato;Inesploso
3535567;1;02/11/2017 14:50:00;;VIA ARENULA;all'intersezione semaforizzata con;VIA DEI FALEGNAMI;VIA DEI FALEGNAMI;;;Scontro frontale/laterale DX fra veicoli in marcia;;;;;;;;;;1;0;0;1;;;0;1;Autovettura privata;In marcia / fermata / arresto;Fiat;Panda;Conducente;1970;M;Illeso;0;;Utilizzato;Inesploso
3535567;1;02/11/2017 14:50:00;;VIA ARENULA;all'intersezione semaforizzata con;VIA DEI FALEGNAMI;VIA DEI FALEGNAMI;;;Scontro frontale/laterale DX fra veicoli in marcia;;;;;;;;;;1;0;0;1;;;0;2;Velocipede;In marcia / fermata / arresto;(ignoto);(non accertato);Conducente;1970;M;Rimandato;0;NON DECEDUTO;Esente;
3535576;19;02/11/2017 18:20:00;Strada Urbana;VIA DI TORREVECCHIA;da specificare;;;;prox L.go Millesimo;Veicolo in marcia contro veicolo fermo;Rettilineo;Una carreggiata a doppio senso;Asciutto;Asfaltata;Orizzontale;Sereno;Normale;Buona;Sufficiente;0;0;0;2;12,41223;41,92332;-1;1;Autovettura privata;In marcia / fermata / arresto;Nissan;Primera;Conducente;1959;F;Illeso;0;;Non accertato;Inesploso