Protocollo;Gruppo;DataOraIncidente;Localizzazione1;STRADA1;Localizzazione2;STRADA2;Strada02;Chilometrica;DaSpecificare;NaturaIncidente;particolaritastrade;TipoStrada;FondoStradale;Pavimentazione;Segnaletica;CondizioneAtmosferica;Traffico;Visibilita;Illuminazione;NUM_FERITI;NUM_RISERVATA;NUM_MORTI;NUM_ILLESI;Longitudine;Latitudine;Confermato;Progressivo;TipoVeicolo;StatoVeicolo;Marca;Modello;TipoPersona;AnnoNascita;Sesso;Tipolesione;Deceduto;DecedutoDopo;CinturaCascoUtilizzato;Airbag;
3535576;19;02/11/2017 18:20:00;Strada Urbana;VIA DI TORREVECCHIA;da specificare;;;;prox L.go Millesimo;Veicolo in marcia contro veicolo fermo;Rettilineo;Una carreggiata a doppio senso;Asciutto;Asfaltata;Orizzontale;Sereno;Normale;Buona;Sufficiente;0;0;0;2;12,41223;41,92332;-1;2;Autobus di linea;In marcia / fermata / arresto;Breda;Menaribus;Conducente;1966;M;Illeso;0;;;
3535581;1;02/11/2017 13:05:00;Strada Urbana;PIAZZA DI S. SILVESTRO;in prossimità;;del civico n.;19;;Scontro laterale fra veicoli in marcia;Rettilineo;Una carreggiata a senso unico di marcia;Asciutto;Asfaltata;Verticale ed orizzontale;Nuvoloso;Normale;Buona;Ore Diurne;1;0;0;0;;;0;1;Motociclo a solo;In marcia / fermata / arresto;Honda;SH 125;Conducente;1959;M;Rimandato;0;NON DECEDUTO;Utilizzato;
3535586;4;02/11/2017 08:10:00;;VIA NOMENTANA NUOVA;in prossimità;;del civico n.;338/a;;Infortunio per sola frenata improvvisa;;;;;;;;;;0;0;0;2;;;0;;;;;;Pedone;1947;M;Illeso;0;;;
3535586;4;02/11/2017 08:10:00;;VIA NOMENTANA NUOVA;in prossimità;;del civico n.;338/a;;Infortunio per sola frenata improvvisa;;;;;;;;;;0;0;0;2;;;0;1;Motociclo a solo;In marcia / fermata / arresto;Piaggio;Liberty 125;Conducente;1962;M;Illeso;0;;;
3535623;15;02/11/2017 09:50:00;Strada Urbana;VIA DELLA MAGLIANA NUOVA;in corrispondenza;;del civico n.;274;;Scontro laterale fra veicoli in marcia;Rettilineo;Una carreggiata a doppio senso;Asciutto;Asfaltata;Orizzontale;Sereno;Normale;Buona;Ore Diurne;0;0;0;4;12,45665;41,85056;0;1;Autovettura privata;In marcia / fermata / arresto;Nissan;Micra;Conducente;1984;M;Illeso;0;;Utilizzato;
3535623;15;02/11/2017 09:50:00;Strada Urbana;VIA DELLA MAGLIANA NUOVA;in corrispondenza;;del civico n.;274;;Scontro laterale fra veicoli in marcia;Rettilineo;Una carreggiata a doppio senso;Asciutto;Asfaltata;Orizzontale;Sereno;Normale;Buona;Ore Diurne;0;0;0;4;12,45665;41,85056;0;1;Autovettura privata;In marcia / fermata / arresto;Nissan;Micra;Passeggero;1931;M;Illeso;0;;Utilizzato;
3535623;15;02/11/2017 09:50:00;Strada Urbana;VIA DELLA MAGLIANA NUOVA;in corrispondenza;;del civico n.;274;;Scontro laterale fra veicoli in marcia;Rettilineo;Una carreggiata a doppio senso;Asciutto;Asfaltata;Orizzontale;Sereno;Normale;Buona;Ore Diurne;0;0;0;4;12,45665;41,85056;0;1;Autovettura privata;In marcia / fermata / arresto;Nissan;Micra;Passeggero;1935;F;Illeso;0;;Utilizzato;
3535623;15;02/11/2017 09:50:00;Strada Urbana;VIA DELLA MAGLIANA NUOVA;in corrispondenza;;del civico n.;274;;Scontro laterale fra veicoli in marcia;Rettilineo;Una carreggiata a doppio senso;Asciutto;Asfaltata;Orizzontale;Sereno;Normale;Buona;Ore Diurne;0;0;0;4;12,45665;41,85056;0;2;Autovettura privata;In marcia / fermata / arresto;Opel;Vivaro;Conducente;1988;M;Illeso;0;;;
3535628;15;02/11/2017 11:00:00;;VIA LEONARDO GREPPI;in prossimità;;del civico n.;114;;Investimento di pedone;;;;;;;;;;1;0;0;1;12,45737;41,86231;0;;;;;;Pedone;1960;M;Rimandato;0;NON DECEDUTO;;
3535628;15;02/11/2017 11:00:00;;VIA LEONARDO GREPPI;in prossimità;;del civico n.;114;;Investimento di pedone;;;;;;;;;;1;0;0;1;12,45737;41,86231;0;1;Autovettura privata;In marcia / fermata / arresto;Mercedes;A140;Conducente;1965;M;Illeso;0;;;
3535631;12;02/11/2017 17:00:00;Strada Urbana;VIALE DELLA CIVILTA' DEL LAVORO;all'intersezione semaforizzata con;VIA CRISTOFORO COLOMBO;VIA CRISTOFORO COLOMBO;;;Scontro laterale fra veicoli in marcia;Intersezione semaforizzata;Due carreggiate;Asciutto;Asfaltata;Verticale ed orizzontale;Sereno;Intenso;Buona;Ore Diurne;0;0;0;3;12,47034;41,83525;0;1;Autovettura privata;In marcia / fermata / arresto;Chevrolet;Matiz;Conducente;1984;M;Illeso;0;;Utilizzato;Inesploso
3535631;12;02/11/2017 17:00:00;Strada Urbana;VIALE DELLA CIVILTA' DEL LAVORO;all'intersezione semaforizzata con;VIA CRISTOFORO COLOMBO;VIA CRISTOFORO COLOMBO;;;Scontro laterale fra veicoli in marcia;Intersezione semaforizzata;Due carreggiate;Asciutto;Asfaltata;Verticale ed orizzontale;Sereno;Intenso;Buona;Ore Diurne;0;0;0;3;12,47034;41,83525;0;2;Autovettura privata;In marcia / fermata / arresto;Toyota;IQ;Conducente;1968;F;Illeso;0;;Utilizzato;Inesploso
3535631;12;02/11/2017 17:00:00;Strada Urbana;VIALE DELLA CIVILTA' DEL LAVORO;all'intersezione semaforizzata con;VIA CRISTOFORO COLOMBO;VIA CRISTOFORO COLOMBO;;;Scontro laterale fra veicoli in marcia;Intersezione semaforizzata;Due carreggiate;Asciutto;Asfaltata;Verticale ed orizzontale;Sereno;Intenso;Buona;Ore Diurne;0;0;0;3;12,47034;41,83525;0;2;Autovettura privata;In marcia / fermata / arresto;Toyota;IQ;Passeggero;2010;F;Illeso;0;;Utilizzato;Inesploso
3535632;15;02/11/2017 11:30:00;Strada Urbana;VIA DELLA CASETTA MATTEI;all'intersezione con;LARGO DEI DELLA BITTA;LARGO DEI DELLA BITTA;;;Scontro frontale/laterale DX fra veicoli in marcia;Incrocio;Una carreggiata a doppio senso;Asciutto;Asfaltata;Verticale ed orizzontale;Sereno;Normale;Buona;Ore Diurne;0;0;0;2;;;0;1;Motociclo a solo;In marcia / fermata / arresto;Honda;SH 150;Conducente;1940;M;Illeso;0;;Utilizzato;
3535632;15;02/11/2017 11:30:00;Strada Urbana;VIA DELLA CASETTA MATTEI;all'intersezione con;LARGO DEI DELLA BITTA;LARGO DEI DELLA BITTA;;;Scontro frontale/laterale DX fra veicoli in marcia;Incrocio;Una carreggiata a doppio senso;Asciutto;Asfaltata;Verticale ed orizzontale;Sereno;Normale;Buona;Ore Diurne;0;0;0;2;;;0;2;Autovettura privata;In marcia / fermata / arresto;Toyota;IQ;Conducente;1981;F;Illeso;0;;Utilizzato;
3535934;11;02/11/2017 11:05:00;Strada Urbana;VIA CRISTOFORO COLOMBO;all'intersezione semaforizzata con;VIA DEI GEORGOFILI;VIA DEI GEORGOFILI;;;Scontro laterale fra veicoli in marcia;Intersezione semaforizzata;Più di due carreggiate;Asciutto;Asfaltata;Verticale ed orizzontale;Sereno;Intenso;Buona;Ore Diurne;0;0;0;3;12,49092;41,85426;0;1;Autocarro inferiore 35 q.;In marcia / fermata / arresto;Fiat;Ducato;Conducente;1954;M;Illeso;0;;;
3535934;11;02/11/2017 11:05:00;Strada Urbana;VIA CRISTOFORO COLOMBO;all'intersezione semaforizzata con;VIA DEI GEORGOFILI;VIA DEI GEORGOFILI;;;Scontro laterale fra veicoli in marcia;Intersezione semaforizzata;Più di due carreggiate;Asciutto;Asfaltata;Verticale ed orizzontale;Sereno;Intenso;Buona;Ore Diurne;0;0;0;3;12,49092;41,85426;0;2;Autovettura privata;In marcia / fermata / arresto;Audi;A 3;Conducente;1974;M;Illeso;0;;;
3535934;11;02/11/2017 11:05:00;Strada Urbana;VIA CRISTOFORO COLOMBO;all'intersezione semaforizzata con;VIA DEI GEORGOFILI;VIA DEI GEORGOFILI;;;Scontro laterale fra veicoli in marcia;Intersezione semaforizzata;Più di due carreggiate;Asciutto;Asfaltata;Verticale ed orizzontale;Sereno;Intenso;Buona;Ore Diurne;0;0;0;3;12,49092;41,85426;0;2;Autovettura privata;In marcia / fermata / arresto;Audi;A 3;Passeggero;1977;F;Illeso;0;;;
3535938;11;02/11/2017 18:10:00;Strada Urbana;VIA CRISTOFORO COLOMBO;all'intersezione semaforizzata con;VIA OROPA;VIA OROPA;;;Scontro frontale/laterale DX fra veicoli in marcia;Incrocio;Più di due carreggiate;Asciutto;Asfaltata;Verticale ed orizzontale;Sereno;Normale;Buona;Sufficiente;0;0;0;2;12,48082;41,84758;-1;1;Autovettura privata;In marcia / fermata / arresto;Volkswagen;Golf;Conducente;1976;F;Illeso;0;;;
3535938;11;02/11/2017 18:10:00;Strada Urbana;VIA CRISTOFORO COLOMBO;all'intersezione semaforizzata con;VIA OROPA;VIA OROPA;;;Scontro frontale/laterale DX fra veicoli in marcia;Incrocio;Più di due carreggiate;Asciutto;Asfaltata;Verticale ed orizzontale;Sereno;Normale;Buona;Sufficiente;0;0;0;2;12,48082;41,84758;-1;2;Autovettura privata;In marcia / fermata / arresto;Nissan;Micra;Conducente;1943;F;Illeso;0;;;
3535939;7;02/11/2017 09:15:00;;VIALE ALESSANDRINO;all'intersezione con;VIA DEL PERGOLATO;VIA DEL PERGOLATO;;;Investimento di pedone;;;;;;;;;;1;0;0;2;;;0;;;;;;Pedone;1982;F;Ricoverato;0;NON DECEDUTO;;
3535939;7;02/11/2017 09:15:00;;VIALE ALESSANDRINO;all'intersezione con;VIA DEL PERGOLATO;VIA DEL PERGOLATO;;;Investimento di pedone;;;;;;;;;;1;0;0;2;;;0;1;Autovettura privata;In marcia / fermata / arresto;Ford;KA;Conducente;1981;M;Illeso;0;;;
3535939;7;02/11/2017 09:15:00;;VIALE ALESSANDRINO;all'intersezione con;VIA DEL PERGOLATO;VIA DEL PERGOLATO;;;Investimento di pedone;;;;;;;;;;1;0;0;2;;;0;1;Autovettura privata;In marcia / fermata / arresto;Ford;KA;Passeggero;2015;M;Illeso;0;;;
3535941;7;02/11/2017 09:00:00;Strada Urbana;VIA PRENESTINA;in prossimità;;del civico n.;944;;Veicolo in marcia contro veicoli in arresto;Rettilineo;Una carreggiata a doppio senso;Asciutto;Asfaltata;Orizzontale;Sereno;Normale;Buona;Ore Diurne;1;0;0;4;12,60057;41,89335;-1;1;Autovettura privata;In marcia / fermata / arresto;Renault;Scenic;Conducente;1979;M;Illeso;0;;Non accertato;Inesploso
3535941;7;02/11/2017 09:00:00;Strada Urbana;VIA PRENESTINA;in prossimità;;del civico n.;944;;Veicolo in marcia contro veicoli in arresto;Rettilineo;Una carreggiata a doppio senso;Asciutto;Asfaltata;Orizzontale;Sereno;Normale;Buona;Ore Diurne;1;0;0;4;12,60057;41,89335;-1;1;Autovettura privata;In marcia / fermata / arresto;Renault;Scenic;Passeggero;1975;M;Illeso;0;;Non accertato;Inesploso
3535941;7;02/11/2017 09:00:00;Strada Urbana;VIA PRENESTINA;in prossimità;;del civico n.;944;;Veicolo in marcia contro veicoli in arresto;Rettilineo;Una carreggiata a doppio senso;Asciutto;Asfaltata;Orizzontale;Sereno;Normale;Buona;Ore Diurne;1;0;0;4;12,60057;41,89335;-1;1;Autovettura privata;In marcia / fermata / arresto;Renault;Scenic;Passeggero;1988;M;Illeso;0;;Non accertato;Inesploso
3535941;7;02/11/2017 09:00:00;Strada Urbana;VIA PRENESTINA;in prossimità;;del civico n.;944;;Veicolo in marcia contro veicoli in arresto;Rettilineo;Una carreggiata a doppio senso;Asciutto;Asfaltata;Orizzontale;Sereno;Normale;Buona;Ore Diurne;1;0;0;4;12,60057;41,89335;-1;2;Autovettura privata;In marcia / fermata / arresto;Mercedes;CL;Conducente;1973;M;Rifiuta cure immediate;0;NON DECEDUTO;Non accertato;Inesploso
3535941;7;02/11/2017 09:00:00;Strada Urbana;VIA PRENESTINA;in prossimità;;del civico n.;944;;Veicolo in marcia contro veicoli in arresto;Rettilineo;Una carreggiata a doppio senso;Asciutto;Asfaltata;Orizzontale;Sereno;Normale;Buona;Ore Diurne;1;0;0;4;12,60057;41,89335;-1;3;Autocarro inferiore 35 q.;In marcia / fermata / arresto;Fiat;Ducato;Conducente;1998;M;Illeso;0;;Non accertato;Inesploso
3535946;7;02/11/2017 20:00:00;Strada Urbana;VIA PRENESTINA;all'intersezione con;VIA ARISTIDE STADERINI;VIA ARISTIDE STADERINI;;;Scontro frontale/laterale SX fra veicoli in marcia;Incrocio;Una carreggiata a doppio senso;Asciutto;Asfaltata;Verticale ed orizzontale;Sereno;Normale;Buona;Sufficiente;0;0;0;2;12,58711;41,89395;0;1;Autovettura privata;In marcia / fermata / arresto;Cherokee;Jeep;Conducente;1972;F;Illeso;0;;Non accertato;Inesploso
3535946;7;02/11/2017 20:00:00;Strada Urbana;VIA PRENESTINA;all'intersezione con;VIA ARISTIDE STADERINI;VIA ARISTIDE STADERINI;;;Scontro frontale/laterale SX fra veicoli in marcia;Incrocio;Una carreggiata a doppio senso;Asciutto;Asfaltata;Verticale ed orizzontale;Sereno;Normale;Buona;Sufficiente;0;0;0;2;12,58711;41,89395;0;2;Motociclo a solo;In marcia / fermata / arresto;Kimco;AGILITY;Conducente;1995;M;Illeso;0;;Non accertato;
3535950;7;02/11/2017 09:15:00;Strada Urbana;VIALE PALMIRO TOGLIATTI;all'intersezione con;PIAZZALE PINO PASCALI;PIAZZALE PINO PASCALI;;;Scontro frontale/laterale SX fra veicoli in marcia;Intersezione semaforizzata;Due carreggiate;Asciutto;Asfaltata;Verticale ed orizzontale;Sereno;Normale;Buona;Ore Diurne;1;0;0;1;12,57518;41,89487;0;1;Motociclo a solo;In marcia / fermata / arresto;Kymco;AGILITY;Conducente;1968;M;Rimandato;0;NON DECEDUTO;Non accertato;
3535950;7;02/11/2017 09:15:00;Strada Urbana;VIALE PALMIRO TOGLIATTI;all'intersezione con;PIAZZALE PINO PASCALI;PIAZZALE PINO PASCALI;;;Scontro frontale/laterale SX fra veicoli in marcia;Intersezione semaforizzata;Due carreggiate;Asciutto;Asfaltata;Verticale ed orizzontale;Sereno;Normale;Buona;Ore Diurne;1;0;0;1;12,57518;41,89487;0;2;Autovettura privata;In marcia / fermata / arresto;Renault;Clio;Conducente;1962;F;Illeso;0;;;
3535969;10;02/11/2017 18:50:00;Strada Urbana;VIA APPIA NUOVA;da specificare;;;;prossimità VIA APPIA PIGNATELLI;Tamponamento;Curva a visuale libera;Due carreggiate;Asciutto;Asfaltata;Verticale ed orizzontale;Sereno;Normale;Buona;Sufficiente;0;0;0;4;12,55142;41,83668;0;1;Autovettura privata;In marcia / fermata / arresto;Alfa Romeo;156;Conducente;1988;M;Illeso;0;;Non accertato;Inesploso
3535969;10;02/11/2017 18:50:00;Strada Urbana;VIA APPIA NUOVA;da specificare;;;;prossimità VIA APPIA PIGNATELLI;Tamponamento;Curva a visuale libera;Due carreggiate;Asciutto;Asfaltata;Verticale ed orizzontale;Sereno;Normale;Buona;Sufficiente;0;0;0;4;12,55142;41,83668;0;1;Autovettura privata;In marcia / fermata / arresto;Alfa Romeo;156;Passeggero;1993;M;Illeso;0;;Non accertato;Inesploso
3535969;10;02/11/2017 18:50:00;Strada Urbana;VIA APPIA NUOVA;da specificare;;;;prossimità VIA APPIA PIGNATELLI;Tamponamento;Curva a visuale libera;Due carreggiate;Asciutto;Asfaltata;Verticale ed orizzontale;Sereno;Normale;Buona;Sufficiente;0;0;0;4;12,55142;41,83668;0;1;Autovettura privata;In marcia / fermata / arresto;Alfa Romeo;156;Passeggero;1996;M;Illeso;0;;Non accertato;Inesploso
3535969;10;02/11/2017 18:50:00;Strada Urbana;VIA APPIA NUOVA;da specificare;;;;prossimità VIA APPIA PIGNATELLI;Tamponamento;Curva a visuale libera;Due carreggiate;Asciutto;Asfaltata;Verticale ed orizzontale;Sereno;Normale;Buona;Sufficiente;0;0;0;4;12,55142;41,83668;0;2;Autovettura privata;In marcia / fermata / arresto;Ford;Fiesta;Conducente;1968;F;Illeso;0;;Non accertato;Inesploso
3535974;10;03/11/2017 02:45:00;Strada Urbana;VIA MARIO MENGHINI;all'intersezione con;VIA ARRIGO DAVILA;VIA ARRIGO DAVILA;;;Veicolo in marcia contro veicoli in sosta;Incrocio;Una carreggiata a senso unico di marcia;Bagnato (pioggia);Asfaltata;Verticale ed orizzontale;Nuvoloso;Scarso;Buona;Sufficiente;0;0;0;1;12,52744;41,86877;0;1;Autovettura privata;In marcia / fermata / arresto;Fiat;Punto;Conducente;1996;M;Illeso;0;;Non accertato;Inesploso
3535978;11;02/11/2017 12:30:00;Strada Urbana;VIA DEI MAGAZZINI GENERALI;da specificare;;;;da civico 16 a civico 32;Veicolo in marcia contro veicoli in sosta;Rettilineo;Una carreggiata a senso unico di marcia;Asciutto;Asfaltata;Verticale ed orizzontale;Sereno;Scarso;Buona;Ore Diurne;0;0;0;1;12,47779;41,87186;0;3;Autocarro inferiore 35 q.;In marcia / fermata / arresto;Fiat Iveco;Eurocargo;Conducente;1994;M;Illeso;0;;Non accertato;
3535981;10;02/11/2017 09:08:00;;PIAZZA DEI TRIBUNI;in corrispondenza;;del civico n.;20;;Investimento di pedone;;;;;;;;;;1;0;0;1;;;0;;;;;;Pedone;1953;M;Rimandato;0;NON DECEDUTO;;
3535981;10;02/11/2017 09:08:00;;PIAZZA DEI TRIBUNI;in corrispondenza;;del civico n.;20;;Investimento di pedone;;;;;;;;;;1;0;0;1;;;0;1;Autovettura privata;In marcia / fermata / arresto;Opel;Astra;Conducente;1974;M;Illeso;0;;;
3535985;8;02/11/2017 11:20:00;;VIALE DEI ROMANISTI;all'intersezione con;VIA DI TORRE SPACCATA;VIA DI TORRE SPACCATA;;;Scontro laterale fra veicoli in marcia;;;;;;;;;;0;0;0;2;;;0;1;Autovettura privata;In marcia / fermata / arresto;Nissan;QASHQAI;Conducente;1967;M;Illeso;0;;Non accertato;Inesploso
3535985;8;02/11/2017 11:20:00;;VIALE DEI ROMANISTI;all'intersezione con;VIA DI TORRE SPACCATA;VIA DI TORRE SPACCATA;;;Scontro laterale fra veicoli in marcia;;;;;;;;;;0;0;0;2;;;0;2;Autovettura privata;In marcia / fermata / arresto;Ford;Focus;Conducente;1976;M;Illeso;0;;Non accertato;Inesploso
3535989;8;02/11/2017 12:00:00;Strada Urbana;VIA DEL FOSSO DELL'OSA;all'intersezione con;VIA CARPINONE;VIA CARPINONE;;;Scontro frontale/laterale DX fra veicoli in marcia;Incrocio;Una carreggiata a doppio senso;Asciutto;Asfaltata;Verticale ed orizzontale;Sereno;Normale;Buona;Ore Diurne;1;0;0;5;;;0;1;Autovettura privata;In marcia / fermata / arresto;Smart ;FORTWO;Conducente;1980;M;Rifiuta cure immediate;0;NON DECEDUTO;Non accertato;Inesploso
3535989;8;02/11/2017 12:00:00;Strada Urbana;VIA DEL FOSSO DELL'OSA;all'intersezione con;VIA CARPINONE;VIA CARPINONE;;;Scontro frontale/laterale DX fra veicoli in marcia;Incrocio;Una carreggiata a doppio senso;Asciutto;Asfaltata;Verticale ed orizzontale;Sereno;Normale;Buona;Ore Diurne;1;0;0;5;;;0;1;Autovettura privata;In marcia / fermata / arresto;Smart ;FORTWO;Passeggero;2016;M;Illeso;0;;Non accertato;Inesploso
3535989;8;02/11/2017 12:00:00;Strada Urbana;VIA DEL FOSSO DELL'OSA;all'intersezione con;VIA CARPINONE;VIA CARPINONE;;;Scontro frontale/laterale DX fra veicoli in marcia;Incrocio;Una carreggiata a doppio senso;Asciutto;Asfaltata;Verticale ed orizzontale;Sereno;Normale;Buona;Ore Diurne;1;0;0;5;;;0;2;Autovettura privata;In marcia / fermata / arresto;BMW;316;Conducente;1954;M;Illeso;0;;Non accertato;Inesploso
3535989;8;02/11/2017 12:00:00;Strada Urbana;VIA DEL FOSSO DELL'OSA;all'intersezione con;VIA CARPINONE;VIA CARPINONE;;;Scontro frontale/laterale DX fra veicoli in marcia;Incrocio;Una carreggiata a doppio senso;Asciutto;Asfaltata;Verticale ed orizzontale;Sereno;Normale;Buona;Ore Diurne;1;0;0;5;;;0;2;Autovettura privata;In marcia / fermata / arresto;BMW;316;Passeggero;1954;F;Illeso;0;;Non accertato;Inesploso
3535989;8;02/11/2017 12:00:00;Strada Urbana;VIA DEL FOSSO DELL'OSA;all'intersezione con;VIA CARPINONE;VIA CARPINONE;;;Scontro frontale/laterale DX fra veicoli in marcia;Incrocio;Una carreggiata a doppio senso;Asciutto;Asfaltata;Verticale ed orizzontale;Sereno;Normale;Buona;Ore Diurne;1;0;0;5;;;0;2;Autovettura privata;In marcia / fermata / arresto;BMW;316;Passeggero;1977;F;Illeso;0;;Non accertato;Inesploso
3535989;8;02/11/2017 12:00:00;Strada Urbana;VIA DEL FOSSO DELL'OSA;all'intersezione con;VIA CARPINONE;VIA CARPINONE;;;Scontro frontale/laterale DX fra veicoli in marcia;Incrocio;Una carreggiata a doppio senso;Asciutto;Asfaltata;Verticale ed orizzontale;Sereno;Normale;Buona;Ore Diurne;1;0;0;5;;;0;2;Autovettura privata;In marcia / fermata / arresto;BMW;316;Passeggero;1993;F;Illeso;0;;Non accertato;Inesploso
3535991;8;02/11/2017 12:10:00;Strada Urbana;VIA BORGHESIANA;all'intersezione con;VIA PETRALIA SOTTANA;VIA PETRALIA SOTTANA;;;Tamponamento;Incrocio;Una carreggiata a doppio senso;Asciutto;Asfaltata;Verticale;Sereno;Normale;Buona;Ore Diurne;0;0;0;2;12,67241;41,87651;0;1;Autovettura privata;In marcia / fermata / arresto;BMW;320 D;Conducente;1983;M;Illeso;0;;Non accertato;Inesploso
3535991;8;02/11/2017 12:10:00;Strada Urbana;VIA BORGHESIANA;all'intersezione con;VIA PETRALIA SOTTANA;VIA PETRALIA SOTTANA;;;Tamponamento;Incrocio;Una carreggiata a doppio senso;Asciutto;Asfaltata;Verticale;Sereno;Normale;Buona;Ore Diurne;0;0;0;2;12,67241;41,87651;0;2;Autovettura privata;In marcia / fermata / arresto;Mercedes;Sprinter;Conducente;1963;M;Illeso;0;;Non accertato;Inesploso
3535992;20;02/11/2017 17:00:00;Strada Urbana;VIA FLAMINIA;in corrispondenza;;del civico n.;666;;Tamponamento Multiplo;Rettilineo;Una carreggiata a doppio senso;Asciutto;Asfaltata;Verticale ed orizzontale;Sereno;Intenso;Buona;Ore Diurne;0;0;0;2;;;0;1;Quadriciclo leggero;In marcia / fermata / arresto;AIXAM;SV 43 AF;Conducente;2000;M;Illeso;0;;Non accertato;
3535992;20;02/11/2017 17:00:00;Strada Urbana;VIA FLAMINIA;in corrispondenza;;del civico n.;666;;Tamponamento Multiplo;Rettilineo;Una carreggiata a doppio senso;Asciutto;Asfaltata;Verticale ed orizzontale;Sereno;Intenso;Buona;Ore Diurne;0;0;0;2;;;0;2;Autovettura privata;In marcia / fermata / arresto;Fiat;500;Conducente;1978;F;Illeso;0;;Non accertato;
3535996;8;02/11/2017 12:10:00;;VIA BORGHESIANA;da specificare;;;;prossimità intersezione VIA BARUMINI;Veicolo in marcia contro ostacolo accidentale;;;;;;;;;;2;0;0;1;12,67241;41,87651;0;1;Autobus urbano;In marcia / fermata / arresto;Bredamenarinibus;AVANCITY KZ LU 3P T12;Conducente;1971;M;Illeso;0;;Non accertato;Inesploso
3535996;8;02/11/2017 12:10:00;;VIA BORGHESIANA;da specificare;;;;prossimità intersezione VIA BARUMINI;Veicolo in marcia contro ostacolo accidentale;;;;;;;;;;2;0;0;1;12,67241;41,87651;0;1;Autobus urbano;In marcia / fermata / arresto;Bredamenarinibus;AVANCITY KZ LU 3P T12;Passeggero;1965;M;Rimandato;0;NON DECEDUTO;Non accertato;Inesploso
3535996;8;02/11/2017 12:10:00;;VIA BORGHESIANA;da specificare;;;;prossimità intersezione VIA BARUMINI;Veicolo in marcia contro ostacolo accidentale;;;;;;;;;;2;0;0;1;12,67241;41,87651;0;1;Autobus urbano;In marcia / fermata / arresto;Bredamenarinibus;AVANCITY KZ LU 3P T12;Passeggero;1973;M;Rimandato;0;NON DECEDUTO;Non accertato;Inesploso
3535998;8;02/11/2017 14:10:00;Strada Urbana;VIA PRENESTINA;in prossimità;;del civico n.;1434;;Tamponamento;Rettilineo;Una carreggiata a doppio senso;Asciutto;Asfaltata;Verticale ed orizzontale;Sereno;Intenso;Buona;Ore Diurne;0;0;0;2;12,65158;41,89176;-1;1;Autovettura privata;In marcia / fermata / arresto;Daimler Chrysler;E270CDI;Conducente;1963;M;Illeso;0;;Non accertato;Inesploso
3535998;8;02/11/2017 14:10:00;Strada Urbana;VIA PRENESTINA;in prossimità;;del civico n.;1434;;Tamponamento;Rettilineo;Una carreggiata a doppio senso;Asciutto;Asfaltata;Verticale ed orizzontale;Sereno;Intenso;Buona;Ore Diurne;0;0;0;2;12,65158;41,89176;-1;2;Autovettura privata;In marcia / fermata / arresto;Ford;Galaxy;Conducente;1982;M;Illeso;0;;Non accertato;Inesploso
3536001;19;02/11/2017 19:50:00;Strada Urbana;VIA DI CASAL DEL MARMO;all'intersezione con;VIA CARUGATE;VIA CARUGATE;;;Scontro frontale/laterale DX fra veicoli in marcia;Incrocio;Una carreggiata a doppio senso;Asciutto;Asfaltata;Verticale ed orizzontale;Sereno;Normale;Buona;Sufficiente;0;0;0;2;12,39362;41,94891;-1;1;Autovettura privata;In marcia / fermata / arresto;Audi;A3;Conducente;1983;M;Illeso;0;;;
3536001;19;02/11/2017 19:50:00;Strada Urbana;VIA DI CASAL DEL MARMO;all'intersezione con;VIA CARUGATE;VIA CARUGATE;;;Scontro frontale/laterale DX fra veicoli in marcia;Incrocio;Una carreggiata a doppio senso;Asciutto;Asfaltata;Verticale ed orizzontale;Sereno;Normale;Buona;Sufficiente;0;0;0;2;12,39362;41,94891;-1;2;Motociclo a solo;In marcia / fermata / arresto;Honda;Vision;Conducente;2000;F;Illeso;0;;;
3536002;8;02/11/2017 14:15:00;Strada Urbana;VIA DI TORRE SPACCATA;all'intersezione con;VIALE DI TORRE MAURA;VIALE DI TORRE MAURA;;;Scontro frontale/laterale DX fra veicoli in marcia;Intersezione semaforizzata;Due carreggiate;Asciutto;Asfaltata;Verticale ed orizzontale;Sereno;Intenso;Buona;Ore Diurne;3;0;0;0;;;0;1;Autovettura privata;In marcia / fermata / arresto;Fiat;Punto;Conducente;1985;F;Rifiuta cure immediate;0;NON DECEDUTO;Non accertato;Inesploso
3536002;8;02/11/2017 14:15:00;Strada Urbana;VIA DI TORRE SPACCATA;all'intersezione con;VIALE DI TORRE MAURA;VIALE DI TORRE MAURA;;;Scontro frontale/laterale DX fra veicoli in marcia;Intersezione semaforizzata;Due carreggiate;Asciutto;Asfaltata;Verticale ed orizzontale;Sereno;Intenso;Buona;Ore Diurne;3;0;0;0;;;0;2;Autovettura privata;In marcia / fermata / arresto;Fiat;Seicento;Conducente;1949;M;Rifiuta cure immediate;0;NON DECEDUTO;Non accertato;Inesploso
3536002;8;02/11/2017 14:15:00;Strada Urbana;VIA DI TORRE SPACCATA;all'intersezione con;VIALE DI TORRE MAURA;VIALE DI TORRE MAURA;;;Scontro frontale/laterale DX fra veicoli in marcia;Intersezione semaforizzata;Due carreggiate;Asciutto;Asfaltata;Verticale ed orizzontale;Sereno;Intenso;Buona;Ore Diurne;3;0;0;0;;;0;2;Autovettura privata;In marcia / fermata / arresto;Fiat;Seicento;Passeggero;1983;F;Rimandato;0;NON DECEDUTO;Esente;Inesploso
3536007;8;02/11/2017 19:10:00;Strada Urbana;VIA GIARRE;all'intersezione con;VIA CASTELVETRANO;VIA CASTELVETRANO;;;Scontro laterale fra veicoli in marcia;Incrocio;Una carreggiata a senso unico di marcia;Asciutto;Asfaltata;Verticale ed orizzontale;Sereno;Scarso;Sufficiente;Sufficiente;1;0;0;1;12,67114;41,85702;-1;1;Autovettura privata;In marcia / fermata / arresto;Kia;Rio;Conducente;1996;F;Rimandato;0;NON DECEDUTO;Non accertato;Esploso