Protocollo;Gruppo;DataOraIncidente;Localizzazione1;STRADA1;Localizzazione2;STRADA2;Strada02;Chilometrica;DaSpecificare;NaturaIncidente;particolaritastrade;TipoStrada;FondoStradale;Pavimentazione;Segnaletica;CondizioneAtmosferica;Traffico;Visibilita;Illuminazione;NUM_FERITI;NUM_RISERVATA;NUM_MORTI;NUM_ILLESI;Longitudine;Latitudine;Confermato;Progressivo;TipoVeicolo;StatoVeicolo;Marca;Modello;TipoPersona;AnnoNascita;Sesso;Tipolesione;Deceduto;DecedutoDopo;CinturaCascoUtilizzato;Airbag;
3536007;8;02/11/2017 19:10:00;Strada Urbana;VIA GIARRE;all'intersezione con;VIA CASTELVETRANO;VIA CASTELVETRANO;;;Scontro laterale fra veicoli in marcia;Incrocio;Una carreggiata a senso unico di marcia;Asciutto;Asfaltata;Verticale ed orizzontale;Sereno;Scarso;Sufficiente;Sufficiente;1;0;0;1;12,67114;41,85702;-1;2;Autovettura privata;In marcia / fermata / arresto;Citroen;Saxo;Conducente;1988;M;Illeso;0;;Non accertato;Inesploso
3536010;5;02/11/2017 07:55:00;;VIA AFFILE;all'intersezione con;VIA MONTE FLAVIO;VIA MONTE FLAVIO;;;Scontro frontale/laterale DX fra veicoli in marcia;;;;;;;;;;1;0;0;1;;;0;1;Autocarro inferiore 35 q.;In marcia / fermata / arresto;Iveco;Daily 35;Conducente;0;M;Illeso;0;;;
3536010;5;02/11/2017 07:55:00;;VIA AFFILE;all'intersezione con;VIA MONTE FLAVIO;VIA MONTE FLAVIO;;;Scontro frontale/laterale DX fra veicoli in marcia;;;;;;;;;;1;0;0;1;;;0;2;Motociclo a solo;In marcia / fermata / arresto;Kymco;People;Conducente;0;M;Rimandato;0;NON DECEDUTO;;
3536024;13;02/11/2017 14:15:00;;LUNGOMARE PAOLO TOSCANELLI;in corrispondenza;;del civico n.;96;;Tamponamento Multiplo;;;;;;;;;;0;0;0;3;;;0;1;Autovettura privata;In marcia / fermata / arresto;Audi;A4;Conducente;0;M;Illeso;0;;;
3536024;13;02/11/2017 14:15:00;;LUNGOMARE PAOLO TOSCANELLI;in corrispondenza;;del civico n.;96;;Tamponamento Multiplo;;;;;;;;;;0;0;0;3;;;0;2;Autovettura privata;In marcia / fermata / arresto;Toyota;Yaris;Conducente;1997;M;Illeso;0;;Non accertato;
3536024;13;02/11/2017 14:15:00;;LUNGOMARE PAOLO TOSCANELLI;in corrispondenza;;del civico n.;96;;Tamponamento Multiplo;;;;;;;;;;0;0;0;3;;;0;2;Autovettura privata;In marcia / fermata / arresto;Toyota;Yaris;Passeggero;1999;M;Illeso;0;;Non accertato;
3536026;5;02/11/2017 09:20:00;;VIA ATTILIO BENIGNI;in prossimità;;del civico n.;83;;Scontro laterale fra veicoli in marcia;;;;;;;;;;1;0;0;1;;;0;1;Autovettura privata;In marcia / fermata / arresto;Lancia;Musa;Conducente;0;F;Illeso;0;;;
3536026;5;02/11/2017 09:20:00;;VIA ATTILIO BENIGNI;in prossimità;;del civico n.;83;;Scontro laterale fra veicoli in marcia;;;;;;;;;;1;0;0;1;;;0;2;Velocipede;In marcia / fermata / arresto;Trek 7000;(ignoto);Conducente;0;M;Rimandato;0;NON DECEDUTO;Esente;
3536032;4;02/11/2017 12:30:00;;VIA ARTURO GRAF;in prossimità;;del civico n.;fc 55;;Scontro laterale fra veicoli in marcia;;;;;;;;;;0;0;0;3;;;0;1;Autovettura privata;In marcia / fermata / arresto;Citroen;C2;Conducente;1937;M;Illeso;0;;;
3536032;4;02/11/2017 12:30:00;;VIA ARTURO GRAF;in prossimità;;del civico n.;fc 55;;Scontro laterale fra veicoli in marcia;;;;;;;;;;0;0;0;3;;;0;2;Autovettura privata;In marcia / fermata / arresto;Mercedes;Classe A;Conducente;1961;M;Illeso;0;;;
3536032;4;02/11/2017 12:30:00;;VIA ARTURO GRAF;in prossimità;;del civico n.;fc 55;;Scontro laterale fra veicoli in marcia;;;;;;;;;;0;0;0;3;;;0;2;Autovettura privata;In marcia / fermata / arresto;Mercedes;Classe A;Passeggero;1968;F;Illeso;0;;;
3536036;20;02/11/2017 08:55:00;Strada Urbana;VIA BELLAGIO;all'intersezione con;VIA RUBRA;VIA RUBRA;;;Veicolo in marcia contro veicolo in sosta;Incrocio;Una carreggiata a doppio senso;Asciutto;Asfaltata;Verticale ed orizzontale;Sereno;Normale;Buona;Ore Diurne;0;0;0;1;12,49328;41,99066;-1;1;Autocarro inferiore 35 q.;In marcia / fermata / arresto;Mercedes;Vito;Conducente;1971;M;Illeso;0;;Non accertato;
3536049;11;02/11/2017 10:15:00;Strada Urbana;VIA RENATO CESARINI;all'intersezione con;VIA GIUSEPPE GREZAR;VIA GIUSEPPE GREZAR;;;Scontro frontale/laterale SX fra veicoli in marcia;Incrocio;Una carreggiata a doppio senso;Asciutto;Asfaltata;Verticale ed orizzontale;Sereno;Scarso;Buona;Ore Diurne;1;0;0;1;12,4959;41,83564;-1;1;Autovettura privata;In marcia / fermata / arresto;Mazda;5;Conducente;1939;M;Illeso;0;;Non accertato;
3536049;11;02/11/2017 10:15:00;Strada Urbana;VIA RENATO CESARINI;all'intersezione con;VIA GIUSEPPE GREZAR;VIA GIUSEPPE GREZAR;;;Scontro frontale/laterale SX fra veicoli in marcia;Incrocio;Una carreggiata a doppio senso;Asciutto;Asfaltata;Verticale ed orizzontale;Sereno;Scarso;Buona;Ore Diurne;1;0;0;1;12,4959;41,83564;-1;2;Autovettura privata;In marcia / fermata / arresto;Renault;Twingo;Conducente;1993;F;Rifiuta cure immediate;0;NON DECEDUTO;Non accertato;
3536059;5;02/11/2017 11:45:00;Strada Urbana;VIA ALFONSO TORELLI;all'intersezione con;VIA DI PORTONACCIO;VIA DI PORTONACCIO;;;Scontro frontale/laterale SX fra veicoli in marcia;Incrocio;Una carreggiata a senso unico di marcia;Asciutto;Asfaltata;Verticale ed orizzontale;Sereno;Normale;Buona;Ore Diurne;0;0;0;2;;;0;1;Autovettura privata;In marcia / fermata / arresto;Mercedes;B180;Conducente;1960;M;Illeso;0;;Non accertato;Inesploso
3536059;5;02/11/2017 11:45:00;Strada Urbana;VIA ALFONSO TORELLI;all'intersezione con;VIA DI PORTONACCIO;VIA DI PORTONACCIO;;;Scontro frontale/laterale SX fra veicoli in marcia;Incrocio;Una carreggiata a senso unico di marcia;Asciutto;Asfaltata;Verticale ed orizzontale;Sereno;Normale;Buona;Ore Diurne;0;0;0;2;;;0;2;Autovettura privata;In marcia / fermata / arresto;Ford;KA;Conducente;1935;M;Illeso;0;;Non accertato;Inesploso
3536062;11;02/11/2017 22:25:00;Strada Urbana;CIRCONVALLAZIONE OSTIENSE;all'intersezione con;VIA MANFREDO CAMPERIO;VIA MANFREDO CAMPERIO;;;Scontro frontale/laterale DX fra veicoli in marcia;Intersezione non regolata/non segnalata;Due carreggiate;Asciutto;Asfaltata;Verticale ed orizzontale;Nuvoloso;Normale;Buona;Sufficiente;1;0;0;1;12,49038;41,86739;0;1;Autovettura privata;In marcia / fermata / arresto;Hyundai;i10;Conducente;1981;F;Illeso;0;;Non accertato;
3536062;11;02/11/2017 22:25:00;Strada Urbana;CIRCONVALLAZIONE OSTIENSE;all'intersezione con;VIA MANFREDO CAMPERIO;VIA MANFREDO CAMPERIO;;;Scontro frontale/laterale DX fra veicoli in marcia;Intersezione non regolata/non segnalata;Due carreggiate;Asciutto;Asfaltata;Verticale ed orizzontale;Nuvoloso;Normale;Buona;Sufficiente;1;0;0;1;12,49038;41,86739;0;2;Autovettura privata;In marcia / fermata / arresto;Fiat;600;Conducente;1987;M;Rimandato;0;NON DECEDUTO;;
3536075;5;02/11/2017 11:35:00;;VIALE DELLA SERENISSIMA;da specificare;;;;DIR. VIA PRENESTINA PROSSIMITA' A24;Scontro laterale fra veicoli in marcia;;;;;;;;;;1;0;0;1;;;0;1;Autovettura privata;In marcia / fermata / arresto;Ford;C Max;Conducente;0;F;Illeso;0;;;
3536075;5;02/11/2017 11:35:00;;VIALE DELLA SERENISSIMA;da specificare;;;;DIR. VIA PRENESTINA PROSSIMITA' A24;Scontro laterale fra veicoli in marcia;;;;;;;;;;1;0;0;1;;;0;2;Motociclo a solo;In marcia / fermata / arresto;Yamaha;X - MAX;Conducente;0;M;Rimandato;0;NON DECEDUTO;;
3536088;5;02/11/2017 13:00:00;;VIA GIUSEPPE ARIMONDI;da specificare;;;;altezza civico 23;Veicolo in marcia contro veicolo fermo;;;;;;;;;;0;0;0;2;;;0;1;Autovettura privata;In marcia / fermata / arresto;Hyundai;i 10;Conducente;0;F;Illeso;0;;;
3536088;5;02/11/2017 13:00:00;;VIA GIUSEPPE ARIMONDI;da specificare;;;;altezza civico 23;Veicolo in marcia contro veicolo fermo;;;;;;;;;;0;0;0;2;;;0;2;Autovettura privata;In marcia / fermata / arresto;Toyota;Aygo;Conducente;0;F;Illeso;0;;;
3536096;5;02/11/2017 15:20:00;;VIA BONAGIUNTA ORBICCIANI DA LUCCA;all'intersezione con;VIA BELMONTE IN SABINA;VIA BELMONTE IN SABINA;;;Scontro frontale/laterale DX fra veicoli in marcia;;;;;;;;;;0;0;0;2;;;0;1;Autovettura privata;In marcia / fermata / arresto;Renault;Clio;Conducente;0;F;Illeso;0;;;
3536096;5;02/11/2017 15:20:00;;VIA BONAGIUNTA ORBICCIANI DA LUCCA;all'intersezione con;VIA BELMONTE IN SABINA;VIA BELMONTE IN SABINA;;;Scontro frontale/laterale DX fra veicoli in marcia;;;;;;;;;;0;0;0;2;;;0;2;Ciclomotore;In marcia / fermata / arresto;Piaggio;Scarabeo;Conducente;0;M;Illeso;0;;;
3536102;4;02/11/2017 12:30:00;Strada Urbana;VIA DELLA BUFALOTTA;in prossimità;;del civico n.;fc 296;;Scontro laterale fra veicoli in marcia;Rettilineo;Una carreggiata a doppio senso;Asciutto;Asfaltata;Verticale ed orizzontale;Sereno;Normale;Buona;Ore Diurne;0;0;0;3;12,49637;41,90278;0;1;Autovettura privata;In marcia / fermata / arresto;Volkswagen;UP;Conducente;1991;M;Illeso;0;;;
3536102;4;02/11/2017 12:30:00;Strada Urbana;VIA DELLA BUFALOTTA;in prossimità;;del civico n.;fc 296;;Scontro laterale fra veicoli in marcia;Rettilineo;Una carreggiata a doppio senso;Asciutto;Asfaltata;Verticale ed orizzontale;Sereno;Normale;Buona;Ore Diurne;0;0;0;3;12,49637;41,90278;0;1;Autovettura privata;In marcia / fermata / arresto;Volkswagen;UP;Passeggero;1988;M;Illeso;0;;Non accertato;
3536102;4;02/11/2017 12:30:00;Strada Urbana;VIA DELLA BUFALOTTA;in prossimità;;del civico n.;fc 296;;Scontro laterale fra veicoli in marcia;Rettilineo;Una carreggiata a doppio senso;Asciutto;Asfaltata;Verticale ed orizzontale;Sereno;Normale;Buona;Ore Diurne;0;0;0;3;12,49637;41,90278;0;2;Autovettura privata;In marcia / fermata / arresto;Ford;Fiesta;Conducente;1953;F;Illeso;0;;;
3536110;5;02/11/2017 17:15:00;Strada Urbana;VIA TIBURTINA;all'intersezione con;VIA DI MARCO SIMONE;VIA DI MARCO SIMONE;;;Scontro frontale/laterale DX fra veicoli in marcia;Incrocio;Una carreggiata a doppio senso;Asciutto;Asfaltata;Verticale ed orizzontale;Sereno;Normale;Sufficiente;Ore Diurne;0;0;0;3;;;0;1;Autocarro inferiore 35 q.;In marcia / fermata / arresto;Fiat;Iveco 35;Conducente;1974;M;Illeso;0;;Non accertato;
3536110;5;02/11/2017 17:15:00;Strada Urbana;VIA TIBURTINA;all'intersezione con;VIA DI MARCO SIMONE;VIA DI MARCO SIMONE;;;Scontro frontale/laterale DX fra veicoli in marcia;Incrocio;Una carreggiata a doppio senso;Asciutto;Asfaltata;Verticale ed orizzontale;Sereno;Normale;Sufficiente;Ore Diurne;0;0;0;3;;;0;1;Autocarro inferiore 35 q.;In marcia / fermata / arresto;Fiat;Iveco 35;Passeggero;1971;M;Illeso;0;;Non accertato;
3536110;5;02/11/2017 17:15:00;Strada Urbana;VIA TIBURTINA;all'intersezione con;VIA DI MARCO SIMONE;VIA DI MARCO SIMONE;;;Scontro frontale/laterale DX fra veicoli in marcia;Incrocio;Una carreggiata a doppio senso;Asciutto;Asfaltata;Verticale ed orizzontale;Sereno;Normale;Sufficiente;Ore Diurne;0;0;0;3;;;0;1;Autocarro inferiore 35 q.;In marcia / fermata / arresto;Fiat;Iveco 35;Passeggero;1972;M;Illeso;0;;Non accertato;Inesploso
3536142;4;02/11/2017 15:15:00;;VIA CAMERATA PICENA;in prossimità;;del civico n.;267;;Scontro frontale fra veicoli in marcia;;;;;;;;;;1;0;0;4;12,51459;41,98705;0;1;Autovettura privata;In marcia / fermata / arresto;Ford;Fiesta;Conducente;1962;F;Illeso;0;;Non accertato;Inesploso
3536142;4;02/11/2017 15:15:00;;VIA CAMERATA PICENA;in prossimità;;del civico n.;267;;Scontro frontale fra veicoli in marcia;;;;;;;;;;1;0;0;4;12,51459;41,98705;0;2;Autovettura privata;In marcia / fermata / arresto;Peugeot;206;Conducente;1973;M;Illeso;0;;Non accertato;Esploso
3536142;4;02/11/2017 15:15:00;;VIA CAMERATA PICENA;in prossimità;;del civico n.;267;;Scontro frontale fra veicoli in marcia;;;;;;;;;;1;0;0;4;12,51459;41,98705;0;3;Autovettura privata;In marcia / fermata / arresto;Alfa Romeo;147;Conducente;1989;M;Illeso;0;;Non accertato;Inesploso
3536142;4;02/11/2017 15:15:00;;VIA CAMERATA PICENA;in prossimità;;del civico n.;267;;Scontro frontale fra veicoli in marcia;;;;;;;;;;1;0;0;4;12,51459;41,98705;0;3;Autovettura privata;In marcia / fermata / arresto;Alfa Romeo;147;Passeggero;1960;F;Rifiuta cure immediate;0;NON DECEDUTO;Non accertato;Inesploso
3536142;4;02/11/2017 15:15:00;;VIA CAMERATA PICENA;in prossimità;;del civico n.;267;;Scontro frontale fra veicoli in marcia;;;;;;;;;;1;0;0;4;12,51459;41,98705;0;3;Autovettura privata;In marcia / fermata / arresto;Alfa Romeo;147;Passeggero;1988;F;Illeso;0;;Non accertato;Inesploso
3536149;17;02/11/2017 07:45:00;Strada Urbana;VIA ANGELO EMO;in prossimità;;del palo luce n.;37;;Tamponamento;Rettilineo;Due carreggiate;Asciutto;Asfaltata;Verticale ed orizzontale;Sereno;Normale;Buona;Ore Diurne;1;0;0;2;12,44323;41,9031;0;1;Autovettura privata;In marcia / fermata / arresto;Volkswagen;Golf;Conducente;1964;M;Illeso;0;;;
3536149;17;02/11/2017 07:45:00;Strada Urbana;VIA ANGELO EMO;in prossimità;;del palo luce n.;37;;Tamponamento;Rettilineo;Due carreggiate;Asciutto;Asfaltata;Verticale ed orizzontale;Sereno;Normale;Buona;Ore Diurne;1;0;0;2;12,44323;41,9031;0;1;Autovettura privata;In marcia / fermata / arresto;Volkswagen;Golf;Passeggero;2000;F;Illeso;0;;;
3536149;17;02/11/2017 07:45:00;Strada Urbana;VIA ANGELO EMO;in prossimità;;del palo luce n.;37;;Tamponamento;Rettilineo;Due carreggiate;Asciutto;Asfaltata;Verticale ed orizzontale;Sereno;Normale;Buona;Ore Diurne;1;0;0;2;12,44323;41,9031;0;2;Motociclo a solo;In marcia / fermata / arresto;Honda;@ 150;Conducente;1967;M;Ricoverato;0;NON DECEDUTO;;
3536174;15;03/11/2017 08:25:00;Strada Urbana;VIA DELLA MAGLIANA;da specificare;;;;fronte civico 263/H;Scontro frontale/laterale SX fra veicoli in marcia;Rettilineo;Una carreggiata a doppio senso;Bagnato (pioggia);Asfaltata;Orizzontale;Pioggia in atto;Normale;Buona;Ore Diurne;1;0;0;2;;;0;1;Autovettura privata;In marcia / fermata / arresto;Fiat;Punto;Conducente;1957;M;Illeso;0;;Non accertato;Inesploso
3536174;15;03/11/2017 08:25:00;Strada Urbana;VIA DELLA MAGLIANA;da specificare;;;;fronte civico 263/H;Scontro frontale/laterale SX fra veicoli in marcia;Rettilineo;Una carreggiata a doppio senso;Bagnato (pioggia);Asfaltata;Orizzontale;Pioggia in atto;Normale;Buona;Ore Diurne;1;0;0;2;;;0;2;Motociclo a solo;In marcia / fermata / arresto;Kimco;AGILITY;Conducente;1994;M;Rimandato;0;NON DECEDUTO;Non accertato;
3536174;15;03/11/2017 08:25:00;Strada Urbana;VIA DELLA MAGLIANA;da specificare;;;;fronte civico 263/H;Scontro frontale/laterale SX fra veicoli in marcia;Rettilineo;Una carreggiata a doppio senso;Bagnato (pioggia);Asfaltata;Orizzontale;Pioggia in atto;Normale;Buona;Ore Diurne;1;0;0;2;;;0;3;Autovettura privata;In marcia / fermata / arresto;Nissan;Juke;Conducente;1970;M;Illeso;0;;Non accertato;Inesploso
3536185;13;02/11/2017 08:20:00;Provinciale;VIA DEL MARE;in corrispondenza;;della chilometrica;10.6;;Veicolo in marcia contro veicoli fermi;Rettilineo;Una carreggiata a doppio senso;Asciutto;Asfaltata;Verticale ed orizzontale;Sereno;Intenso;Buona;Ore Diurne;0;0;0;3;12,43319;41,81741;0;1;Autovettura privata;In marcia / fermata / arresto;Mercedes;Classe A;Conducente;1995;M;Illeso;0;;;
3536185;13;02/11/2017 08:20:00;Provinciale;VIA DEL MARE;in corrispondenza;;della chilometrica;10.6;;Veicolo in marcia contro veicoli fermi;Rettilineo;Una carreggiata a doppio senso;Asciutto;Asfaltata;Verticale ed orizzontale;Sereno;Intenso;Buona;Ore Diurne;0;0;0;3;12,43319;41,81741;0;2;Autovettura privata;In marcia / fermata / arresto;Ford;Fiesta;Conducente;1969;M;Illeso;0;;;
3536185;13;02/11/2017 08:20:00;Provinciale;VIA DEL MARE;in corrispondenza;;della chilometrica;10.6;;Veicolo in marcia contro veicoli fermi;Rettilineo;Una carreggiata a doppio senso;Asciutto;Asfaltata;Verticale ed orizzontale;Sereno;Intenso;Buona;Ore Diurne;0;0;0;3;12,43319;41,81741;0;3;Autovettura privata;In marcia / fermata / arresto;Opel;Astra;Conducente;1964;M;Illeso;0;;;
3536193;17;02/11/2017 13:30:00;;VIA DEL MASCHERINO;all'intersezione con;BORGO ANGELICO;BORGO ANGELICO;;;Scontro frontale/laterale SX fra veicoli in marcia;;;;;;;;;;0;0;0;4;;;0;1;Autovettura privata;In marcia / fermata / arresto;Chrysler;(non accertato);Conducente;1931;M;Illeso;0;;Non accertato;Inesploso
3536193;17;02/11/2017 13:30:00;;VIA DEL MASCHERINO;all'intersezione con;BORGO ANGELICO;BORGO ANGELICO;;;Scontro frontale/laterale SX fra veicoli in marcia;;;;;;;;;;0;0;0;4;;;0;1;Autovettura privata;In marcia / fermata / arresto;Chrysler;(non accertato);Passeggero;1935;F;Illeso;0;;Non accertato;Inesploso
3536193;17;02/11/2017 13:30:00;;VIA DEL MASCHERINO;all'intersezione con;BORGO ANGELICO;BORGO ANGELICO;;;Scontro frontale/laterale SX fra veicoli in marcia;;;;;;;;;;0;0;0;4;;;0;2;Motociclo a solo;In marcia / fermata / arresto;BMW;K1300 R;Conducente;1961;M;Illeso;0;;Non accertato;
3536193;17;02/11/2017 13:30:00;;VIA DEL MASCHERINO;all'intersezione con;BORGO ANGELICO;BORGO ANGELICO;;;Scontro frontale/laterale SX fra veicoli in marcia;;;;;;;;;;0;0;0;4;;;0;2;Motociclo a solo;In marcia / fermata / arresto;BMW;K1300 R;Passeggero;1959;F;Illeso;0;;Non accertato;
3536206;13;03/11/2017 08:55:00;Strada Urbana;LUNGOMARE AMERIGO VESPUCCI;da specificare;;;;altezza civ. 6b;Scontro frontale/laterale SX fra veicoli in marcia;Rettilineo;Due carreggiate;Asciutto;Asfaltata;Verticale ed orizzontale;Nuvoloso;Normale;Buona;Ore Diurne;0;0;0;2;12,33397;41,70723;0;1;Autovettura privata;In marcia / fermata / arresto;Fiat;Nuova Panda;Conducente;1995;F;Illeso;0;;Non accertato;Inesploso
3536206;13;03/11/2017 08:55:00;Strada Urbana;LUNGOMARE AMERIGO VESPUCCI;da specificare;;;;altezza civ. 6b;Scontro frontale/laterale SX fra veicoli in marcia;Rettilineo;Due carreggiate;Asciutto;Asfaltata;Verticale ed orizzontale;Nuvoloso;Normale;Buona;Ore Diurne;0;0;0;2;12,33397;41,70723;0;2;Autovettura privata;In marcia / fermata / arresto;Alfa Romeo;147;Conducente;1978;M;Illeso;0;;Non accertato;Inesploso
3536217;16;02/11/2017 08:40:00;;VIA EDOARDO JENNER;in corrispondenza;;del civico n.;96;;Scontro laterale fra veicoli in marcia;;;;;;;;;;0;0;0;2;;;0;1;Autocarro inferiore 35 q.;In marcia / fermata / arresto;Fiat;Fiorino;Conducente;1982;M;Illeso;0;;;
3536217;16;02/11/2017 08:40:00;;VIA EDOARDO JENNER;in corrispondenza;;del civico n.;96;;Scontro laterale fra veicoli in marcia;;;;;;;;;;0;0;0;2;;;0;2;Autovettura privata;In marcia / fermata / arresto;Citroen;Picasso;Conducente;1959;;Illeso;0;;;
3536234;4;02/11/2017 17:45:00;;VIA SALARIA;all'intersezione con;VIA DI VALLE RICCA;VIA DI VALLE RICCA;;;Scontro frontale/laterale DX fra veicoli in marcia;;;;;;;;;;0;0;0;3;12,51724;41,98601;0;1;Autovettura privata;In marcia / fermata / arresto;Fiat;Doblò;Conducente;1978;M;Illeso;0;;;
3536234;4;02/11/2017 17:45:00;;VIA SALARIA;all'intersezione con;VIA DI VALLE RICCA;VIA DI VALLE RICCA;;;Scontro frontale/laterale DX fra veicoli in marcia;;;;;;;;;;0;0;0;3;12,51724;41,98601;0;1;Autovettura privata;In marcia / fermata / arresto;Fiat;Doblò;Passeggero;0;F;Illeso;0;;;
3536234;4;02/11/2017 17:45:00;;VIA SALARIA;all'intersezione con;VIA DI VALLE RICCA;VIA DI VALLE RICCA;;;Scontro frontale/laterale DX fra veicoli in marcia;;;;;;;;;;0;0;0;3;12,51724;41,98601;0;2;Autovettura privata;In marcia / fermata / arresto;Fiat;Panda;Conducente;1982;M;Illeso;0;;;
3536243;19;03/11/2017 09:15:00;Strada Urbana;VIALE MONFORTANI;in corrispondenza;;del civico n.;37;;Tamponamento;Rettilineo;Una carreggiata a doppio senso;Bagnato (pioggia);Asfaltata;Orizzontale;Pioggia in atto;Normale;Buona;Ore Diurne;1;0;0;2;12,42442;41,93711;-1;1;Autovettura privata;In marcia / fermata / arresto;Mercedes;Smart For Two;Conducente;1988;M;Illeso;0;;Non accertato;Inesploso
3536243;19;03/11/2017 09:15:00;Strada Urbana;VIALE MONFORTANI;in corrispondenza;;del civico n.;37;;Tamponamento;Rettilineo;Una carreggiata a doppio senso;Bagnato (pioggia);Asfaltata;Orizzontale;Pioggia in atto;Normale;Buona;Ore Diurne;1;0;0;2;12,42442;41,93711;-1;1;Autovettura privata;In marcia / fermata / arresto;Mercedes;Smart For Two;Passeggero;1991;F;Rifiuta cure immediate;0;NON DECEDUTO;Non accertato;Inesploso
3536243;19;03/11/2017 09:15:00;Strada Urbana;VIALE MONFORTANI;in corrispondenza;;del civico n.;37;;Tamponamento;Rettilineo;Una carreggiata a doppio senso;Bagnato (pioggia);Asfaltata;Orizzontale;Pioggia in atto;Normale;Buona;Ore Diurne;1;0;0;2;12,42442;41,93711;-1;2;Autovettura privata;In marcia / fermata / arresto;Fiat;Panda;Conducente;1993;M;Illeso;0;;Non accertato;Inesploso
3536254;12;02/11/2017 08:15:00;Regionale;VIA LAURENTINA;in corrispondenza;;del civico n.;1541;;Scontro frontale/laterale SX fra veicoli in marcia;Curva a visuale libera;Una carreggiata a doppio senso;Asciutto;Asfaltata;Orizzontale;Sereno;Normale;Buona;Ore Diurne;0;0;0;3;12,5015;41,74864;-1;1;Autocarro inferiore 35 q.;In marcia / fermata / arresto;Hyundai;H1;Conducente;1962;M;Illeso;0;;;
3536254;12;02/11/2017 08:15:00;Regionale;VIA LAURENTINA;in corrispondenza;;del civico n.;1541;;Scontro frontale/laterale SX fra veicoli in marcia;Curva a visuale libera;Una carreggiata a doppio senso;Asciutto;Asfaltata;Orizzontale;Sereno;Normale;Buona;Ore Diurne;0;0;0;3;12,5015;41,74864;-1;1;Autocarro inferiore 35 q.;In marcia / fermata / arresto;Hyundai;H1;Passeggero;1963;F;Illeso;0;;;
3536254;12;02/11/2017 08:15:00;Regionale;VIA LAURENTINA;in corrispondenza;;del civico n.;1541;;Scontro frontale/laterale SX fra veicoli in marcia;Curva a visuale libera;Una carreggiata a doppio senso;Asciutto;Asfaltata;Orizzontale;Sereno;Normale;Buona;Ore Diurne;0;0;0;3;12,5015;41,74864;-1;2;Autovettura privata;In marcia / fermata / arresto;Mercedes;B180;Conducente;1970;M;Illeso;0;;;
3536280;13;02/11/2017 16:00:00;Strada Urbana;VIA DEI PESCATORI;da specificare;;;;altezza via Strobel;Veicolo in marcia contro ostacolo accidentale;Rettilineo;Una carreggiata a senso unico di marcia;Asciutto;Asfaltata;Verticale;Sereno;Normale;Buona;Ore Diurne;0;0;0;1;12,33443;41,75221;0;1;Autovettura privata;In marcia / fermata / arresto;BMW;120 D;Conducente;1958;M;Illeso;0;;Non accertato;
3536296;12;03/11/2017 08:10:00;Strada Urbana;VIALE DON PASQUINO BORGHI;all'intersezione con;VIALE BEATA VERGINE DEL CARMELO;VIALE BEATA VERGINE DEL CARMELO;;;Investimento di pedone;Incrocio;Due carreggiate;Bagnato (pioggia);Asfaltata;Verticale ed orizzontale;Nuvoloso;Normale;Buona;Ore Diurne;2;0;0;1;12,44604;41,80903;0;;;;;;Pedone;1968;M;Rimandato;0;NON DECEDUTO;;
3536296;12;03/11/2017 08:10:00;Strada Urbana;VIALE DON PASQUINO BORGHI;all'intersezione con;VIALE BEATA VERGINE DEL CARMELO;VIALE BEATA VERGINE DEL CARMELO;;;Investimento di pedone;Incrocio;Due carreggiate;Bagnato (pioggia);Asfaltata;Verticale ed orizzontale;Nuvoloso;Normale;Buona;Ore Diurne;2;0;0;1;12,44604;41,80903;0;;;;;;Pedone;2011;M;Rimandato;0;NON DECEDUTO;;
3536296;12;03/11/2017 08:10:00;Strada Urbana;VIALE DON PASQUINO BORGHI;all'intersezione con;VIALE BEATA VERGINE DEL CARMELO;VIALE BEATA VERGINE DEL CARMELO;;;Investimento di pedone;Incrocio;Due carreggiate;Bagnato (pioggia);Asfaltata;Verticale ed orizzontale;Nuvoloso;Normale;Buona;Ore Diurne;2;0;0;1;12,44604;41,80903;0;1;Autovettura privata;In marcia / fermata / arresto;Citroen;C 4;Conducente;1977;M;Illeso;0;;Utilizzato;Inesploso
3536321;17;02/11/2017 11:00:00;Strada Urbana;VIA LUIGI RIZZO;in corrispondenza;;del civico n.;16;;Scontro laterale fra veicoli in marcia;Rettilineo;Una carreggiata a senso unico di marcia;Asciutto;Asfaltata;Verticale ed orizzontale;Sereno;Scarso;Buona;Ore Diurne;0;0;0;2;;;0;1;Autovettura privata;In marcia / fermata / arresto;Kia;Picanto;Conducente;1938;M;Illeso;0;;Non accertato;Inesploso
3536321;17;02/11/2017 11:00:00;Strada Urbana;VIA LUIGI RIZZO;in corrispondenza;;del civico n.;16;;Scontro laterale fra veicoli in marcia;Rettilineo;Una carreggiata a senso unico di marcia;Asciutto;Asfaltata;Verticale ed orizzontale;Sereno;Scarso;Buona;Ore Diurne;0;0;0;2;;;0;2;Autovettura privata;In marcia / fermata / arresto;Daimler;Smart;Conducente;1956;M;Illeso;0;;Non accertato;Inesploso
3536338;2;03/11/2017 04:00:00;;VIALE DI TOR DI QUINTO;in prossimità;;del civico n.;858;;Veicolo in marcia contro ostacolo fisso;;;;;;;;;;0;0;0;1;;;0;1;Autovettura privata;In marcia / fermata / arresto;Toyota;Rav 4;Conducente;1951;M;Illeso;0;;;