Protocollo;Gruppo;DataOraIncidente;Localizzazione1;STRADA1;Localizzazione2;STRADA2;Strada02;Chilometrica;DaSpecificare;NaturaIncidente;particolaritastrade;TipoStrada;FondoStradale;Pavimentazione;Segnaletica;CondizioneAtmosferica;Traffico;Visibilita;Illuminazione;NUM_FERITI;NUM_RISERVATA;NUM_MORTI;NUM_ILLESI;Longitudine;Latitudine;Confermato;Progressivo;TipoVeicolo;StatoVeicolo;Marca;Modello;TipoPersona;AnnoNascita;Sesso;Tipolesione;Deceduto;DecedutoDopo;CinturaCascoUtilizzato;Airbag;
3536339;4;02/11/2017 19:45:00;Strada Urbana;VIA NOMENTANA NUOVA;da specificare;;;;prossimità dell'intersezione con via Val d'Ossola;Tamponamento;Rettilineo;Una carreggiata a doppio senso;Asciutto;Asfaltata;Verticale ed orizzontale;Sereno;Intenso;Buona;Sufficiente;1;0;0;2;12,5307;41,93401;0;1;Autovettura privata;In marcia / fermata / arresto;Renault;Clio;Conducente;1989;M;Illeso;0;;;
3536339;4;02/11/2017 19:45:00;Strada Urbana;VIA NOMENTANA NUOVA;da specificare;;;;prossimità dell'intersezione con via Val d'Ossola;Tamponamento;Rettilineo;Una carreggiata a doppio senso;Asciutto;Asfaltata;Verticale ed orizzontale;Sereno;Intenso;Buona;Sufficiente;1;0;0;2;12,5307;41,93401;0;1;Autovettura privata;In marcia / fermata / arresto;Renault;Clio;Passeggero;2015;M;Illeso;0;;;
3536339;4;02/11/2017 19:45:00;Strada Urbana;VIA NOMENTANA NUOVA;da specificare;;;;prossimità dell'intersezione con via Val d'Ossola;Tamponamento;Rettilineo;Una carreggiata a doppio senso;Asciutto;Asfaltata;Verticale ed orizzontale;Sereno;Intenso;Buona;Sufficiente;1;0;0;2;12,5307;41,93401;0;2;Autovettura privata;In marcia / fermata / arresto;Renault;Clio;Conducente;1951;F;Rimandato;0;NON DECEDUTO;;
3536361;16;02/11/2017 14:55:00;Strada Urbana;VIA CARDINAL PACCA;in corrispondenza;;del civico n.;24;;Tamponamento Multiplo;Rettilineo;Una carreggiata a senso unico di marcia;Asciutto;Asfaltata;Verticale;Sereno;Normale;Buona;Ore Diurne;0;0;0;3;12,43052;41,89188;0;1;Autovettura privata;In marcia / fermata / arresto;Volkswagen;Golf;Conducente;1988;M;Illeso;0;;Non accertato;
3536361;16;02/11/2017 14:55:00;Strada Urbana;VIA CARDINAL PACCA;in corrispondenza;;del civico n.;24;;Tamponamento Multiplo;Rettilineo;Una carreggiata a senso unico di marcia;Asciutto;Asfaltata;Verticale;Sereno;Normale;Buona;Ore Diurne;0;0;0;3;12,43052;41,89188;0;2;Autovettura privata;In marcia / fermata / arresto;BMW;118 D;Conducente;1959;M;Illeso;0;;Non accertato;
3536361;16;02/11/2017 14:55:00;Strada Urbana;VIA CARDINAL PACCA;in corrispondenza;;del civico n.;24;;Tamponamento Multiplo;Rettilineo;Una carreggiata a senso unico di marcia;Asciutto;Asfaltata;Verticale;Sereno;Normale;Buona;Ore Diurne;0;0;0;3;12,43052;41,89188;0;3;Autovettura privata;In marcia / fermata / arresto;Mercedes;VITO;Conducente;1963;M;Illeso;0;;Non accertato;
3536366;16;02/11/2017 17:55:00;;VIA GIOVANNI LIVRAGHI;all'intersezione con;VIA CARINI;VIA CARINI;;;Scontro frontale/laterale DX fra veicoli in marcia;;;;;;;;;;1;0;0;1;;;0;1;Motociclo a solo;In marcia / fermata / arresto;Honda;SH;Conducente;0;M;Rimandato;0;NON DECEDUTO;;
3536366;16;02/11/2017 17:55:00;;VIA GIOVANNI LIVRAGHI;all'intersezione con;VIA CARINI;VIA CARINI;;;Scontro frontale/laterale DX fra veicoli in marcia;;;;;;;;;;1;0;0;1;;;0;2;Autovettura pubblica;In marcia / fermata / arresto;BMW;316;Conducente;0;M;Illeso;0;;;
3536370;12;02/11/2017 07:30:00;Provinciale;VIA ARDEATINA;da specificare;;;;prossimità km. 16+400 dir. Roma;Scontro frontale/laterale DX fra veicoli in marcia;Rettilineo;Una carreggiata a doppio senso;Asciutto;Asfaltata;Orizzontale;Sereno;Normale;Buona;Ore Diurne;1;0;0;0;;;0;1;Motociclo a solo;In marcia / fermata / arresto;Ducati;Monster;Conducente;1984;M;Rimandato;0;NON DECEDUTO;;
3536383;7;03/11/2017 07:45:00;Strada Urbana;VIALE ALESSANDRINO;in prossimità;;del civico n.;145;;Tamponamento Multiplo;Rettilineo;Una carreggiata a doppio senso;Bagnato (pioggia);Asfaltata;Orizzontale;Nuvoloso;Normale;Buona;Ore Diurne;3;0;0;3;12,57983;41,87369;-1;1;Autovettura privata;In marcia / fermata / arresto;Volkswagen;Golf;Conducente;1986;M;Illeso;0;;;
3536383;7;03/11/2017 07:45:00;Strada Urbana;VIALE ALESSANDRINO;in prossimità;;del civico n.;145;;Tamponamento Multiplo;Rettilineo;Una carreggiata a doppio senso;Bagnato (pioggia);Asfaltata;Orizzontale;Nuvoloso;Normale;Buona;Ore Diurne;3;0;0;3;12,57983;41,87369;-1;2;Autovettura privata;In marcia / fermata / arresto;Fiat;Punto;Conducente;1966;M;Rimandato;0;NON DECEDUTO;;
3536383;7;03/11/2017 07:45:00;Strada Urbana;VIALE ALESSANDRINO;in prossimità;;del civico n.;145;;Tamponamento Multiplo;Rettilineo;Una carreggiata a doppio senso;Bagnato (pioggia);Asfaltata;Orizzontale;Nuvoloso;Normale;Buona;Ore Diurne;3;0;0;3;12,57983;41,87369;-1;2;Autovettura privata;In marcia / fermata / arresto;Fiat;Punto;Passeggero;1964;M;Rimandato;0;NON DECEDUTO;Non accertato;Inesploso
3536383;7;03/11/2017 07:45:00;Strada Urbana;VIALE ALESSANDRINO;in prossimità;;del civico n.;145;;Tamponamento Multiplo;Rettilineo;Una carreggiata a doppio senso;Bagnato (pioggia);Asfaltata;Orizzontale;Nuvoloso;Normale;Buona;Ore Diurne;3;0;0;3;12,57983;41,87369;-1;3;Autovettura privata;In marcia / fermata / arresto;Citroen;C1;Conducente;1958;M;Illeso;0;;;
3536383;7;03/11/2017 07:45:00;Strada Urbana;VIALE ALESSANDRINO;in prossimità;;del civico n.;145;;Tamponamento Multiplo;Rettilineo;Una carreggiata a doppio senso;Bagnato (pioggia);Asfaltata;Orizzontale;Nuvoloso;Normale;Buona;Ore Diurne;3;0;0;3;12,57983;41,87369;-1;4;Autovettura privata;In marcia / fermata / arresto;Fiat;Doblò;Conducente;1996;M;Illeso;0;;;
3536383;7;03/11/2017 07:45:00;Strada Urbana;VIALE ALESSANDRINO;in prossimità;;del civico n.;145;;Tamponamento Multiplo;Rettilineo;Una carreggiata a doppio senso;Bagnato (pioggia);Asfaltata;Orizzontale;Nuvoloso;Normale;Buona;Ore Diurne;3;0;0;3;12,57983;41,87369;-1;4;Autovettura privata;In marcia / fermata / arresto;Fiat;Doblò;Passeggero;1997;M;Rimandato;0;NON DECEDUTO;Non accertato;Inesploso
3536406;13;03/11/2017 10:40:00;Strada Urbana;VIALE DI CASTEL PORZIANO;all'intersezione con;VIA FRANCESCO CILEA;VIA FRANCESCO CILEA;;;Scontro frontale/laterale DX fra veicoli in marcia;Incrocio;Una carreggiata a doppio senso;Asciutto;Asfaltata;Verticale ed orizzontale;Nuvoloso;Normale;Buona;Ore Diurne;0;0;0;3;12,34914;41,73083;0;1;Autovettura privata;In marcia / fermata / arresto;Skoda;Octavia SW;Conducente;1957;M;Illeso;0;;Non accertato;Inesploso
3536406;13;03/11/2017 10:40:00;Strada Urbana;VIALE DI CASTEL PORZIANO;all'intersezione con;VIA FRANCESCO CILEA;VIA FRANCESCO CILEA;;;Scontro frontale/laterale DX fra veicoli in marcia;Incrocio;Una carreggiata a doppio senso;Asciutto;Asfaltata;Verticale ed orizzontale;Nuvoloso;Normale;Buona;Ore Diurne;0;0;0;3;12,34914;41,73083;0;2;Autovettura privata;In marcia / fermata / arresto;Hyundai;Tucson;Conducente;1966;M;Illeso;0;;Non accertato;Inesploso
3536406;13;03/11/2017 10:40:00;Strada Urbana;VIALE DI CASTEL PORZIANO;all'intersezione con;VIA FRANCESCO CILEA;VIA FRANCESCO CILEA;;;Scontro frontale/laterale DX fra veicoli in marcia;Incrocio;Una carreggiata a doppio senso;Asciutto;Asfaltata;Verticale ed orizzontale;Nuvoloso;Normale;Buona;Ore Diurne;0;0;0;3;12,34914;41,73083;0;3;Autovettura privata;In marcia / fermata / arresto;Toyota;Rav 4;Conducente;1960;M;Illeso;0;;Non accertato;Inesploso
3536413;10;03/11/2017 10:25:00;Strada Urbana;VIALE S. GIOVANNI BOSCO;all'intersezione con;VIA CALPURNIO FIAMMA;VIA CALPURNIO FIAMMA;;;Scontro frontale/laterale DX fra veicoli in marcia;Incrocio;Due carreggiate;Bagnato (pioggia);Asfaltata;Verticale ed orizzontale;Pioggia in atto;Normale;Buona;Ore Diurne;0;0;0;2;;;0;1;Autovettura privata;In marcia / fermata / arresto;Peugeot;208;Conducente;1986;M;Illeso;0;;;
3536413;10;03/11/2017 10:25:00;Strada Urbana;VIALE S. GIOVANNI BOSCO;all'intersezione con;VIA CALPURNIO FIAMMA;VIA CALPURNIO FIAMMA;;;Scontro frontale/laterale DX fra veicoli in marcia;Incrocio;Due carreggiate;Bagnato (pioggia);Asfaltata;Verticale ed orizzontale;Pioggia in atto;Normale;Buona;Ore Diurne;0;0;0;2;;;0;2;Autovettura privata;In marcia / fermata / arresto;Hyundai;Athos;Conducente;1952;M;Illeso;0;;;
3536417;2;02/11/2017 08:10:00;;PIAZZA ISTRIA;all'intersezione con;VIA BISAGNO;VIA BISAGNO;;;Ribaltamento senza urto contro ostacolo fisso;;;;;;;;;;1;0;0;0;;;0;1;Motociclo a solo;In marcia / fermata / arresto;Honda;PES;Conducente;1967;M;Rifiuta cure immediate;0;NON DECEDUTO;;
3536420;2;02/11/2017 18:30:00;Strada Urbana;VIA SEBINO;all'intersezione con;VIA CHIANA;VIA CHIANA;;;Scontro frontale/laterale DX fra veicoli in marcia;Intersezione stradale segnalata;Una carreggiata a doppio senso;Asciutto;Asfaltata;Verticale ed orizzontale;Sereno;Intenso;Buona;Sufficiente;0;0;0;3;12,50545;41,92178;-1;1;Autovettura privata;In marcia / fermata / arresto;Fiat;600;Conducente;1954;F;Illeso;0;;Non accertato;Inesploso
3536420;2;02/11/2017 18:30:00;Strada Urbana;VIA SEBINO;all'intersezione con;VIA CHIANA;VIA CHIANA;;;Scontro frontale/laterale DX fra veicoli in marcia;Intersezione stradale segnalata;Una carreggiata a doppio senso;Asciutto;Asfaltata;Verticale ed orizzontale;Sereno;Intenso;Buona;Sufficiente;0;0;0;3;12,50545;41,92178;-1;2;Ciclomotore;In marcia / fermata / arresto;(ignoto);(ignoto);Conducente;1997;M;Illeso;0;;Non accertato;
3536420;2;02/11/2017 18:30:00;Strada Urbana;VIA SEBINO;all'intersezione con;VIA CHIANA;VIA CHIANA;;;Scontro frontale/laterale DX fra veicoli in marcia;Intersezione stradale segnalata;Una carreggiata a doppio senso;Asciutto;Asfaltata;Verticale ed orizzontale;Sereno;Intenso;Buona;Sufficiente;0;0;0;3;12,50545;41,92178;-1;2;Ciclomotore;In marcia / fermata / arresto;(ignoto);(ignoto);Passeggero;1997;F;Illeso;0;;Non accertato;
3536427;23;03/11/2017 00:35:00;Strada Urbana;VIALE DELLE REPUBBLICHE MARINARE;all'intersezione con;VIA MARCELLO PUCCI BONCAMBI;VIA MARCELLO PUCCI BONCAMBI;;;Scontro frontale/laterale SX fra veicoli in marcia;Incrocio;Una carreggiata a senso unico di marcia;Bagnato (umidità in atto);Asfaltata;Verticale;Nuvoloso;Scarso;Buona;Sufficiente;0;0;0;4;12,26855;41,73568;-1;1;Autovettura privata;In marcia / fermata / arresto;Nissan;Micra;Conducente;1998;M;Illeso;0;;Non accertato;Inesploso
3536427;23;03/11/2017 00:35:00;Strada Urbana;VIALE DELLE REPUBBLICHE MARINARE;all'intersezione con;VIA MARCELLO PUCCI BONCAMBI;VIA MARCELLO PUCCI BONCAMBI;;;Scontro frontale/laterale SX fra veicoli in marcia;Incrocio;Una carreggiata a senso unico di marcia;Bagnato (umidità in atto);Asfaltata;Verticale;Nuvoloso;Scarso;Buona;Sufficiente;0;0;0;4;12,26855;41,73568;-1;1;Autovettura privata;In marcia / fermata / arresto;Nissan;Micra;Passeggero;2001;F;Illeso;0;;Non accertato;Inesploso
3536427;23;03/11/2017 00:35:00;Strada Urbana;VIALE DELLE REPUBBLICHE MARINARE;all'intersezione con;VIA MARCELLO PUCCI BONCAMBI;VIA MARCELLO PUCCI BONCAMBI;;;Scontro frontale/laterale SX fra veicoli in marcia;Incrocio;Una carreggiata a senso unico di marcia;Bagnato (umidità in atto);Asfaltata;Verticale;Nuvoloso;Scarso;Buona;Sufficiente;0;0;0;4;12,26855;41,73568;-1;2;Autovettura privata;In marcia / fermata / arresto;Ford;Fiesta;Conducente;1981;M;Illeso;0;;Non accertato;Inesploso
3536427;23;03/11/2017 00:35:00;Strada Urbana;VIALE DELLE REPUBBLICHE MARINARE;all'intersezione con;VIA MARCELLO PUCCI BONCAMBI;VIA MARCELLO PUCCI BONCAMBI;;;Scontro frontale/laterale SX fra veicoli in marcia;Incrocio;Una carreggiata a senso unico di marcia;Bagnato (umidità in atto);Asfaltata;Verticale;Nuvoloso;Scarso;Buona;Sufficiente;0;0;0;4;12,26855;41,73568;-1;2;Autovettura privata;In marcia / fermata / arresto;Ford;Fiesta;Passeggero;1982;M;Illeso;0;;Non accertato;Inesploso
3536439;3;02/11/2017 10:30:00;Strada Urbana;Tangenziale Est;da specificare;;;;rampa d'uscita per portonaccio direz san giovanni;Veicolo in marcia contro ostacolo accidentale;Pendenza;Una carreggiata a senso unico di marcia;Asciutto;Asfaltata;Assente;Sereno;Normale;Buona;Ore Diurne;1;0;0;0;;;0;1;Motociclo a solo;In marcia / fermata / arresto;Kimco;(ignoto);Conducente;1982;M;Ricoverato;0;NON DECEDUTO;Non accertato;
3536447;3;02/11/2017 16:20:00;Strada Urbana;VIALE DELLO SCALO S. LORENZO;in prossimità;;del civico n.;10 B;;Scontro frontale/laterale SX fra veicoli in marcia;Rettilineo;Più di due carreggiate;Asciutto;Asfaltata;Verticale ed orizzontale;Sereno;Intenso;Buona;Ore Diurne;0;0;0;4;12,51641;41,89354;0;1;Autocarro inferiore 35 q.;In marcia / fermata / arresto;Fiat Iveco;Daily;Conducente;1991;M;Illeso;0;;Non accertato;Inesploso
3536447;3;02/11/2017 16:20:00;Strada Urbana;VIALE DELLO SCALO S. LORENZO;in prossimità;;del civico n.;10 B;;Scontro frontale/laterale SX fra veicoli in marcia;Rettilineo;Più di due carreggiate;Asciutto;Asfaltata;Verticale ed orizzontale;Sereno;Intenso;Buona;Ore Diurne;0;0;0;4;12,51641;41,89354;0;1;Autocarro inferiore 35 q.;In marcia / fermata / arresto;Fiat Iveco;Daily;Passeggero;1988;M;Illeso;0;;Non accertato;Inesploso
3536447;3;02/11/2017 16:20:00;Strada Urbana;VIALE DELLO SCALO S. LORENZO;in prossimità;;del civico n.;10 B;;Scontro frontale/laterale SX fra veicoli in marcia;Rettilineo;Più di due carreggiate;Asciutto;Asfaltata;Verticale ed orizzontale;Sereno;Intenso;Buona;Ore Diurne;0;0;0;4;12,51641;41,89354;0;2;Autoarticolato;In marcia / fermata / arresto;Volvo;FH;Conducente;1972;M;Illeso;0;;Non accertato;Inesploso
3536447;3;02/11/2017 16:20:00;Strada Urbana;VIALE DELLO SCALO S. LORENZO;in prossimità;;del civico n.;10 B;;Scontro frontale/laterale SX fra veicoli in marcia;Rettilineo;Più di due carreggiate;Asciutto;Asfaltata;Verticale ed orizzontale;Sereno;Intenso;Buona;Ore Diurne;0;0;0;4;12,51641;41,89354;0;3;Rimorchio;In marcia / fermata / arresto;Schmitz;(ignoto);Conducente;1972;M;Illeso;0;;Non accertato;Inesploso
3536467;3;02/11/2017 15:15:00;Strada Urbana;CIRCONVALLAZIONE TIBURTINA;da specificare;;;;dopo svincolo scalo san lorenzo direz san giovanni;Veicolo in marcia contro ostacolo fisso;Rettilineo;Una carreggiata a senso unico di marcia;Asciutto;Asfaltata;Verticale ed orizzontale;Sereno;Normale;Sufficiente;Ore Diurne;0;0;0;1;;;0;1;Autobus di linea;In marcia / fermata / arresto;TEMSA;AVENUE LF;Conducente;1970;M;Illeso;0;;Non accertato;Inesploso
3536480;1;03/11/2017 04:25:00;Strada Urbana;PIAZZA DI PORTA CAPENA;in prossimità;;del palo luce n.;9;;Scontro laterale fra veicoli in marcia;Rettilineo;Una carreggiata a senso unico di marcia;Bagnato (pioggia);Asfaltata;Orizzontale;Nuvoloso;Scarso;Buona;Sufficiente;0;0;0;3;;;0;1;Autovettura pubblica;In marcia / fermata / arresto;Volkswagen;Passat;Conducente;1966;M;Illeso;0;;Utilizzato;Inesploso
3536480;1;03/11/2017 04:25:00;Strada Urbana;PIAZZA DI PORTA CAPENA;in prossimità;;del palo luce n.;9;;Scontro laterale fra veicoli in marcia;Rettilineo;Una carreggiata a senso unico di marcia;Bagnato (pioggia);Asfaltata;Orizzontale;Nuvoloso;Scarso;Buona;Sufficiente;0;0;0;3;;;0;2;Altro;In marcia / fermata / arresto;Land Rover;Defender;Conducente;1986;M;Illeso;0;;Esente;Inesploso
3536480;1;03/11/2017 04:25:00;Strada Urbana;PIAZZA DI PORTA CAPENA;in prossimità;;del palo luce n.;9;;Scontro laterale fra veicoli in marcia;Rettilineo;Una carreggiata a senso unico di marcia;Bagnato (pioggia);Asfaltata;Orizzontale;Nuvoloso;Scarso;Buona;Sufficiente;0;0;0;3;;;0;2;Altro;In marcia / fermata / arresto;Land Rover;Defender;Passeggero;1969;M;Illeso;0;;Esente;Inesploso
3536486;12;02/11/2017 12:45:00;Provinciale entro l'abitato;VIA LAURENTINA;da specificare;;;;altezza GRA direzione Roma;Tamponamento Multiplo;Rettilineo;Due carreggiate;Asciutto;Asfaltata;Verticale ed orizzontale;Sereno;Normale;Buona;Ore Diurne;2;0;0;2;12,48118;41,80056;0;1;Autovettura privata;In marcia / fermata / arresto;Ford;Galaxy;Conducente;1971;F;Illeso;0;;Non accertato;Inesploso
3536486;12;02/11/2017 12:45:00;Provinciale entro l'abitato;VIA LAURENTINA;da specificare;;;;altezza GRA direzione Roma;Tamponamento Multiplo;Rettilineo;Due carreggiate;Asciutto;Asfaltata;Verticale ed orizzontale;Sereno;Normale;Buona;Ore Diurne;2;0;0;2;12,48118;41,80056;0;2;Autovettura privata;In marcia / fermata / arresto;Mini;Cooper;Conducente;1936;M;Rimandato;0;NON DECEDUTO;Non accertato;Inesploso
3536486;12;02/11/2017 12:45:00;Provinciale entro l'abitato;VIA LAURENTINA;da specificare;;;;altezza GRA direzione Roma;Tamponamento Multiplo;Rettilineo;Due carreggiate;Asciutto;Asfaltata;Verticale ed orizzontale;Sereno;Normale;Buona;Ore Diurne;2;0;0;2;12,48118;41,80056;0;2;Autovettura privata;In marcia / fermata / arresto;Mini;Cooper;Passeggero;1939;F;Rimandato;0;NON DECEDUTO;Non accertato;Inesploso
3536486;12;02/11/2017 12:45:00;Provinciale entro l'abitato;VIA LAURENTINA;da specificare;;;;altezza GRA direzione Roma;Tamponamento Multiplo;Rettilineo;Due carreggiate;Asciutto;Asfaltata;Verticale ed orizzontale;Sereno;Normale;Buona;Ore Diurne;2;0;0;2;12,48118;41,80056;0;3;Autovettura privata;In marcia / fermata / arresto;Fiat;Panda;Conducente;1962;M;Illeso;0;;Non accertato;Inesploso
3536513;1;01/11/2017 10:30:00;Strada Urbana;VIA DELLE QUATTRO FONTANE;in prossimità;;del civico n.;171;;Veicolo in marcia contro ostacolo accidentale;Rettilineo;Una carreggiata a senso unico di marcia;Viscido da liquidi oleosi;Acciotolata;Verticale ed orizzontale;Sereno;Intenso;Buona;Sufficiente;0;0;0;1;;;0;1;Motociclo a solo;In marcia / fermata / arresto;Honda;-;Conducente;1978;M;Illeso;0;;Utilizzato;
3536572;9;03/11/2017 11:05:00;Strada Urbana;VIA APPIA NUOVA;in prossimità;;del civico n.;425;;Scontro laterale fra veicoli in marcia;Rettilineo;Due carreggiate;Bagnato (pioggia);Asfaltata;Verticale ed orizzontale;Pioggia in atto;Normale;Buona;Ore Diurne;0;0;0;4;12,52443;41,87384;-1;1;Autovettura privata;In marcia / fermata / arresto;Citroen;C3;Conducente;1928;M;Illeso;0;;Non accertato;Inesploso
3536572;9;03/11/2017 11:05:00;Strada Urbana;VIA APPIA NUOVA;in prossimità;;del civico n.;425;;Scontro laterale fra veicoli in marcia;Rettilineo;Due carreggiate;Bagnato (pioggia);Asfaltata;Verticale ed orizzontale;Pioggia in atto;Normale;Buona;Ore Diurne;0;0;0;4;12,52443;41,87384;-1;1;Autovettura privata;In marcia / fermata / arresto;Citroen;C3;Passeggero;1937;M;Illeso;0;;Non accertato;Inesploso
3536572;9;03/11/2017 11:05:00;Strada Urbana;VIA APPIA NUOVA;in prossimità;;del civico n.;425;;Scontro laterale fra veicoli in marcia;Rettilineo;Due carreggiate;Bagnato (pioggia);Asfaltata;Verticale ed orizzontale;Pioggia in atto;Normale;Buona;Ore Diurne;0;0;0;4;12,52443;41,87384;-1;2;Autovettura privata;In marcia / fermata / arresto;Fiat-Lancia;delta;Conducente;1952;M;Illeso;0;;Non accertato;Inesploso
3536572;9;03/11/2017 11:05:00;Strada Urbana;VIA APPIA NUOVA;in prossimità;;del civico n.;425;;Scontro laterale fra veicoli in marcia;Rettilineo;Due carreggiate;Bagnato (pioggia);Asfaltata;Verticale ed orizzontale;Pioggia in atto;Normale;Buona;Ore Diurne;0;0;0;4;12,52443;41,87384;-1;2;Autovettura privata;In marcia / fermata / arresto;Fiat-Lancia;delta;Passeggero;1957;M;Illeso;0;;Non accertato;Inesploso
3536618;12;02/11/2017 17:45:00;Strada Urbana;VIA ENRICO BOMPIANI;da specificare;;;;prossimità civico 46 direzione Castel di Leva;Scontro laterale fra veicoli in marcia;Rettilineo;Una carreggiata a doppio senso;Asciutto;Asfaltata;Temporanea di cantiere;Sereno;Scarso;Buona;Sufficiente;0;0;0;3;12,49407;41,7916;0;1;Autovettura privata;In marcia / fermata / arresto;Fiat;500;Conducente;1992;M;Illeso;0;;;
3536618;12;02/11/2017 17:45:00;Strada Urbana;VIA ENRICO BOMPIANI;da specificare;;;;prossimità civico 46 direzione Castel di Leva;Scontro laterale fra veicoli in marcia;Rettilineo;Una carreggiata a doppio senso;Asciutto;Asfaltata;Temporanea di cantiere;Sereno;Scarso;Buona;Sufficiente;0;0;0;3;12,49407;41,7916;0;2;Autovettura privata;In marcia / fermata / arresto;Renault;Scenic;Conducente;1988;F;Illeso;0;;;
3536618;12;02/11/2017 17:45:00;Strada Urbana;VIA ENRICO BOMPIANI;da specificare;;;;prossimità civico 46 direzione Castel di Leva;Scontro laterale fra veicoli in marcia;Rettilineo;Una carreggiata a doppio senso;Asciutto;Asfaltata;Temporanea di cantiere;Sereno;Scarso;Buona;Sufficiente;0;0;0;3;12,49407;41,7916;0;2;Autovettura privata;In marcia / fermata / arresto;Renault;Scenic;Passeggero;2016;M;Illeso;0;;;
3536678;12;02/11/2017 22:55:00;Provinciale entro l'abitato;VIA DI PRATICA;da specificare;;;;altezza km 1900 dir Pomezia;Fuoriuscita dalla sede stradale;Rettilineo;Una carreggiata a doppio senso;Bagnato (umidità in atto);Asfaltata;Verticale ed orizzontale;Pioggia in atto;Scarso;Insufficiente;Inesistente;0;0;0;1;12,42959;41,70403;0;1;Autovettura privata;In marcia / fermata / arresto;Ford;Fiesta;Conducente;1970;M;Illeso;0;;;
3536691;1;03/11/2017 09:45:00;Strada Urbana;VIALE AVENTINO;in corrispondenza;;del civico n.;113;;Veicolo in marcia contro veicolo in sosta;Rettilineo;Una carreggiata a senso unico di marcia;Bagnato (pioggia);Acciotolata;Verticale ed orizzontale;Pioggia in atto;Normale;Buona;Ore Diurne;3;0;0;1;;;0;;;;;;Pedone;0;M;Rimandato;0;NON DECEDUTO;;
3536691;1;03/11/2017 09:45:00;Strada Urbana;VIALE AVENTINO;in corrispondenza;;del civico n.;113;;Veicolo in marcia contro veicolo in sosta;Rettilineo;Una carreggiata a senso unico di marcia;Bagnato (pioggia);Acciotolata;Verticale ed orizzontale;Pioggia in atto;Normale;Buona;Ore Diurne;3;0;0;1;;;0;;;;;;Pedone;1989;M;Rifiuta cure immediate;0;NON DECEDUTO;;
3536691;1;03/11/2017 09:45:00;Strada Urbana;VIALE AVENTINO;in corrispondenza;;del civico n.;113;;Veicolo in marcia contro veicolo in sosta;Rettilineo;Una carreggiata a senso unico di marcia;Bagnato (pioggia);Acciotolata;Verticale ed orizzontale;Pioggia in atto;Normale;Buona;Ore Diurne;3;0;0;1;;;0;1;Autovettura privata;In marcia / fermata / arresto;BMW;320D;Conducente;1991;M;Illeso;0;;Utilizzato;Inesploso
3536703;18;03/11/2017 10:30:00;Strada Urbana;VIA MATTIA BATTISTINI;in corrispondenza;;del civico n.;103;;Scontro frontale/laterale SX fra veicoli in marcia;Curva a visuale libera;Una carreggiata a doppio senso;Bagnato (pioggia);Asfaltata;Assente;Pioggia in atto;Normale;Buona;Ore Diurne;1;0;0;2;12,41565;41,9071;0;;;;;;Pedone;1969;F;Illeso;0;;;
3536703;18;03/11/2017 10:30:00;Strada Urbana;VIA MATTIA BATTISTINI;in corrispondenza;;del civico n.;103;;Scontro frontale/laterale SX fra veicoli in marcia;Curva a visuale libera;Una carreggiata a doppio senso;Bagnato (pioggia);Asfaltata;Assente;Pioggia in atto;Normale;Buona;Ore Diurne;1;0;0;2;12,41565;41,9071;0;1;Autovettura privata;In marcia / fermata / arresto;Fiat;Panda;Conducente;1969;F;Illeso;0;;;
3536703;18;03/11/2017 10:30:00;Strada Urbana;VIA MATTIA BATTISTINI;in corrispondenza;;del civico n.;103;;Scontro frontale/laterale SX fra veicoli in marcia;Curva a visuale libera;Una carreggiata a doppio senso;Bagnato (pioggia);Asfaltata;Assente;Pioggia in atto;Normale;Buona;Ore Diurne;1;0;0;2;12,41565;41,9071;0;2;Motociclo a solo;In marcia / fermata / arresto;KTM;Enduro;Conducente;1982;M;Rimandato;0;NON DECEDUTO;;
3536707;18;03/11/2017 12:15:00;Strada Urbana;VIA DELLA MAGLIANELLA;in corrispondenza;;del civico n.;316;;Scontro frontale/laterale SX fra veicoli in marcia;Rettilineo;Una carreggiata a doppio senso;Asciutto;Asfaltata;Verticale ed orizzontale;Sereno;Normale;Buona;Ore Diurne;0;0;0;3;12,38488;41,91235;-1;1;Autovettura privata;In marcia / fermata / arresto;Lancia;Ypsilon;Conducente;1927;M;Illeso;0;;;
3536707;18;03/11/2017 12:15:00;Strada Urbana;VIA DELLA MAGLIANELLA;in corrispondenza;;del civico n.;316;;Scontro frontale/laterale SX fra veicoli in marcia;Rettilineo;Una carreggiata a doppio senso;Asciutto;Asfaltata;Verticale ed orizzontale;Sereno;Normale;Buona;Ore Diurne;0;0;0;3;12,38488;41,91235;-1;2;Autovettura privata;In marcia / fermata / arresto;Peugeot;206;Conducente;1948;M;Illeso;0;;;
3536707;18;03/11/2017 12:15:00;Strada Urbana;VIA DELLA MAGLIANELLA;in corrispondenza;;del civico n.;316;;Scontro frontale/laterale SX fra veicoli in marcia;Rettilineo;Una carreggiata a doppio senso;Asciutto;Asfaltata;Verticale ed orizzontale;Sereno;Normale;Buona;Ore Diurne;0;0;0;3;12,38488;41,91235;-1;2;Autovettura privata;In marcia / fermata / arresto;Peugeot;206;Passeggero;1952;M;Illeso;0;;;