Protocollo;Gruppo;DataOraIncidente;Localizzazione1;STRADA1;Localizzazione2;STRADA2;Strada02;Chilometrica;DaSpecificare;NaturaIncidente;particolaritastrade;TipoStrada;FondoStradale;Pavimentazione;Segnaletica;CondizioneAtmosferica;Traffico;Visibilita;Illuminazione;NUM_FERITI;NUM_RISERVATA;NUM_MORTI;NUM_ILLESI;Longitudine;Latitudine;Confermato;Progressivo;TipoVeicolo;StatoVeicolo;Marca;Modello;TipoPersona;AnnoNascita;Sesso;Tipolesione;Deceduto;DecedutoDopo;CinturaCascoUtilizzato;Airbag;
3537542;8;03/11/2017 18:30:00;Strada Urbana;VIA CAMPO BRUNO;all'intersezione con;VIA DI PRATAPORCI;VIA DI PRATAPORCI;;;Scontro frontale/laterale DX fra veicoli in marcia;Incrocio;Una carreggiata a doppio senso;Bagnato (umidità in atto);Asfaltata;Verticale ed orizzontale;Nuvoloso;Normale;Sufficiente;Sufficiente;0;0;0;2;12,684;41,86037;-1;1;Autovettura privata;In marcia / fermata / arresto;Hyundai;i 10;Conducente;1991;M;Illeso;0;;Non accertato;Inesploso
3537542;8;03/11/2017 18:30:00;Strada Urbana;VIA CAMPO BRUNO;all'intersezione con;VIA DI PRATAPORCI;VIA DI PRATAPORCI;;;Scontro frontale/laterale DX fra veicoli in marcia;Incrocio;Una carreggiata a doppio senso;Bagnato (umidità in atto);Asfaltata;Verticale ed orizzontale;Nuvoloso;Normale;Sufficiente;Sufficiente;0;0;0;2;12,684;41,86037;-1;2;Autovettura privata;In marcia / fermata / arresto;BMW;--;Conducente;1993;M;Illeso;0;;Non accertato;Inesploso
3537544;8;03/11/2017 19:30:00;Strada Urbana;VIA DELLE RUPICOLE;da specificare;;;;fronte palo luce 90;Veicolo in marcia contro veicolo in sosta;Curva a visuale libera;Una carreggiata a doppio senso;Bagnato (umidità in atto);Asfaltata;Verticale ed orizzontale;Nuvoloso;Scarso;Sufficiente;Sufficiente;0;0;0;1;;;0;2;Autocarro inferiore 35 q.;In marcia / fermata / arresto;Fiat;Fiorino;Conducente;1979;M;Illeso;0;;Non accertato;Inesploso
3537545;11;03/11/2017 15:20:00;Strada Urbana;VIA DEL PORTO FLUVIALE;da specificare;;;;in prossimità diu Via delle Conce;Scontro laterale fra veicoli in marcia;Rettilineo;Una carreggiata a doppio senso;Bagnato (pioggia);Asfaltata;Verticale ed orizzontale;Pioggia in atto;Intenso;Buona;Ore Diurne;0;0;0;4;12,47861;41,87239;0;1;Autovettura privata;In marcia / fermata / arresto;Citroen;DS3;Conducente;1989;M;Illeso;0;;Non accertato;
3537545;11;03/11/2017 15:20:00;Strada Urbana;VIA DEL PORTO FLUVIALE;da specificare;;;;in prossimità diu Via delle Conce;Scontro laterale fra veicoli in marcia;Rettilineo;Una carreggiata a doppio senso;Bagnato (pioggia);Asfaltata;Verticale ed orizzontale;Pioggia in atto;Intenso;Buona;Ore Diurne;0;0;0;4;12,47861;41,87239;0;1;Autovettura privata;In marcia / fermata / arresto;Citroen;DS3;Passeggero;1989;F;Illeso;0;;Non accertato;
3537545;11;03/11/2017 15:20:00;Strada Urbana;VIA DEL PORTO FLUVIALE;da specificare;;;;in prossimità diu Via delle Conce;Scontro laterale fra veicoli in marcia;Rettilineo;Una carreggiata a doppio senso;Bagnato (pioggia);Asfaltata;Verticale ed orizzontale;Pioggia in atto;Intenso;Buona;Ore Diurne;0;0;0;4;12,47861;41,87239;0;2;Autovettura privata;In marcia / fermata / arresto;Audi;A 3;Conducente;1971;M;Illeso;0;;Non accertato;
3537545;11;03/11/2017 15:20:00;Strada Urbana;VIA DEL PORTO FLUVIALE;da specificare;;;;in prossimità diu Via delle Conce;Scontro laterale fra veicoli in marcia;Rettilineo;Una carreggiata a doppio senso;Bagnato (pioggia);Asfaltata;Verticale ed orizzontale;Pioggia in atto;Intenso;Buona;Ore Diurne;0;0;0;4;12,47861;41,87239;0;2;Autovettura privata;In marcia / fermata / arresto;Audi;A 3;Passeggero;1974;F;Illeso;0;;Non accertato;
3537562;11;03/11/2017 11:45:00;Strada Urbana;VIA LAURENTINA;da specificare;;;;in corrispondenza del semaforo al civico 400;Scontro laterale fra veicoli in marcia;Rettilineo;Più di due carreggiate;Bagnato (pioggia);Asfaltata;Verticale ed orizzontale;Nuvoloso;Normale;Buona;Ore Diurne;0;0;0;3;12,48098;41,83463;-1;1;Autovettura privata;In marcia / fermata / arresto;Citroen;C 3;Conducente;1941;M;Illeso;0;;Non accertato;
3537562;11;03/11/2017 11:45:00;Strada Urbana;VIA LAURENTINA;da specificare;;;;in corrispondenza del semaforo al civico 400;Scontro laterale fra veicoli in marcia;Rettilineo;Più di due carreggiate;Bagnato (pioggia);Asfaltata;Verticale ed orizzontale;Nuvoloso;Normale;Buona;Ore Diurne;0;0;0;3;12,48098;41,83463;-1;1;Autovettura privata;In marcia / fermata / arresto;Citroen;C 3;Passeggero;1945;F;Illeso;0;;Non accertato;
3537562;11;03/11/2017 11:45:00;Strada Urbana;VIA LAURENTINA;da specificare;;;;in corrispondenza del semaforo al civico 400;Scontro laterale fra veicoli in marcia;Rettilineo;Più di due carreggiate;Bagnato (pioggia);Asfaltata;Verticale ed orizzontale;Nuvoloso;Normale;Buona;Ore Diurne;0;0;0;3;12,48098;41,83463;-1;2;Autovettura privata;In marcia / fermata / arresto;Mini;Cooper D;Conducente;1967;F;Illeso;0;;Non accertato;
3537571;3;03/11/2017 06:25:00;Strada Urbana;VIALE DELLO SCALO S. LORENZO;da specificare;;;;FC.77;Tamponamento;Rettilineo;Una carreggiata a doppio senso;Bagnato (umidità in atto);Asfaltata;Verticale ed orizzontale;Nuvoloso;Intenso;Buona;Ore Diurne;1;0;0;1;;;0;1;Autovettura privata;In marcia / fermata / arresto;Opel;Corsa;Conducente;1945;M;Illeso;0;;Non accertato;Inesploso
3537571;3;03/11/2017 06:25:00;Strada Urbana;VIALE DELLO SCALO S. LORENZO;da specificare;;;;FC.77;Tamponamento;Rettilineo;Una carreggiata a doppio senso;Bagnato (umidità in atto);Asfaltata;Verticale ed orizzontale;Nuvoloso;Intenso;Buona;Ore Diurne;1;0;0;1;;;0;2;Motociclo a solo;In marcia / fermata / arresto;Honda;SH;Conducente;1969;F;Rimandato;0;NON DECEDUTO;;
3537581;3;03/11/2017 09:05:00;Strada Urbana;PIAZZA BOLOGNA;in prossimità;;del civico n.;2A;;Veicolo in marcia contro veicolo fermo;Rotatoria;Una carreggiata a senso unico di marcia;Bagnato (pioggia);Asfaltata;Verticale ed orizzontale;Pioggia in atto;Normale;Buona;Ore Diurne;1;0;0;1;12,52169;41,91368;-1;1;Autovettura privata;In marcia / fermata / arresto;Lancia;Ypsilon;Conducente;1980;F;Illeso;0;;Non accertato;
3537581;3;03/11/2017 09:05:00;Strada Urbana;PIAZZA BOLOGNA;in prossimità;;del civico n.;2A;;Veicolo in marcia contro veicolo fermo;Rotatoria;Una carreggiata a senso unico di marcia;Bagnato (pioggia);Asfaltata;Verticale ed orizzontale;Pioggia in atto;Normale;Buona;Ore Diurne;1;0;0;1;12,52169;41,91368;-1;2;Motociclo a solo;In marcia / fermata / arresto;Yamaha;125;Conducente;1996;F;Ricoverato;0;NON DECEDUTO;Non accertato;
3537590;3;03/11/2017 09:10:00;Strada Urbana;PIAZZA BOLOGNA;in corrispondenza;;del civico n.;2 A;;Veicolo in marcia contro ostacolo accidentale;Rettilineo;Una carreggiata a senso unico di marcia;Bagnato (pioggia);Asfaltata;Verticale ed orizzontale;Pioggia in atto;Normale;Buona;Ore Diurne;0;0;0;1;12,52169;41,91368;-1;1;Autovettura pubblica;In marcia / fermata / arresto;Toyota;Auris;Conducente;1974;M;Illeso;0;;Non accertato;
3537597;11;03/11/2017 11:20:00;Strada Urbana;VIALE PICO DELLA MIRANDOLA;in corrispondenza;;del civico n.;36;;Investimento di pedone;Rettilineo;Due carreggiate;Bagnato (pioggia);Asfaltata;Verticale ed orizzontale;Pioggia in atto;Normale;Buona;Ore Diurne;1;0;0;2;12,48607;41,84635;0;;;;;;Pedone;1940;M;Rimandato;0;NON DECEDUTO;;
3537597;11;03/11/2017 11:20:00;Strada Urbana;VIALE PICO DELLA MIRANDOLA;in corrispondenza;;del civico n.;36;;Investimento di pedone;Rettilineo;Due carreggiate;Bagnato (pioggia);Asfaltata;Verticale ed orizzontale;Pioggia in atto;Normale;Buona;Ore Diurne;1;0;0;2;12,48607;41,84635;0;1;Autovettura privata;In marcia / fermata / arresto;Opel;Corsa;Conducente;1938;M;Illeso;0;;Non accertato;
3537597;11;03/11/2017 11:20:00;Strada Urbana;VIALE PICO DELLA MIRANDOLA;in corrispondenza;;del civico n.;36;;Investimento di pedone;Rettilineo;Due carreggiate;Bagnato (pioggia);Asfaltata;Verticale ed orizzontale;Pioggia in atto;Normale;Buona;Ore Diurne;1;0;0;2;12,48607;41,84635;0;1;Autovettura privata;In marcia / fermata / arresto;Opel;Corsa;Passeggero;1953;F;Illeso;0;;Non accertato;
3537648;11;03/11/2017 09:30:00;Strada Urbana;VIA ARDEATINA;da specificare;;;;altezza Vicolo dell'Annunziatella;Tamponamento;Rettilineo;Una carreggiata a doppio senso;Bagnato (pioggia);Asfaltata;Verticale ed orizzontale;Pioggia in atto;Normale;Buona;Ore Diurne;0;0;0;2;12,51557;41,84417;0;1;Autovettura privata;In marcia / fermata / arresto;Volkswagen;Lupo;Conducente;1980;F;Illeso;0;;Non accertato;
3537648;11;03/11/2017 09:30:00;Strada Urbana;VIA ARDEATINA;da specificare;;;;altezza Vicolo dell'Annunziatella;Tamponamento;Rettilineo;Una carreggiata a doppio senso;Bagnato (pioggia);Asfaltata;Verticale ed orizzontale;Pioggia in atto;Normale;Buona;Ore Diurne;0;0;0;2;12,51557;41,84417;0;2;Autovettura privata;In marcia / fermata / arresto;Citroen;Xsara;Conducente;1966;M;Illeso;0;;Non accertato;
3537675;11;03/11/2017 09:10:00;Strada Urbana;VIA TEMISTOCLE CALZECCHI ONESTI;in corrispondenza;;del civico n.;30;;Veicoli in marcia contro veicolo fermo;Rettilineo;Due carreggiate;Bagnato (pioggia);Asfaltata;Verticale ed orizzontale;Pioggia in atto;Normale;Buona;Ore Diurne;0;0;0;6;12,49175;41,93758;0;1;Autovettura privata;In marcia / fermata / arresto;Citroen;Xsara;Conducente;1981;M;Illeso;0;;Non accertato;
3537675;11;03/11/2017 09:10:00;Strada Urbana;VIA TEMISTOCLE CALZECCHI ONESTI;in corrispondenza;;del civico n.;30;;Veicoli in marcia contro veicolo fermo;Rettilineo;Due carreggiate;Bagnato (pioggia);Asfaltata;Verticale ed orizzontale;Pioggia in atto;Normale;Buona;Ore Diurne;0;0;0;6;12,49175;41,93758;0;1;Autovettura privata;In marcia / fermata / arresto;Citroen;Xsara;Passeggero;1972;M;Illeso;0;;;
3537675;11;03/11/2017 09:10:00;Strada Urbana;VIA TEMISTOCLE CALZECCHI ONESTI;in corrispondenza;;del civico n.;30;;Veicoli in marcia contro veicolo fermo;Rettilineo;Due carreggiate;Bagnato (pioggia);Asfaltata;Verticale ed orizzontale;Pioggia in atto;Normale;Buona;Ore Diurne;0;0;0;6;12,49175;41,93758;0;1;Autovettura privata;In marcia / fermata / arresto;Citroen;Xsara;Passeggero;2009;F;Illeso;0;;;
3537675;11;03/11/2017 09:10:00;Strada Urbana;VIA TEMISTOCLE CALZECCHI ONESTI;in corrispondenza;;del civico n.;30;;Veicoli in marcia contro veicolo fermo;Rettilineo;Due carreggiate;Bagnato (pioggia);Asfaltata;Verticale ed orizzontale;Pioggia in atto;Normale;Buona;Ore Diurne;0;0;0;6;12,49175;41,93758;0;2;Autovettura privata;In marcia / fermata / arresto;Dacia.;Duster;Conducente;1983;M;Illeso;0;;Non accertato;
3537675;11;03/11/2017 09:10:00;Strada Urbana;VIA TEMISTOCLE CALZECCHI ONESTI;in corrispondenza;;del civico n.;30;;Veicoli in marcia contro veicolo fermo;Rettilineo;Due carreggiate;Bagnato (pioggia);Asfaltata;Verticale ed orizzontale;Pioggia in atto;Normale;Buona;Ore Diurne;0;0;0;6;12,49175;41,93758;0;2;Autovettura privata;In marcia / fermata / arresto;Dacia.;Duster;Passeggero;1968;M;Illeso;0;;;
3537675;11;03/11/2017 09:10:00;Strada Urbana;VIA TEMISTOCLE CALZECCHI ONESTI;in corrispondenza;;del civico n.;30;;Veicoli in marcia contro veicolo fermo;Rettilineo;Due carreggiate;Bagnato (pioggia);Asfaltata;Verticale ed orizzontale;Pioggia in atto;Normale;Buona;Ore Diurne;0;0;0;6;12,49175;41,93758;0;3;Autovettura privata;In marcia / fermata / arresto;MCC;Smart;Conducente;1964;F;Illeso;0;;Non accertato;
3537676;8;03/11/2017 11:00:00;Strada Urbana;VIA POLENSE;da specificare;;;;fronte via cavuccio;Fuoriuscita dalla sede stradale;Curva senza visuale libera;Una carreggiata a doppio senso;Bagnato (pioggia);Asfaltata;Orizzontale;Nuvoloso;Normale;Buona;Ore Diurne;1;0;0;0;12,70311;41,8955;0;1;Autovettura privata;In marcia / fermata / arresto;Fiat;Seicento;Conducente;1952;F;Rimandato;0;NON DECEDUTO;Non accertato;Inesploso
3537681;17;03/11/2017 05:45:00;Strada Urbana;VIALE VATICANO;in corrispondenza;;del civico n.;42;;Veicolo in marcia contro ostacolo fisso;Rettilineo;Una carreggiata a doppio senso;Bagnato (pioggia);Asfaltata;Verticale ed orizzontale;Nuvoloso;Scarso;Sufficiente;Sufficiente;1;0;0;0;12,44567;41,90188;0;1;Autovettura privata;In marcia / fermata / arresto;Smart ;FORTWO;Conducente;1990;F;Rimandato;0;NON DECEDUTO;;
3537695;11;03/11/2017 08:30:00;;VIA CRISTOFORO COLOMBO;in prossimità;;del civico n.;454;;Scontro frontale/laterale DX fra veicoli in marcia;;;;;;;;;;1;0;0;1;;;0;1;Autovettura privata;In marcia / fermata / arresto;Nissan;Micra;Conducente;1948;M;Illeso;0;;Non accertato;
3537695;11;03/11/2017 08:30:00;;VIA CRISTOFORO COLOMBO;in prossimità;;del civico n.;454;;Scontro frontale/laterale DX fra veicoli in marcia;;;;;;;;;;1;0;0;1;;;0;2;Motociclo con passeggero;In marcia / fermata / arresto;MBK;X City;Conducente;1968;M;Rifiuta cure immediate;0;NON DECEDUTO;Non accertato;
3537708;17;03/11/2017 06:20:00;Strada Urbana;LUNGOTEVERE GUGLIELMO OBERDAN;all'intersezione semaforizzata con;PONTE DEL RISORGIMENTO;PONTE DEL RISORGIMENTO;;;Scontro frontale/laterale SX fra veicoli in marcia;Intersezione semaforizzata;Una carreggiata a senso unico di marcia;Asciutto;Asfaltata;Verticale ed orizzontale;Nuvoloso;Normale;Buona;Sufficiente;0;0;0;2;12,46966;41,91909;0;1;Autovettura privata;In marcia / fermata / arresto;Fiat;Panda;Conducente;1991;F;Illeso;0;;;
3537708;17;03/11/2017 06:20:00;Strada Urbana;LUNGOTEVERE GUGLIELMO OBERDAN;all'intersezione semaforizzata con;PONTE DEL RISORGIMENTO;PONTE DEL RISORGIMENTO;;;Scontro frontale/laterale SX fra veicoli in marcia;Intersezione semaforizzata;Una carreggiata a senso unico di marcia;Asciutto;Asfaltata;Verticale ed orizzontale;Nuvoloso;Normale;Buona;Sufficiente;0;0;0;2;12,46966;41,91909;0;2;Autovettura privata;In marcia / fermata / arresto;Fiat;Marea;Conducente;1992;M;Illeso;0;;;
3537717;19;03/11/2017 09:15:00;Strada Urbana;VIA FEDERICO BORROMEO;in prossimità;;del civico n.;67;;Investimento di pedone;Rettilineo;Una carreggiata a doppio senso;Asciutto;Asfaltata;Assente;Sereno;Scarso;Buona;Ore Diurne;2;0;0;0;12,41473;41,91876;-1;;;;;;Pedone;1980;F;Rimandato;0;NON DECEDUTO;;
3537717;19;03/11/2017 09:15:00;Strada Urbana;VIA FEDERICO BORROMEO;in prossimità;;del civico n.;67;;Investimento di pedone;Rettilineo;Una carreggiata a doppio senso;Asciutto;Asfaltata;Assente;Sereno;Scarso;Buona;Ore Diurne;2;0;0;0;12,41473;41,91876;-1;1;Autovettura privata;In marcia / fermata / arresto;Seat;Ibiza;Conducente;1956;M;Rifiuta cure immediate;0;NON DECEDUTO;;
3537720;13;03/11/2017 16:20:00;Strada Urbana;VIALE DEI ROMAGNOLI;da specificare;;;;in prossimità di via F. Donati;Tamponamento Multiplo;Rettilineo;Una carreggiata a doppio senso;Asciutto;Asfaltata;Orizzontale;Sole radente;Normale;Buona;Ore Diurne;0;0;0;5;12,32241;41,76913;-1;1;Autovettura privata;In marcia / fermata / arresto;Toyota;Yaris;Conducente;1973;M;Illeso;0;;Non accertato;Inesploso
3537720;13;03/11/2017 16:20:00;Strada Urbana;VIALE DEI ROMAGNOLI;da specificare;;;;in prossimità di via F. Donati;Tamponamento Multiplo;Rettilineo;Una carreggiata a doppio senso;Asciutto;Asfaltata;Orizzontale;Sole radente;Normale;Buona;Ore Diurne;0;0;0;5;12,32241;41,76913;-1;2;Autovettura privata;In marcia / fermata / arresto;Dacia;Sandero;Conducente;1991;F;Illeso;0;;Non accertato;Inesploso
3537720;13;03/11/2017 16:20:00;Strada Urbana;VIALE DEI ROMAGNOLI;da specificare;;;;in prossimità di via F. Donati;Tamponamento Multiplo;Rettilineo;Una carreggiata a doppio senso;Asciutto;Asfaltata;Orizzontale;Sole radente;Normale;Buona;Ore Diurne;0;0;0;5;12,32241;41,76913;-1;2;Autovettura privata;In marcia / fermata / arresto;Dacia;Sandero;Passeggero;1994;F;Illeso;0;;Non accertato;Inesploso
3537720;13;03/11/2017 16:20:00;Strada Urbana;VIALE DEI ROMAGNOLI;da specificare;;;;in prossimità di via F. Donati;Tamponamento Multiplo;Rettilineo;Una carreggiata a doppio senso;Asciutto;Asfaltata;Orizzontale;Sole radente;Normale;Buona;Ore Diurne;0;0;0;5;12,32241;41,76913;-1;3;Autovettura privata;In marcia / fermata / arresto;Fiat;500;Conducente;1955;M;Illeso;0;;Non accertato;Inesploso
3537720;13;03/11/2017 16:20:00;Strada Urbana;VIALE DEI ROMAGNOLI;da specificare;;;;in prossimità di via F. Donati;Tamponamento Multiplo;Rettilineo;Una carreggiata a doppio senso;Asciutto;Asfaltata;Orizzontale;Sole radente;Normale;Buona;Ore Diurne;0;0;0;5;12,32241;41,76913;-1;4;Autovettura privata;In marcia / fermata / arresto;Mercedes;E 200;Conducente;1949;M;Illeso;0;;Non accertato;Inesploso
3537741;19;04/11/2017 04:30:00;Strada Urbana;VIA DELLA PINETA SACCHETTI;in prossimità;;del civico n.;203;;Scontro laterale fra veicoli in marcia;Rettilineo;Una carreggiata a senso unico di marcia;Asciutto;Asfaltata;Orizzontale;Nuvoloso;Scarso;Buona;Sufficiente;0;0;0;2;12,42606;41,92831;-1;1;Autovettura privata;In marcia / fermata / arresto;Toyota;Yaris;Conducente;1993;F;Illeso;0;;Non accertato;Inesploso
3537741;19;04/11/2017 04:30:00;Strada Urbana;VIA DELLA PINETA SACCHETTI;in prossimità;;del civico n.;203;;Scontro laterale fra veicoli in marcia;Rettilineo;Una carreggiata a senso unico di marcia;Asciutto;Asfaltata;Orizzontale;Nuvoloso;Scarso;Buona;Sufficiente;0;0;0;2;12,42606;41,92831;-1;2;Autovettura privata;Allontanatosi;Volkswagen;(ignoto);Conducente;1993;M;Illeso;0;;;
3537760;17;03/11/2017 08:50:00;Strada Urbana;LUNGOTEVERE DEI MELLINI;in corrispondenza;;del civico n.;24;;Scontro laterale fra veicoli in marcia;Rettilineo;Una carreggiata a senso unico di marcia;Bagnato (pioggia);Asfaltata;Verticale ed orizzontale;Nuvoloso;Normale;Buona;Ore Diurne;0;0;0;2;12,47334;41,90671;0;1;Autovettura privata;In marcia / fermata / arresto;Smart ;-;Conducente;1961;F;Illeso;0;;;
3537760;17;03/11/2017 08:50:00;Strada Urbana;LUNGOTEVERE DEI MELLINI;in corrispondenza;;del civico n.;24;;Scontro laterale fra veicoli in marcia;Rettilineo;Una carreggiata a senso unico di marcia;Bagnato (pioggia);Asfaltata;Verticale ed orizzontale;Nuvoloso;Normale;Buona;Ore Diurne;0;0;0;2;12,47334;41,90671;0;2;Autovettura privata;In marcia / fermata / arresto;Mercedes;SLK;Conducente;1964;M;Illeso;0;;;
3537772;19;04/11/2017 09:40:00;Strada Urbana;VIA DELLA PINETA SACCHETTI;all'intersezione con;VIA FRANCESCO CRUCITTI;VIA FRANCESCO CRUCITTI;;;Scontro laterale fra veicoli in marcia;Incrocio;Una carreggiata a senso unico di marcia;Asciutto;Asfaltata;Verticale ed orizzontale;Nuvoloso;Normale;Buona;Ore Diurne;0;0;0;4;12,42441;41,92313;-1;1;Autovettura privata;In marcia / fermata / arresto;Mitsubishi;Colt;Conducente;1995;M;Illeso;0;;;
3537772;19;04/11/2017 09:40:00;Strada Urbana;VIA DELLA PINETA SACCHETTI;all'intersezione con;VIA FRANCESCO CRUCITTI;VIA FRANCESCO CRUCITTI;;;Scontro laterale fra veicoli in marcia;Incrocio;Una carreggiata a senso unico di marcia;Asciutto;Asfaltata;Verticale ed orizzontale;Nuvoloso;Normale;Buona;Ore Diurne;0;0;0;4;12,42441;41,92313;-1;2;Autovettura privata;In marcia / fermata / arresto;Fiat;Panda;Conducente;1987;M;Illeso;0;;;
3537772;19;04/11/2017 09:40:00;Strada Urbana;VIA DELLA PINETA SACCHETTI;all'intersezione con;VIA FRANCESCO CRUCITTI;VIA FRANCESCO CRUCITTI;;;Scontro laterale fra veicoli in marcia;Incrocio;Una carreggiata a senso unico di marcia;Asciutto;Asfaltata;Verticale ed orizzontale;Nuvoloso;Normale;Buona;Ore Diurne;0;0;0;4;12,42441;41,92313;-1;2;Autovettura privata;In marcia / fermata / arresto;Fiat;Panda;Passeggero;1975;F;Illeso;0;;;
3537772;19;04/11/2017 09:40:00;Strada Urbana;VIA DELLA PINETA SACCHETTI;all'intersezione con;VIA FRANCESCO CRUCITTI;VIA FRANCESCO CRUCITTI;;;Scontro laterale fra veicoli in marcia;Incrocio;Una carreggiata a senso unico di marcia;Asciutto;Asfaltata;Verticale ed orizzontale;Nuvoloso;Normale;Buona;Ore Diurne;0;0;0;4;12,42441;41,92313;-1;2;Autovettura privata;In marcia / fermata / arresto;Fiat;Panda;Passeggero;1979;F;Illeso;0;;;
3537799;1;03/11/2017 18:20:00;Strada Urbana;PIAZZA DELLA ROVERE;in corrispondenza;;del civico n.;88;;Investimento di pedone;Rettilineo;Una carreggiata a senso unico di marcia;Bagnato (pioggia);Asfaltata;Verticale ed orizzontale;Nuvoloso;Normale;Buona;Sufficiente;2;0;0;0;;;0;;;;;;Pedone;1938;M;Rimandato;0;NON DECEDUTO;;
3537799;1;03/11/2017 18:20:00;Strada Urbana;PIAZZA DELLA ROVERE;in corrispondenza;;del civico n.;88;;Investimento di pedone;Rettilineo;Una carreggiata a senso unico di marcia;Bagnato (pioggia);Asfaltata;Verticale ed orizzontale;Nuvoloso;Normale;Buona;Sufficiente;2;0;0;0;;;0;1;Motociclo a solo;In marcia / fermata / arresto;Piaggio;Liberty;Conducente;1978;M;Rimandato;0;NON DECEDUTO;Non accertato;
3537808;13;03/11/2017 16:30:00;;VIA DEL MARE;all'intersezione con;VIA DI CASTEL FUSANO;VIA DI CASTEL FUSANO;;;Tamponamento Multiplo;;;;;;;;;;0;0;0;5;12,46323;41,84026;0;1;Autovettura privata;In marcia / fermata / arresto;Citroen;Saxo;Conducente;1961;M;Illeso;0;;Non accertato;Inesploso
3537808;13;03/11/2017 16:30:00;;VIA DEL MARE;all'intersezione con;VIA DI CASTEL FUSANO;VIA DI CASTEL FUSANO;;;Tamponamento Multiplo;;;;;;;;;;0;0;0;5;12,46323;41,84026;0;1;Autovettura privata;In marcia / fermata / arresto;Citroen;Saxo;Passeggero;1966;F;Illeso;0;;Non accertato;Inesploso
3537808;13;03/11/2017 16:30:00;;VIA DEL MARE;all'intersezione con;VIA DI CASTEL FUSANO;VIA DI CASTEL FUSANO;;;Tamponamento Multiplo;;;;;;;;;;0;0;0;5;12,46323;41,84026;0;2;Autovettura privata;In marcia / fermata / arresto;Ford;Fusion;Conducente;1958;M;Illeso;0;;Non accertato;Inesploso
3537808;13;03/11/2017 16:30:00;;VIA DEL MARE;all'intersezione con;VIA DI CASTEL FUSANO;VIA DI CASTEL FUSANO;;;Tamponamento Multiplo;;;;;;;;;;0;0;0;5;12,46323;41,84026;0;2;Autovettura privata;In marcia / fermata / arresto;Ford;Fusion;Passeggero;1999;M;Illeso;0;;Non accertato;Inesploso
3537808;13;03/11/2017 16:30:00;;VIA DEL MARE;all'intersezione con;VIA DI CASTEL FUSANO;VIA DI CASTEL FUSANO;;;Tamponamento Multiplo;;;;;;;;;;0;0;0;5;12,46323;41,84026;0;3;Autovettura privata;In marcia / fermata / arresto;Mitsubishi;Outlander;Conducente;1973;F;Illeso;0;;Non accertato;Inesploso
3537811;20;03/11/2017 08:30:00;Strada Urbana;VIA VALLOMBROSA;all'intersezione con;VIALE CORTINA D'AMPEZZO;VIALE CORTINA D'AMPEZZO;;;Scontro frontale fra veicoli in marcia;Intersezione stradale segnalata;Una carreggiata a senso unico di marcia;Bagnato (pioggia);Asfaltata;Verticale ed orizzontale;Pioggia in atto;Scarso;Buona;Ore Diurne;0;0;0;3;12,44208;41,9469;-1;1;Motociclo con passeggero;In marcia / fermata / arresto;Honda;SH 150;Conducente;1964;M;Illeso;0;;;
3537811;20;03/11/2017 08:30:00;Strada Urbana;VIA VALLOMBROSA;all'intersezione con;VIALE CORTINA D'AMPEZZO;VIALE CORTINA D'AMPEZZO;;;Scontro frontale fra veicoli in marcia;Intersezione stradale segnalata;Una carreggiata a senso unico di marcia;Bagnato (pioggia);Asfaltata;Verticale ed orizzontale;Pioggia in atto;Scarso;Buona;Ore Diurne;0;0;0;3;12,44208;41,9469;-1;1;Motociclo con passeggero;In marcia / fermata / arresto;Honda;SH 150;Passeggero;2008;M;Illeso;0;;Non accertato;
3537811;20;03/11/2017 08:30:00;Strada Urbana;VIA VALLOMBROSA;all'intersezione con;VIALE CORTINA D'AMPEZZO;VIALE CORTINA D'AMPEZZO;;;Scontro frontale fra veicoli in marcia;Intersezione stradale segnalata;Una carreggiata a senso unico di marcia;Bagnato (pioggia);Asfaltata;Verticale ed orizzontale;Pioggia in atto;Scarso;Buona;Ore Diurne;0;0;0;3;12,44208;41,9469;-1;2;Autovettura privata;In marcia / fermata / arresto;Citroen;Saxo;Conducente;1969;M;Illeso;0;;;
3537813;23;03/11/2017 11:50:00;Strada Urbana;VIA CRISTOFORO COLOMBO;da specificare;;;;carr. laterale e centrale tra palo acea 383 e 385;Tamponamento Multiplo;Rettilineo;Più di due carreggiate;Asciutto;Asfaltata;Verticale ed orizzontale;Nuvoloso;Normale;Buona;Ore Diurne;1;0;0;4;12,49637;41,87316;0;1;Autovettura privata;In marcia / fermata / arresto;Mini;Cooper;Conducente;1994;M;Illeso;0;;;
3537813;23;03/11/2017 11:50:00;Strada Urbana;VIA CRISTOFORO COLOMBO;da specificare;;;;carr. laterale e centrale tra palo acea 383 e 385;Tamponamento Multiplo;Rettilineo;Più di due carreggiate;Asciutto;Asfaltata;Verticale ed orizzontale;Nuvoloso;Normale;Buona;Ore Diurne;1;0;0;4;12,49637;41,87316;0;2;Autovettura privata;In marcia / fermata / arresto;Renault;Twingo;Conducente;1975;F;Illeso;0;;Utilizzato;Inesploso