Protocollo;Gruppo;DataOraIncidente;Localizzazione1;STRADA1;Localizzazione2;STRADA2;Strada02;Chilometrica;DaSpecificare;NaturaIncidente;particolaritastrade;TipoStrada;FondoStradale;Pavimentazione;Segnaletica;CondizioneAtmosferica;Traffico;Visibilita;Illuminazione;NUM_FERITI;NUM_RISERVATA;NUM_MORTI;NUM_ILLESI;Longitudine;Latitudine;Confermato;Progressivo;TipoVeicolo;StatoVeicolo;Marca;Modello;TipoPersona;AnnoNascita;Sesso;Tipolesione;Deceduto;DecedutoDopo;CinturaCascoUtilizzato;Airbag;
3537813;23;03/11/2017 11:50:00;Strada Urbana;VIA CRISTOFORO COLOMBO;da specificare;;;;carr. laterale e centrale tra palo acea 383 e 385;Tamponamento Multiplo;Rettilineo;Più di due carreggiate;Asciutto;Asfaltata;Verticale ed orizzontale;Nuvoloso;Normale;Buona;Ore Diurne;1;0;0;4;12,49637;41,87316;0;3;Autovettura privata;In marcia / fermata / arresto;Fiat;Panda;Conducente;1958;M;Rifiuta cure immediate;0;NON DECEDUTO;Utilizzato;Inesploso
3537813;23;03/11/2017 11:50:00;Strada Urbana;VIA CRISTOFORO COLOMBO;da specificare;;;;carr. laterale e centrale tra palo acea 383 e 385;Tamponamento Multiplo;Rettilineo;Più di due carreggiate;Asciutto;Asfaltata;Verticale ed orizzontale;Nuvoloso;Normale;Buona;Ore Diurne;1;0;0;4;12,49637;41,87316;0;4;Autovettura privata;In marcia / fermata / arresto;Opel;Insigna;Conducente;1962;M;Illeso;0;;Non accertato;Inesploso
3537813;23;03/11/2017 11:50:00;Strada Urbana;VIA CRISTOFORO COLOMBO;da specificare;;;;carr. laterale e centrale tra palo acea 383 e 385;Tamponamento Multiplo;Rettilineo;Più di due carreggiate;Asciutto;Asfaltata;Verticale ed orizzontale;Nuvoloso;Normale;Buona;Ore Diurne;1;0;0;4;12,49637;41,87316;0;4;Autovettura privata;In marcia / fermata / arresto;Opel;Insigna;Passeggero;1992;M;Illeso;0;;Non accertato;Inesploso
3537847;20;03/11/2017 09:50:00;Strada Urbana;VIA DELLA CAMILLUCCIA;in prossimità;;del civico n.;647;;Tamponamento;Rettilineo;Una carreggiata a doppio senso;Bagnato (pioggia);Asfaltata;Orizzontale;Pioggia in atto;Normale;Buona;Ore Diurne;1;0;0;1;12,45256;41,94697;-1;1;Autocarro inferiore 35 q.;In marcia / fermata / arresto;Fiat;Doblo';Conducente;1940;M;Illeso;0;;Non accertato;Inesploso
3537847;20;03/11/2017 09:50:00;Strada Urbana;VIA DELLA CAMILLUCCIA;in prossimità;;del civico n.;647;;Tamponamento;Rettilineo;Una carreggiata a doppio senso;Bagnato (pioggia);Asfaltata;Orizzontale;Pioggia in atto;Normale;Buona;Ore Diurne;1;0;0;1;12,45256;41,94697;-1;2;Autocarro inferiore 35 q.;In marcia / fermata / arresto;Renault;Kangoo;Conducente;1960;M;Rifiuta cure immediate;0;NON DECEDUTO;Non accertato;Inesploso
3537862;20;03/11/2017 16:45:00;Strada Urbana;VIA DEGLI ORTI DELLA FARNESINA;in prossimità;;del civico n.;3;;Tamponamento;Rettilineo;Una carreggiata a doppio senso;Bagnato (pioggia);Asfaltata;Verticale ed orizzontale;Nuvoloso;Normale;Buona;Sufficiente;0;0;0;2;12,46447;41,93895;-1;1;Autovettura privata;In marcia / fermata / arresto;Toyota;Yaris;Conducente;1953;M;Illeso;0;;Non accertato;Inesploso
3537862;20;03/11/2017 16:45:00;Strada Urbana;VIA DEGLI ORTI DELLA FARNESINA;in prossimità;;del civico n.;3;;Tamponamento;Rettilineo;Una carreggiata a doppio senso;Bagnato (pioggia);Asfaltata;Verticale ed orizzontale;Nuvoloso;Normale;Buona;Sufficiente;0;0;0;2;12,46447;41,93895;-1;2;Autovettura privata;In marcia / fermata / arresto;Suzuki;Splash;Conducente;1984;M;Illeso;0;;Non accertato;Inesploso
3537888;2;04/11/2017 07:00:00;Strada Urbana;CIRCONVALLAZIONE SALARIA;da specificare;;;;rampa uscita per Via Salaria dir. GRA alt. Prato S;Fuoriuscita dalla sede stradale;Curva a visuale libera;Una carreggiata a senso unico di marcia;Bagnato (umidità in atto);Asfaltata;Orizzontale;Nebbia;Scarso;Buona;Ore Diurne;0;0;0;1;12,50998;41,93859;-1;1;Autovettura privata;In marcia / fermata / arresto;Ford;Fiesta;Conducente;1972;M;Illeso;0;;Non accertato;Inesploso
3537967;2;03/11/2017 08:04:00;;VIA VINCENZO BELLINI;in prossimità;;del civico n.;24;;Scontro frontale/laterale DX fra veicoli in marcia;;;;;;;;;;1;0;0;1;;;0;1;Motociclo a solo;In marcia / fermata / arresto;Honda;SH 125;Conducente;1962;M;Rimandato;0;NON DECEDUTO;;
3537967;2;03/11/2017 08:04:00;;VIA VINCENZO BELLINI;in prossimità;;del civico n.;24;;Scontro frontale/laterale DX fra veicoli in marcia;;;;;;;;;;1;0;0;1;;;0;2;Autovettura privata;In marcia / fermata / arresto;Seat;Leon;Conducente;1965;M;Illeso;0;;;
3537968;2;03/11/2017 16:00:00;;VIA FRANCESCO SIACCI;all'intersezione con;VIA FELICE GIORDANO;VIA FELICE GIORDANO;;;Scontro frontale/laterale SX fra veicoli in marcia;;;;;;;;;;0;0;0;2;;;0;1;Autovettura privata;In marcia / fermata / arresto;Ford;Fusion;Conducente;1981;M;Illeso;0;;;
3537968;2;03/11/2017 16:00:00;;VIA FRANCESCO SIACCI;all'intersezione con;VIA FELICE GIORDANO;VIA FELICE GIORDANO;;;Scontro frontale/laterale SX fra veicoli in marcia;;;;;;;;;;0;0;0;2;;;0;2;Motociclo a solo;In marcia / fermata / arresto;Piaggio;Beverly;Conducente;1957;M;Illeso;0;;;
3537970;2;03/11/2017 16:30:00;;VIA NOMENTANA;in prossimità;;del civico n.;373;;Tamponamento;;;;;;;;;;1;0;0;1;;;0;1;Motociclo a solo;In marcia / fermata / arresto;Piaggio;Beverly;Conducente;1970;M;Rimandato;0;NON DECEDUTO;;
3537970;2;03/11/2017 16:30:00;;VIA NOMENTANA;in prossimità;;del civico n.;373;;Tamponamento;;;;;;;;;;1;0;0;1;;;0;2;Motociclo a solo;In marcia / fermata / arresto;Piaggio;Beverly;Conducente;1990;M;Illeso;0;;;
3537973;2;03/11/2017 18:30:00;;VIA PO;in prossimità;;del civico n.;32;;Ribaltamento senza urto contro ostacolo fisso;;;;;;;;;;0;0;0;2;;;0;1;Motociclo a solo;In marcia / fermata / arresto;Piaggio;Vespa 150;Conducente;1982;M;Illeso;0;;;
3537973;2;03/11/2017 18:30:00;;VIA PO;in prossimità;;del civico n.;32;;Ribaltamento senza urto contro ostacolo fisso;;;;;;;;;;0;0;0;2;;;0;2;Autovettura pubblica;In marcia / fermata / arresto;Chevrolet;Orlando;Conducente;1965;M;Illeso;0;;;
3537975;2;03/11/2017 21:00:00;;VIA CESARE FRACASSINI;all'intersezione con;VIA ANTONIO ALLEGRI DA CORREGGIO;VIA ANTONIO ALLEGRI DA CORREGGIO;;;Scontro frontale/laterale SX fra veicoli in marcia;;;;;;;;;;0;0;0;3;;;0;1;Motociclo a solo;In marcia / fermata / arresto;Honda;SH 150;Conducente;1983;M;Illeso;0;;;
3537975;2;03/11/2017 21:00:00;;VIA CESARE FRACASSINI;all'intersezione con;VIA ANTONIO ALLEGRI DA CORREGGIO;VIA ANTONIO ALLEGRI DA CORREGGIO;;;Scontro frontale/laterale SX fra veicoli in marcia;;;;;;;;;;0;0;0;3;;;0;2;Autovettura privata;In marcia / fermata / arresto;Daimler;Chrysler;Conducente;1974;M;Illeso;0;;;
3537975;2;03/11/2017 21:00:00;;VIA CESARE FRACASSINI;all'intersezione con;VIA ANTONIO ALLEGRI DA CORREGGIO;VIA ANTONIO ALLEGRI DA CORREGGIO;;;Scontro frontale/laterale SX fra veicoli in marcia;;;;;;;;;;0;0;0;3;;;0;2;Autovettura privata;In marcia / fermata / arresto;Daimler;Chrysler;Passeggero;1944;F;Illeso;0;;;
3538086;10;03/11/2017 19:00:00;;VIALE BRUNO PELIZZI;all'intersezione con;VIA FILIPPO SERAFINI;VIA FILIPPO SERAFINI;;;Ribaltamento senza urto contro ostacolo fisso;;;;;;;;;;1;0;0;0;;;0;1;Autovettura privata;In marcia / fermata / arresto;Fiat;Punto;Conducente;1953;M;Rimandato;0;NON DECEDUTO;;
3538093;10;03/11/2017 21:45:00;Strada Urbana;VIA IMERA;all'intersezione con;VIA DACIA;VIA DACIA;;;Tamponamento;Incrocio;Una carreggiata a doppio senso;Asciutto;Asfaltata;Verticale ed orizzontale;Sereno;Scarso;Buona;Sufficiente;0;0;0;2;12,51078;41,87825;0;1;Autovettura privata;In marcia / fermata / arresto;Toyota;Yaris;Conducente;1981;M;Illeso;0;;Non accertato;Inesploso
3538093;10;03/11/2017 21:45:00;Strada Urbana;VIA IMERA;all'intersezione con;VIA DACIA;VIA DACIA;;;Tamponamento;Incrocio;Una carreggiata a doppio senso;Asciutto;Asfaltata;Verticale ed orizzontale;Sereno;Scarso;Buona;Sufficiente;0;0;0;2;12,51078;41,87825;0;2;Autovettura privata;In marcia / fermata / arresto;Fiat;Punto;Conducente;1984;M;Illeso;0;;Non accertato;Inesploso
3538109;10;04/11/2017 02:50:00;;VIA APPIA NUOVA;in prossimità;;del civico n.;1255;;Veicolo in marcia contro ostacolo fisso;;;;;;;;;;0;0;0;1;;;0;1;Autovettura privata;In marcia / fermata / arresto;Renault;Clio;Conducente;1987;M;Illeso;0;;;
3538111;2;04/11/2017 11:20:00;Strada Urbana;VIALE SOMALIA;all'intersezione con;VIA ANTONIO VIVALDI;VIA ANTONIO VIVALDI;;;Scontro frontale/laterale DX fra veicoli in marcia;Incrocio;Una carreggiata a doppio senso;Asciutto;Asfaltata;Verticale;Sereno;Normale;Buona;Ore Diurne;0;0;0;2;12,51546;41,93593;0;1;Motociclo a solo;In marcia / fermata / arresto;Honda;SH 125;Conducente;1988;M;Illeso;0;;Non accertato;
3538111;2;04/11/2017 11:20:00;Strada Urbana;VIALE SOMALIA;all'intersezione con;VIA ANTONIO VIVALDI;VIA ANTONIO VIVALDI;;;Scontro frontale/laterale DX fra veicoli in marcia;Incrocio;Una carreggiata a doppio senso;Asciutto;Asfaltata;Verticale;Sereno;Normale;Buona;Ore Diurne;0;0;0;2;12,51546;41,93593;0;2;Autovettura privata;In marcia / fermata / arresto;Citroen;Cactus;Conducente;1978;F;Illeso;0;;Non accertato;Inesploso
3538163;1;03/11/2017 15:50:00;Strada Urbana;VIALE DELLE TERME DI CARACALLA;all'intersezione semaforizzata con;LARGO DELLE TERME DI CARACALLA;LARGO DELLE TERME DI CARACALLA;;;Tamponamento;Intersezione semaforizzata;Più di due carreggiate;Bagnato (pioggia);Asfaltata;Verticale ed orizzontale;Pioggia in atto;Normale;Buona;Ore Diurne;0;0;0;3;12,49627;41,87486;0;1;Autocarro inferiore 35 q.;In marcia / fermata / arresto;Citroen;Jumpy;Conducente;1971;M;Illeso;0;;Non accertato;Inesploso
3538163;1;03/11/2017 15:50:00;Strada Urbana;VIALE DELLE TERME DI CARACALLA;all'intersezione semaforizzata con;LARGO DELLE TERME DI CARACALLA;LARGO DELLE TERME DI CARACALLA;;;Tamponamento;Intersezione semaforizzata;Più di due carreggiate;Bagnato (pioggia);Asfaltata;Verticale ed orizzontale;Pioggia in atto;Normale;Buona;Ore Diurne;0;0;0;3;12,49627;41,87486;0;2;Autovettura privata;In marcia / fermata / arresto;Audi;A3;Conducente;1963;M;Illeso;0;;Non accertato;Inesploso
3538163;1;03/11/2017 15:50:00;Strada Urbana;VIALE DELLE TERME DI CARACALLA;all'intersezione semaforizzata con;LARGO DELLE TERME DI CARACALLA;LARGO DELLE TERME DI CARACALLA;;;Tamponamento;Intersezione semaforizzata;Più di due carreggiate;Bagnato (pioggia);Asfaltata;Verticale ed orizzontale;Pioggia in atto;Normale;Buona;Ore Diurne;0;0;0;3;12,49627;41,87486;0;2;Autovettura privata;In marcia / fermata / arresto;Audi;A3;Passeggero;1966;F;Illeso;0;;Non accertato;Inesploso
3538173;1;03/11/2017 16:30:00;Strada Urbana;PIAZZALE NUMA POMPILIO;all'intersezione semaforizzata con;VIALE DELLE TERME DI CARACALLA;VIALE DELLE TERME DI CARACALLA;;;Scontro laterale fra veicoli in marcia;Intersezione semaforizzata;Più di due carreggiate;Bagnato (pioggia);Asfaltata;Verticale ed orizzontale;Pioggia in atto;Intenso;Buona;Ore Diurne;0;0;0;3;;;0;1;Autovettura privata;In marcia / fermata / arresto;Fiat-Lancia;YPSILON;Conducente;1986;M;Illeso;0;;Non accertato;
3538173;1;03/11/2017 16:30:00;Strada Urbana;PIAZZALE NUMA POMPILIO;all'intersezione semaforizzata con;VIALE DELLE TERME DI CARACALLA;VIALE DELLE TERME DI CARACALLA;;;Scontro laterale fra veicoli in marcia;Intersezione semaforizzata;Più di due carreggiate;Bagnato (pioggia);Asfaltata;Verticale ed orizzontale;Pioggia in atto;Intenso;Buona;Ore Diurne;0;0;0;3;;;0;1;Autovettura privata;In marcia / fermata / arresto;Fiat-Lancia;YPSILON;Passeggero;1952;F;Illeso;0;;Non accertato;
3538173;1;03/11/2017 16:30:00;Strada Urbana;PIAZZALE NUMA POMPILIO;all'intersezione semaforizzata con;VIALE DELLE TERME DI CARACALLA;VIALE DELLE TERME DI CARACALLA;;;Scontro laterale fra veicoli in marcia;Intersezione semaforizzata;Più di due carreggiate;Bagnato (pioggia);Asfaltata;Verticale ed orizzontale;Pioggia in atto;Intenso;Buona;Ore Diurne;0;0;0;3;;;0;2;Veicolo speciale;In marcia / fermata / arresto;Iveco;180;Conducente;1963;M;Illeso;0;;Non accertato;
3538183;1;03/11/2017 18:40:00;Strada Urbana;VIA CAVOUR;in prossimità;;del civico n.;202;;Investimento di pedone;Rettilineo;Una carreggiata a doppio senso;Bagnato (pioggia);Asfaltata;Verticale ed orizzontale;Nuvoloso;Normale;Sufficiente;Sufficiente;1;0;0;1;;;0;;;;;;Pedone;1988;F;Rimandato;0;NON DECEDUTO;;
3538183;1;03/11/2017 18:40:00;Strada Urbana;VIA CAVOUR;in prossimità;;del civico n.;202;;Investimento di pedone;Rettilineo;Una carreggiata a doppio senso;Bagnato (pioggia);Asfaltata;Verticale ed orizzontale;Nuvoloso;Normale;Sufficiente;Sufficiente;1;0;0;1;;;0;1;Autovettura privata;In marcia / fermata / arresto;Mercedes;Smart Fortwo;Conducente;1993;M;Illeso;0;;Non accertato;
3538206;1;03/11/2017 09:30:00;Strada Urbana;VIA FERDINANDO DI SAVOIA;in corrispondenza;;del civico n.;6;;Tamponamento;Rettilineo;Una carreggiata a senso unico di marcia;Bagnato (pioggia);In cubetti di porfido;Verticale ed orizzontale;Pioggia in atto;Normale;Sufficiente;Ore Diurne;1;0;0;2;;;0;;;;;;Pedone;1989;M;Rimandato;0;NON DECEDUTO;;
3538206;1;03/11/2017 09:30:00;Strada Urbana;VIA FERDINANDO DI SAVOIA;in corrispondenza;;del civico n.;6;;Tamponamento;Rettilineo;Una carreggiata a senso unico di marcia;Bagnato (pioggia);In cubetti di porfido;Verticale ed orizzontale;Pioggia in atto;Normale;Sufficiente;Ore Diurne;1;0;0;2;;;0;1;Autovettura pubblica;In marcia / fermata / arresto;Fiat;Multipla Taxi;Conducente;1960;M;Illeso;0;;Non accertato;
3538206;1;03/11/2017 09:30:00;Strada Urbana;VIA FERDINANDO DI SAVOIA;in corrispondenza;;del civico n.;6;;Tamponamento;Rettilineo;Una carreggiata a senso unico di marcia;Bagnato (pioggia);In cubetti di porfido;Verticale ed orizzontale;Pioggia in atto;Normale;Sufficiente;Ore Diurne;1;0;0;2;;;0;2;Autocarro inferiore 35 q.;In marcia / fermata / arresto;Renault;(non accertato);Conducente;1975;M;Illeso;0;;Non accertato;
3538215;1;02/11/2017 11:40:00;Strada Urbana;PIAZZA VITTORIO EMANUELE II;in corrispondenza;;del palo luce n.;77;;Veicolo in marcia contro veicolo in sosta;Rettilineo;Una carreggiata a doppio senso;Bagnato (pioggia);Asfaltata;Verticale ed orizzontale;Pioggia in atto;Normale;Buona;Ore Diurne;1;0;0;0;;;0;1;Motociclo a solo;In marcia / fermata / arresto;Yamaha;X - MAX;Conducente;1959;M;Rimandato;0;NON DECEDUTO;Non accertato;
3538235;1;04/11/2017 03:15:00;Strada Urbana;PIAZZA DI PORTA MAGGIORE;in prossimità;;del civico n.;10/a;;Scontro laterale fra veicoli in marcia;Rettilineo;Una carreggiata a senso unico di marcia;Asciutto;Asfaltata;Verticale ed orizzontale;Sereno;Scarso;Buona;Sufficiente;0;0;0;2;;;0;1;Autovettura privata;In marcia / fermata / arresto;Volkswagen;Polo;Conducente;1982;M;Illeso;0;;Non accertato;
3538235;1;04/11/2017 03:15:00;Strada Urbana;PIAZZA DI PORTA MAGGIORE;in prossimità;;del civico n.;10/a;;Scontro laterale fra veicoli in marcia;Rettilineo;Una carreggiata a senso unico di marcia;Asciutto;Asfaltata;Verticale ed orizzontale;Sereno;Scarso;Buona;Sufficiente;0;0;0;2;;;0;2;Autocarro inferiore 35 q.;In marcia / fermata / arresto;Fiat;Iveco Magirus;Conducente;1976;M;Illeso;0;;Non accertato;
3538270;1;03/11/2017 08:45:00;Strada Urbana;VIALE DI TRASTEVERE;in prossimità;;del civico n.;143/B;;Scontro laterale fra veicoli in marcia;Rettilineo;Più di due carreggiate;Bagnato (pioggia);Asfaltata;Verticale ed orizzontale;Pioggia in atto;Normale;Buona;Ore Diurne;1;0;0;3;;;0;1;Autovettura privata;In marcia / fermata / arresto;Opel;AGILA;Conducente;1973;M;Illeso;0;;Non accertato;
3538270;1;03/11/2017 08:45:00;Strada Urbana;VIALE DI TRASTEVERE;in prossimità;;del civico n.;143/B;;Scontro laterale fra veicoli in marcia;Rettilineo;Più di due carreggiate;Bagnato (pioggia);Asfaltata;Verticale ed orizzontale;Pioggia in atto;Normale;Buona;Ore Diurne;1;0;0;3;;;0;1;Autovettura privata;In marcia / fermata / arresto;Opel;AGILA;Passeggero;1973;F;Illeso;0;;Non accertato;
3538270;1;03/11/2017 08:45:00;Strada Urbana;VIALE DI TRASTEVERE;in prossimità;;del civico n.;143/B;;Scontro laterale fra veicoli in marcia;Rettilineo;Più di due carreggiate;Bagnato (pioggia);Asfaltata;Verticale ed orizzontale;Pioggia in atto;Normale;Buona;Ore Diurne;1;0;0;3;;;0;1;Autovettura privata;In marcia / fermata / arresto;Opel;AGILA;Passeggero;2009;M;Illeso;0;;Non accertato;
3538270;1;03/11/2017 08:45:00;Strada Urbana;VIALE DI TRASTEVERE;in prossimità;;del civico n.;143/B;;Scontro laterale fra veicoli in marcia;Rettilineo;Più di due carreggiate;Bagnato (pioggia);Asfaltata;Verticale ed orizzontale;Pioggia in atto;Normale;Buona;Ore Diurne;1;0;0;3;;;0;2;Motociclo a solo;In marcia / fermata / arresto;Piaggio;Beverly;Conducente;1959;M;Rimandato;0;NON DECEDUTO;Non accertato;
3538291;1;03/11/2017 11:00:00;Strada Urbana;VIA QUATTRO NOVEMBRE;in prossimità;;del civico n.;144;;Veicolo in marcia contro ostacolo accidentale;Curva a visuale libera;Una carreggiata a doppio senso;Bagnato (pioggia);In cubetti di porfido;Verticale ed orizzontale;Nuvoloso;Normale;Sufficiente;Ore Diurne;0;0;0;1;;;0;1;Motociclo a solo;In marcia / fermata / arresto;Kimco;AGILITY;Conducente;1995;F;Illeso;0;;Non accertato;
3538311;1;04/11/2017 10:05:00;Strada Urbana;VIA DEL FORO OLITORIO;all'intersezione semaforizzata con;VIA LUIGI PETROSELLI;VIA LUIGI PETROSELLI;;;Scontro frontale/laterale DX fra veicoli in marcia;Intersezione semaforizzata;Più di due carreggiate;Asciutto;Lastricata;Verticale ed orizzontale;Sereno;Scarso;Buona;Ore Diurne;0;0;0;4;12,47984;41,89074;0;1;Motociclo con passeggero;In marcia / fermata / arresto;Piaggio;Liberty;Conducente;1963;M;Illeso;0;;Non accertato;
3538311;1;04/11/2017 10:05:00;Strada Urbana;VIA DEL FORO OLITORIO;all'intersezione semaforizzata con;VIA LUIGI PETROSELLI;VIA LUIGI PETROSELLI;;;Scontro frontale/laterale DX fra veicoli in marcia;Intersezione semaforizzata;Più di due carreggiate;Asciutto;Lastricata;Verticale ed orizzontale;Sereno;Scarso;Buona;Ore Diurne;0;0;0;4;12,47984;41,89074;0;1;Motociclo con passeggero;In marcia / fermata / arresto;Piaggio;Liberty;Passeggero;1962;F;Illeso;0;;Non accertato;
3538311;1;04/11/2017 10:05:00;Strada Urbana;VIA DEL FORO OLITORIO;all'intersezione semaforizzata con;VIA LUIGI PETROSELLI;VIA LUIGI PETROSELLI;;;Scontro frontale/laterale DX fra veicoli in marcia;Intersezione semaforizzata;Più di due carreggiate;Asciutto;Lastricata;Verticale ed orizzontale;Sereno;Scarso;Buona;Ore Diurne;0;0;0;4;12,47984;41,89074;0;2;Autovettura privata;In marcia / fermata / arresto;Fiat;500;Conducente;1997;F;Illeso;0;;Non accertato;
3538311;1;04/11/2017 10:05:00;Strada Urbana;VIA DEL FORO OLITORIO;all'intersezione semaforizzata con;VIA LUIGI PETROSELLI;VIA LUIGI PETROSELLI;;;Scontro frontale/laterale DX fra veicoli in marcia;Intersezione semaforizzata;Più di due carreggiate;Asciutto;Lastricata;Verticale ed orizzontale;Sereno;Scarso;Buona;Ore Diurne;0;0;0;4;12,47984;41,89074;0;2;Autovettura privata;In marcia / fermata / arresto;Fiat;500;Passeggero;1993;M;Illeso;0;;Non accertato;
3538453;2;04/11/2017 20:00:00;Strada Urbana;PIAZZA APOLLODORO;all'intersezione con;VIA FLAMINIA;VIA FLAMINIA;;;Investimento di pedone;Intersezione semaforizzata;Una carreggiata a senso unico di marcia;Asciutto;Asfaltata;Verticale ed orizzontale;Nuvoloso;Normale;Buona;Sufficiente;2;0;0;2;;;0;;;;;;Pedone;1951;M;Rimandato;0;NON DECEDUTO;;
3538453;2;04/11/2017 20:00:00;Strada Urbana;PIAZZA APOLLODORO;all'intersezione con;VIA FLAMINIA;VIA FLAMINIA;;;Investimento di pedone;Intersezione semaforizzata;Una carreggiata a senso unico di marcia;Asciutto;Asfaltata;Verticale ed orizzontale;Nuvoloso;Normale;Buona;Sufficiente;2;0;0;2;;;0;;;;;;Pedone;1958;F;Rimandato;0;NON DECEDUTO;;
3538453;2;04/11/2017 20:00:00;Strada Urbana;PIAZZA APOLLODORO;all'intersezione con;VIA FLAMINIA;VIA FLAMINIA;;;Investimento di pedone;Intersezione semaforizzata;Una carreggiata a senso unico di marcia;Asciutto;Asfaltata;Verticale ed orizzontale;Nuvoloso;Normale;Buona;Sufficiente;2;0;0;2;;;0;1;Autovettura privata;In marcia / fermata / arresto;Audi;A 3;Conducente;1990;M;Illeso;0;;;
3538453;2;04/11/2017 20:00:00;Strada Urbana;PIAZZA APOLLODORO;all'intersezione con;VIA FLAMINIA;VIA FLAMINIA;;;Investimento di pedone;Intersezione semaforizzata;Una carreggiata a senso unico di marcia;Asciutto;Asfaltata;Verticale ed orizzontale;Nuvoloso;Normale;Buona;Sufficiente;2;0;0;2;;;0;1;Autovettura privata;In marcia / fermata / arresto;Audi;A 3;Passeggero;1994;F;Illeso;0;;;
3538640;1;04/11/2017 10:00:00;Strada Urbana;PIAZZALE UGO LA MALFA;all'intersezione con;VIA DEL CIRCO MASSIMO;VIA DEL CIRCO MASSIMO;;;Scontro frontale/laterale DX fra veicoli in marcia;Incrocio;Due carreggiate;Asciutto;Asfaltata;Verticale ed orizzontale;Sereno;Intenso;Buona;Ore Diurne;1;0;0;2;;;0;1;Motociclo a solo;In marcia / fermata / arresto;Honda;SH 150;Conducente;1998;M;Rimandato;0;NON DECEDUTO;Non accertato;
3538640;1;04/11/2017 10:00:00;Strada Urbana;PIAZZALE UGO LA MALFA;all'intersezione con;VIA DEL CIRCO MASSIMO;VIA DEL CIRCO MASSIMO;;;Scontro frontale/laterale DX fra veicoli in marcia;Incrocio;Due carreggiate;Asciutto;Asfaltata;Verticale ed orizzontale;Sereno;Intenso;Buona;Ore Diurne;1;0;0;2;;;0;2;Autovettura privata;In marcia / fermata / arresto;Audi;A3;Conducente;1936;M;Illeso;0;;Non accertato;
3538640;1;04/11/2017 10:00:00;Strada Urbana;PIAZZALE UGO LA MALFA;all'intersezione con;VIA DEL CIRCO MASSIMO;VIA DEL CIRCO MASSIMO;;;Scontro frontale/laterale DX fra veicoli in marcia;Incrocio;Due carreggiate;Asciutto;Asfaltata;Verticale ed orizzontale;Sereno;Intenso;Buona;Ore Diurne;1;0;0;2;;;0;2;Autovettura privata;In marcia / fermata / arresto;Audi;A3;Passeggero;1933;F;Illeso;0;;Non accertato;
3538646;20;04/11/2017 10:05:00;Strada Urbana;CORSO DI FRANCIA;da specificare;;;;ALTEZZA VIA RONCIGLIONE;Scontro laterale fra veicoli in marcia;Rettilineo;Più di due carreggiate;Asciutto;Asfaltata;Orizzontale;Sereno;Intenso;Buona;Ore Diurne;1;0;0;5;12,47067;41,94226;0;1;Autovettura privata;In marcia / fermata / arresto;Renault;Modus;Conducente;1967;M;Illeso;0;;Non accertato;
3538646;20;04/11/2017 10:05:00;Strada Urbana;CORSO DI FRANCIA;da specificare;;;;ALTEZZA VIA RONCIGLIONE;Scontro laterale fra veicoli in marcia;Rettilineo;Più di due carreggiate;Asciutto;Asfaltata;Orizzontale;Sereno;Intenso;Buona;Ore Diurne;1;0;0;5;12,47067;41,94226;0;1;Autovettura privata;In marcia / fermata / arresto;Renault;Modus;Passeggero;1928;F;Illeso;0;;;
3538646;20;04/11/2017 10:05:00;Strada Urbana;CORSO DI FRANCIA;da specificare;;;;ALTEZZA VIA RONCIGLIONE;Scontro laterale fra veicoli in marcia;Rettilineo;Più di due carreggiate;Asciutto;Asfaltata;Orizzontale;Sereno;Intenso;Buona;Ore Diurne;1;0;0;5;12,47067;41,94226;0;2;Autocarro inferiore 35 q.;In marcia / fermata / arresto;Fiat;Scudo;Conducente;1964;M;Illeso;0;;Non accertato;
3538646;20;04/11/2017 10:05:00;Strada Urbana;CORSO DI FRANCIA;da specificare;;;;ALTEZZA VIA RONCIGLIONE;Scontro laterale fra veicoli in marcia;Rettilineo;Più di due carreggiate;Asciutto;Asfaltata;Orizzontale;Sereno;Intenso;Buona;Ore Diurne;1;0;0;5;12,47067;41,94226;0;3;Motociclo con passeggero;In marcia / fermata / arresto;Honda;Foresight;Conducente;1983;M;Illeso;0;;Non accertato;
3538646;20;04/11/2017 10:05:00;Strada Urbana;CORSO DI FRANCIA;da specificare;;;;ALTEZZA VIA RONCIGLIONE;Scontro laterale fra veicoli in marcia;Rettilineo;Più di due carreggiate;Asciutto;Asfaltata;Orizzontale;Sereno;Intenso;Buona;Ore Diurne;1;0;0;5;12,47067;41,94226;0;3;Motociclo con passeggero;In marcia / fermata / arresto;Honda;Foresight;Passeggero;1987;F;Rimandato;0;NON DECEDUTO;Non accertato;
3538646;20;04/11/2017 10:05:00;Strada Urbana;CORSO DI FRANCIA;da specificare;;;;ALTEZZA VIA RONCIGLIONE;Scontro laterale fra veicoli in marcia;Rettilineo;Più di due carreggiate;Asciutto;Asfaltata;Orizzontale;Sereno;Intenso;Buona;Ore Diurne;1;0;0;5;12,47067;41,94226;0;4;Autovettura privata;In marcia / fermata / arresto;Fiat;500 abarth;Conducente;1985;F;Illeso;0;;Non accertato;
3538649;6;04/11/2017 02:15:00;Strada Urbana;VIA ANTONIO TEMPESTA;all'intersezione con;VIA AUGUSTO DULCERI;VIA AUGUSTO DULCERI;;;Scontro frontale/laterale DX fra veicoli in marcia;Intersezione stradale segnalata;Una carreggiata a senso unico di marcia;Bagnato (umidità in atto);Asfaltata;Verticale ed orizzontale;Nuvoloso;Scarso;Sufficiente;Sufficiente;1;0;0;5;12,54044;41,88363;-1;1;Autovettura privata;In marcia / fermata / arresto;Hyundai;GETZ;Conducente;1992;F;Rifiuta cure immediate;0;NON DECEDUTO;;