Protocollo;Gruppo;DataOraIncidente;Localizzazione1;STRADA1;Localizzazione2;STRADA2;Strada02;Chilometrica;DaSpecificare;NaturaIncidente;particolaritastrade;TipoStrada;FondoStradale;Pavimentazione;Segnaletica;CondizioneAtmosferica;Traffico;Visibilita;Illuminazione;NUM_FERITI;NUM_RISERVATA;NUM_MORTI;NUM_ILLESI;Longitudine;Latitudine;Confermato;Progressivo;TipoVeicolo;StatoVeicolo;Marca;Modello;TipoPersona;AnnoNascita;Sesso;Tipolesione;Deceduto;DecedutoDopo;CinturaCascoUtilizzato;Airbag;
3539173;4;03/11/2017 09:15:00;;VIA UGO OJETTI;in prossimità;;del civico n.;3;;Tamponamento;;;;;;;;;;0;0;0;2;12,5481;41,94409;0;1;Autovettura privata;In marcia / fermata / arresto;Fiat;Panda;Conducente;1992;M;Illeso;0;;;
3539173;4;03/11/2017 09:15:00;;VIA UGO OJETTI;in prossimità;;del civico n.;3;;Tamponamento;;;;;;;;;;0;0;0;2;12,5481;41,94409;0;2;Autocarro inferiore 35 q.;In marcia / fermata / arresto;Fiat;Iveco;Conducente;1972;M;Illeso;0;;Non accertato;
3539193;7;04/11/2017 11:20:00;Strada Urbana;VIALE PALMIRO TOGLIATTI;in prossimità;;del civico n.;522;;Scontro frontale/laterale SX fra veicoli in marcia;Curva a visuale libera;Due carreggiate;Asciutto;Asfaltata;Verticale ed orizzontale;Sereno;Normale;Buona;Ore Diurne;0;0;0;3;12,57075;41,8749;0;1;Autovettura privata;In marcia / fermata / arresto;Honda;FR-V;Conducente;1987;F;Illeso;0;;Non accertato;Inesploso
3539193;7;04/11/2017 11:20:00;Strada Urbana;VIALE PALMIRO TOGLIATTI;in prossimità;;del civico n.;522;;Scontro frontale/laterale SX fra veicoli in marcia;Curva a visuale libera;Due carreggiate;Asciutto;Asfaltata;Verticale ed orizzontale;Sereno;Normale;Buona;Ore Diurne;0;0;0;3;12,57075;41,8749;0;1;Autovettura privata;In marcia / fermata / arresto;Honda;FR-V;Passeggero;1953;F;Illeso;0;;Non accertato;Inesploso
3539193;7;04/11/2017 11:20:00;Strada Urbana;VIALE PALMIRO TOGLIATTI;in prossimità;;del civico n.;522;;Scontro frontale/laterale SX fra veicoli in marcia;Curva a visuale libera;Due carreggiate;Asciutto;Asfaltata;Verticale ed orizzontale;Sereno;Normale;Buona;Ore Diurne;0;0;0;3;12,57075;41,8749;0;2;Autovettura privata;In marcia / fermata / arresto;Fiat;600;Conducente;1970;F;Illeso;0;;Non accertato;Inesploso
3539222;9;04/11/2017 09:45:00;Strada Urbana;VIA NOCERA UMBRA;all'intersezione con;VIA GUBBIO;VIA GUBBIO;;;Scontro frontale/laterale DX fra veicoli in marcia;Incrocio;Due carreggiate;Asciutto;Asfaltata;Verticale ed orizzontale;Sereno;Normale;Buona;Ore Diurne;0;0;0;3;12,52716;41,87755;-1;1;Autovettura privata;In marcia / fermata / arresto;Citroen;C3;Conducente;1977;M;Illeso;0;;;
3539222;9;04/11/2017 09:45:00;Strada Urbana;VIA NOCERA UMBRA;all'intersezione con;VIA GUBBIO;VIA GUBBIO;;;Scontro frontale/laterale DX fra veicoli in marcia;Incrocio;Due carreggiate;Asciutto;Asfaltata;Verticale ed orizzontale;Sereno;Normale;Buona;Ore Diurne;0;0;0;3;12,52716;41,87755;-1;1;Autovettura privata;In marcia / fermata / arresto;Citroen;C3;Passeggero;2008;M;Illeso;0;;Non accertato;Inesploso
3539222;9;04/11/2017 09:45:00;Strada Urbana;VIA NOCERA UMBRA;all'intersezione con;VIA GUBBIO;VIA GUBBIO;;;Scontro frontale/laterale DX fra veicoli in marcia;Incrocio;Due carreggiate;Asciutto;Asfaltata;Verticale ed orizzontale;Sereno;Normale;Buona;Ore Diurne;0;0;0;3;12,52716;41,87755;-1;2;Autovettura privata;In marcia / fermata / arresto;Volkswagen;Polo;Conducente;1989;M;Illeso;0;;Non accertato;Inesploso
3539240;4;03/11/2017 06:45:00;;VIA DELLE VIGNE NUOVE;all'intersezione con;LARGO LUCHINO VISCONTI;LARGO LUCHINO VISCONTI;;;Scontro laterale fra veicoli in marcia;;;;;;;;;;0;0;0;2;12,53582;41,95536;0;1;Autovettura privata;In marcia / fermata / arresto;Smart ;for two;Conducente;1977;F;Illeso;0;;;
3539240;4;03/11/2017 06:45:00;;VIA DELLE VIGNE NUOVE;all'intersezione con;LARGO LUCHINO VISCONTI;LARGO LUCHINO VISCONTI;;;Scontro laterale fra veicoli in marcia;;;;;;;;;;0;0;0;2;12,53582;41,95536;0;2;Autovettura pubblica;In marcia / fermata / arresto;Mercedes;350;Conducente;1980;M;Illeso;0;;;
3539261;4;03/11/2017 08:40:00;;CORSO SEMPIONE;all'intersezione semaforizzata con;VIALE TIRRENO;VIALE TIRRENO;;;Scontro frontale/laterale SX fra veicoli in marcia;;;;;;;;;;1;0;0;1;12,53397;41,93525;0;1;Autovettura privata;In marcia / fermata / arresto;Opel;Astra;Conducente;1948;M;Illeso;0;;;
3539261;4;03/11/2017 08:40:00;;CORSO SEMPIONE;all'intersezione semaforizzata con;VIALE TIRRENO;VIALE TIRRENO;;;Scontro frontale/laterale SX fra veicoli in marcia;;;;;;;;;;1;0;0;1;12,53397;41,93525;0;2;Motociclo a solo;In marcia / fermata / arresto;Honda;jf 28;Conducente;1996;M;Rimandato;0;NON DECEDUTO;;
3539281;19;05/11/2017 16:30:00;Strada Urbana;GALLERIA GIOVANNI XXIII;da specificare;;;;altezza Km 1,500;Scontro laterale fra veicoli in marcia;Galleria illuminata;Una carreggiata a senso unico di marcia;Bagnato (pioggia);Asfaltata;Verticale ed orizzontale;Pioggia in atto;Normale;Buona;Ore Diurne;0;0;0;11;12,44128;41,94052;-1;1;Autocarro inferiore 35 q.;In marcia / fermata / arresto;Fiat;Iveco;Conducente;1983;M;Illeso;0;;;
3539281;19;05/11/2017 16:30:00;Strada Urbana;GALLERIA GIOVANNI XXIII;da specificare;;;;altezza Km 1,500;Scontro laterale fra veicoli in marcia;Galleria illuminata;Una carreggiata a senso unico di marcia;Bagnato (pioggia);Asfaltata;Verticale ed orizzontale;Pioggia in atto;Normale;Buona;Ore Diurne;0;0;0;11;12,44128;41,94052;-1;2;Autovettura privata;In marcia / fermata / arresto;Fiat;Panda;Conducente;1994;F;Illeso;0;;;
3539281;19;05/11/2017 16:30:00;Strada Urbana;GALLERIA GIOVANNI XXIII;da specificare;;;;altezza Km 1,500;Scontro laterale fra veicoli in marcia;Galleria illuminata;Una carreggiata a senso unico di marcia;Bagnato (pioggia);Asfaltata;Verticale ed orizzontale;Pioggia in atto;Normale;Buona;Ore Diurne;0;0;0;11;12,44128;41,94052;-1;2;Autovettura privata;In marcia / fermata / arresto;Fiat;Panda;Passeggero;1990;F;Illeso;0;;;
3539281;19;05/11/2017 16:30:00;Strada Urbana;GALLERIA GIOVANNI XXIII;da specificare;;;;altezza Km 1,500;Scontro laterale fra veicoli in marcia;Galleria illuminata;Una carreggiata a senso unico di marcia;Bagnato (pioggia);Asfaltata;Verticale ed orizzontale;Pioggia in atto;Normale;Buona;Ore Diurne;0;0;0;11;12,44128;41,94052;-1;2;Autovettura privata;In marcia / fermata / arresto;Fiat;Panda;Passeggero;1991;F;Illeso;0;;;
3539281;19;05/11/2017 16:30:00;Strada Urbana;GALLERIA GIOVANNI XXIII;da specificare;;;;altezza Km 1,500;Scontro laterale fra veicoli in marcia;Galleria illuminata;Una carreggiata a senso unico di marcia;Bagnato (pioggia);Asfaltata;Verticale ed orizzontale;Pioggia in atto;Normale;Buona;Ore Diurne;0;0;0;11;12,44128;41,94052;-1;2;Autovettura privata;In marcia / fermata / arresto;Fiat;Panda;Passeggero;1995;F;Illeso;0;;;
3539281;19;05/11/2017 16:30:00;Strada Urbana;GALLERIA GIOVANNI XXIII;da specificare;;;;altezza Km 1,500;Scontro laterale fra veicoli in marcia;Galleria illuminata;Una carreggiata a senso unico di marcia;Bagnato (pioggia);Asfaltata;Verticale ed orizzontale;Pioggia in atto;Normale;Buona;Ore Diurne;0;0;0;11;12,44128;41,94052;-1;2;Autovettura privata;In marcia / fermata / arresto;Fiat;Panda;Passeggero;1996;M;Illeso;0;;;
3539281;19;05/11/2017 16:30:00;Strada Urbana;GALLERIA GIOVANNI XXIII;da specificare;;;;altezza Km 1,500;Scontro laterale fra veicoli in marcia;Galleria illuminata;Una carreggiata a senso unico di marcia;Bagnato (pioggia);Asfaltata;Verticale ed orizzontale;Pioggia in atto;Normale;Buona;Ore Diurne;0;0;0;11;12,44128;41,94052;-1;3;Autovettura privata;In marcia / fermata / arresto;Daimler;Chrysler Smart;Conducente;1990;M;Illeso;0;;;
3539281;19;05/11/2017 16:30:00;Strada Urbana;GALLERIA GIOVANNI XXIII;da specificare;;;;altezza Km 1,500;Scontro laterale fra veicoli in marcia;Galleria illuminata;Una carreggiata a senso unico di marcia;Bagnato (pioggia);Asfaltata;Verticale ed orizzontale;Pioggia in atto;Normale;Buona;Ore Diurne;0;0;0;11;12,44128;41,94052;-1;3;Autovettura privata;In marcia / fermata / arresto;Daimler;Chrysler Smart;Passeggero;1990;F;Illeso;0;;;
3539281;19;05/11/2017 16:30:00;Strada Urbana;GALLERIA GIOVANNI XXIII;da specificare;;;;altezza Km 1,500;Scontro laterale fra veicoli in marcia;Galleria illuminata;Una carreggiata a senso unico di marcia;Bagnato (pioggia);Asfaltata;Verticale ed orizzontale;Pioggia in atto;Normale;Buona;Ore Diurne;0;0;0;11;12,44128;41,94052;-1;4;Autovettura privata;In marcia / fermata / arresto;SSangyong;Korando;Conducente;1973;M;Illeso;0;;;
3539281;19;05/11/2017 16:30:00;Strada Urbana;GALLERIA GIOVANNI XXIII;da specificare;;;;altezza Km 1,500;Scontro laterale fra veicoli in marcia;Galleria illuminata;Una carreggiata a senso unico di marcia;Bagnato (pioggia);Asfaltata;Verticale ed orizzontale;Pioggia in atto;Normale;Buona;Ore Diurne;0;0;0;11;12,44128;41,94052;-1;4;Autovettura privata;In marcia / fermata / arresto;SSangyong;Korando;Passeggero;1973;F;Illeso;0;;;
3539281;19;05/11/2017 16:30:00;Strada Urbana;GALLERIA GIOVANNI XXIII;da specificare;;;;altezza Km 1,500;Scontro laterale fra veicoli in marcia;Galleria illuminata;Una carreggiata a senso unico di marcia;Bagnato (pioggia);Asfaltata;Verticale ed orizzontale;Pioggia in atto;Normale;Buona;Ore Diurne;0;0;0;11;12,44128;41,94052;-1;4;Autovettura privata;In marcia / fermata / arresto;SSangyong;Korando;Passeggero;2009;F;Illeso;0;;;
3539288;4;03/11/2017 08:30:00;Strada Urbana;PIAZZA MADRE MARIA TERESA SPINELLI;all'intersezione con;VIA DELLA CISA;VIA DELLA CISA;;;Scontro frontale/laterale SX fra veicoli in marcia;Intersezione stradale segnalata;Una carreggiata a doppio senso;Bagnato (umidità in atto);Asfaltata;Verticale ed orizzontale;Nuvoloso;Scarso;Buona;Ore Diurne;1;0;0;1;12,53762;41,93564;0;1;Autovettura privata;In marcia / fermata / arresto;Honda;Jazz;Conducente;1962;F;Illeso;0;;;
3539288;4;03/11/2017 08:30:00;Strada Urbana;PIAZZA MADRE MARIA TERESA SPINELLI;all'intersezione con;VIA DELLA CISA;VIA DELLA CISA;;;Scontro frontale/laterale SX fra veicoli in marcia;Intersezione stradale segnalata;Una carreggiata a doppio senso;Bagnato (umidità in atto);Asfaltata;Verticale ed orizzontale;Nuvoloso;Scarso;Buona;Ore Diurne;1;0;0;1;12,53762;41,93564;0;2;Motociclo a solo;In marcia / fermata / arresto;Aprilia;Scarabeo;Conducente;1990;F;Rifiuta cure immediate;0;NON DECEDUTO;;
3539736;11;05/11/2017 00:20:00;Strada Urbana;PIAZZA GUGLIELMO MARCONI;all'intersezione con;VIA CRISTOFORO COLOMBO;VIA CRISTOFORO COLOMBO;;;Scontro laterale fra veicoli in marcia;Rotatoria;Due carreggiate;Asciutto;Asfaltata;Verticale ed orizzontale;Sereno;Normale;Sufficiente;Sufficiente;0;0;0;3;;;0;1;Autovettura privata;In marcia / fermata / arresto;Toyota;Aygo;Conducente;1983;F;Illeso;0;;Non accertato;Inesploso
3539736;11;05/11/2017 00:20:00;Strada Urbana;PIAZZA GUGLIELMO MARCONI;all'intersezione con;VIA CRISTOFORO COLOMBO;VIA CRISTOFORO COLOMBO;;;Scontro laterale fra veicoli in marcia;Rotatoria;Due carreggiate;Asciutto;Asfaltata;Verticale ed orizzontale;Sereno;Normale;Sufficiente;Sufficiente;0;0;0;3;;;0;1;Autovettura privata;In marcia / fermata / arresto;Toyota;Aygo;Passeggero;0;F;Illeso;0;;;
3539738;9;05/11/2017 17:15:00;;VIA APPIA NUOVA;all'intersezione semaforizzata con;VIA DI TORRE DEL FISCALE;VIA DI TORRE DEL FISCALE;;;Scontro laterale fra veicoli in marcia;;;;;;;;;;4;0;0;3;12,53953;41,85532;0;1;Autovettura privata;In marcia / fermata / arresto;Suzuki;Santana;Conducente;1972;M;Illeso;0;;Non accertato;Inesploso
3539738;9;05/11/2017 17:15:00;;VIA APPIA NUOVA;all'intersezione semaforizzata con;VIA DI TORRE DEL FISCALE;VIA DI TORRE DEL FISCALE;;;Scontro laterale fra veicoli in marcia;;;;;;;;;;4;0;0;3;12,53953;41,85532;0;1;Autovettura privata;In marcia / fermata / arresto;Suzuki;Santana;Passeggero;2002;F;Illeso;0;;Non accertato;Inesploso
3539738;9;05/11/2017 17:15:00;;VIA APPIA NUOVA;all'intersezione semaforizzata con;VIA DI TORRE DEL FISCALE;VIA DI TORRE DEL FISCALE;;;Scontro laterale fra veicoli in marcia;;;;;;;;;;4;0;0;3;12,53953;41,85532;0;1;Autovettura privata;In marcia / fermata / arresto;Suzuki;Santana;Passeggero;2005;F;Rimandato;0;NON DECEDUTO;Non accertato;Inesploso
3539738;9;05/11/2017 17:15:00;;VIA APPIA NUOVA;all'intersezione semaforizzata con;VIA DI TORRE DEL FISCALE;VIA DI TORRE DEL FISCALE;;;Scontro laterale fra veicoli in marcia;;;;;;;;;;4;0;0;3;12,53953;41,85532;0;2;Autovettura privata;In marcia / fermata / arresto;Skoda;Fabia;Conducente;1971;M;Rimandato;0;NON DECEDUTO;Non accertato;Inesploso
3539738;9;05/11/2017 17:15:00;;VIA APPIA NUOVA;all'intersezione semaforizzata con;VIA DI TORRE DEL FISCALE;VIA DI TORRE DEL FISCALE;;;Scontro laterale fra veicoli in marcia;;;;;;;;;;4;0;0;3;12,53953;41,85532;0;2;Autovettura privata;In marcia / fermata / arresto;Skoda;Fabia;Passeggero;1974;F;Rimandato;0;NON DECEDUTO;;
3539738;9;05/11/2017 17:15:00;;VIA APPIA NUOVA;all'intersezione semaforizzata con;VIA DI TORRE DEL FISCALE;VIA DI TORRE DEL FISCALE;;;Scontro laterale fra veicoli in marcia;;;;;;;;;;4;0;0;3;12,53953;41,85532;0;2;Autovettura privata;In marcia / fermata / arresto;Skoda;Fabia;Passeggero;2005;F;Rimandato;0;NON DECEDUTO;Non accertato;Inesploso
3539738;9;05/11/2017 17:15:00;;VIA APPIA NUOVA;all'intersezione semaforizzata con;VIA DI TORRE DEL FISCALE;VIA DI TORRE DEL FISCALE;;;Scontro laterale fra veicoli in marcia;;;;;;;;;;4;0;0;3;12,53953;41,85532;0;2;Autovettura privata;In marcia / fermata / arresto;Skoda;Fabia;Passeggero;2009;M;Illeso;0;;Non accertato;Inesploso
3539740;15;05/11/2017 12:00:00;;VIA PORTUENSE;in prossimità;;del civico n.;876;;Scontro laterale fra veicoli in marcia;;;;;;;;;;1;0;0;2;;;0;1;Autovettura privata;In marcia / fermata / arresto;Range Rover;EVOQUE;Conducente;0;M;Illeso;0;;;
3539740;15;05/11/2017 12:00:00;;VIA PORTUENSE;in prossimità;;del civico n.;876;;Scontro laterale fra veicoli in marcia;;;;;;;;;;1;0;0;2;;;0;2;Autovettura privata;In marcia / fermata / arresto;Toyota;IQ;Conducente;0;M;Illeso;0;;;
3539740;15;05/11/2017 12:00:00;;VIA PORTUENSE;in prossimità;;del civico n.;876;;Scontro laterale fra veicoli in marcia;;;;;;;;;;1;0;0;2;;;0;2;Autovettura privata;In marcia / fermata / arresto;Toyota;IQ;Passeggero;0;F;Rimandato;0;NON DECEDUTO;;
3539742;9;05/11/2017 18:15:00;;VIA DEL MANDRIONE;in corrispondenza;;del civico n.;347;;Veicolo in marcia contro ostacolo fisso;;;;;;;;;;0;0;0;2;12,54039;41,8704;0;1;Autovettura privata;In marcia / fermata / arresto;Fiat-Lancia;Musa;Conducente;1983;M;Illeso;0;;Non accertato;Inesploso
3539742;9;05/11/2017 18:15:00;;VIA DEL MANDRIONE;in corrispondenza;;del civico n.;347;;Veicolo in marcia contro ostacolo fisso;;;;;;;;;;0;0;0;2;12,54039;41,8704;0;1;Autovettura privata;In marcia / fermata / arresto;Fiat-Lancia;Musa;Passeggero;1982;F;Illeso;0;;Non accertato;Inesploso
3539743;9;06/11/2017 01:00:00;;VIA APPIA NUOVA;in prossimità;;del civico n.;1257;;Veicolo in marcia contro ostacolo accidentale;;;;;;;;;;0;0;0;2;12,57006;41,81612;0;1;Autovettura privata;In marcia / fermata / arresto;Lancia;Ypsilon;Conducente;1980;M;Illeso;0;;Non accertato;Inesploso
3539743;9;06/11/2017 01:00:00;;VIA APPIA NUOVA;in prossimità;;del civico n.;1257;;Veicolo in marcia contro ostacolo accidentale;;;;;;;;;;0;0;0;2;12,57006;41,81612;0;1;Autovettura privata;In marcia / fermata / arresto;Lancia;Ypsilon;Passeggero;1981;F;Illeso;0;;Non accertato;Inesploso
3539745;15;03/11/2017 16:10:00;;PIAZZA DELLA RADIO;da specificare;;;;inter Via Pacinotti fronte area parcheggio;Infortunio per sola frenata improvvisa;;;;;;;;;;1;0;0;1;;;0;1;Autovettura privata;In marcia / fermata / arresto;Toyota;Auris;Conducente;0;M;Illeso;0;;;
3539745;15;03/11/2017 16:10:00;;PIAZZA DELLA RADIO;da specificare;;;;inter Via Pacinotti fronte area parcheggio;Infortunio per sola frenata improvvisa;;;;;;;;;;1;0;0;1;;;0;2;Motociclo a solo;In marcia / fermata / arresto;Honda;PCX;Conducente;0;M;Rifiuta cure immediate;0;NON DECEDUTO;;
3539747;15;04/11/2017 12:20:00;;VIA DELLA MAGLIANA;in corrispondenza;;del civico n.;202;;Tamponamento;;;;;;;;;;0;0;0;2;;;0;1;Autovettura privata;In marcia / fermata / arresto;BMW;390 L;Conducente;0;M;Illeso;0;;;
3539747;15;04/11/2017 12:20:00;;VIA DELLA MAGLIANA;in corrispondenza;;del civico n.;202;;Tamponamento;;;;;;;;;;0;0;0;2;;;0;2;Autovettura privata;In marcia / fermata / arresto;Lancia;Y;Conducente;0;M;Illeso;0;;;
3539748;11;04/11/2017 17:00:00;Strada Urbana;VIA ARDEATINA;in prossimità;;del palo luce n.;100;;Scontro frontale fra veicoli in marcia;Rettilineo;Una carreggiata a doppio senso;Asciutto;Asfaltata;Verticale ed orizzontale;Grandine in atto;Intenso;Sufficiente;Ore Diurne;4;0;0;0;12,54149;41,77942;0;1;Autovettura privata;In marcia / fermata / arresto;Smart ;Fortwo Coupe;Conducente;1960;F;Rimandato;0;NON DECEDUTO;Non accertato;
3539748;11;04/11/2017 17:00:00;Strada Urbana;VIA ARDEATINA;in prossimità;;del palo luce n.;100;;Scontro frontale fra veicoli in marcia;Rettilineo;Una carreggiata a doppio senso;Asciutto;Asfaltata;Verticale ed orizzontale;Grandine in atto;Intenso;Sufficiente;Ore Diurne;4;0;0;0;12,54149;41,77942;0;1;Autovettura privata;In marcia / fermata / arresto;Smart ;Fortwo Coupe;Passeggero;1994;F;Rimandato;0;NON DECEDUTO;;
3539748;11;04/11/2017 17:00:00;Strada Urbana;VIA ARDEATINA;in prossimità;;del palo luce n.;100;;Scontro frontale fra veicoli in marcia;Rettilineo;Una carreggiata a doppio senso;Asciutto;Asfaltata;Verticale ed orizzontale;Grandine in atto;Intenso;Sufficiente;Ore Diurne;4;0;0;0;12,54149;41,77942;0;2;Autovettura privata;In marcia / fermata / arresto;Fiat;Punto;Conducente;1949;M;Ricoverato;0;NON DECEDUTO;;
3539748;11;04/11/2017 17:00:00;Strada Urbana;VIA ARDEATINA;in prossimità;;del palo luce n.;100;;Scontro frontale fra veicoli in marcia;Rettilineo;Una carreggiata a doppio senso;Asciutto;Asfaltata;Verticale ed orizzontale;Grandine in atto;Intenso;Sufficiente;Ore Diurne;4;0;0;0;12,54149;41,77942;0;2;Autovettura privata;In marcia / fermata / arresto;Fiat;Punto;Passeggero;1948;F;Rimandato;0;NON DECEDUTO;;
3539752;15;04/11/2017 10:15:00;;VIALE GUGLIELMO MARCONI;all'intersezione semaforizzata con;VIA PIETRO BLASERNA;VIA PIETRO BLASERNA;;;Scontro frontale/laterale SX fra veicoli in marcia;;;;;;;;;;1;0;0;2;;;0;1;Autovettura privata;In marcia / fermata / arresto;Toyota;Yaris;Conducente;0;M;Rimandato;0;NON DECEDUTO;;
3539752;15;04/11/2017 10:15:00;;VIALE GUGLIELMO MARCONI;all'intersezione semaforizzata con;VIA PIETRO BLASERNA;VIA PIETRO BLASERNA;;;Scontro frontale/laterale SX fra veicoli in marcia;;;;;;;;;;1;0;0;2;;;0;1;Autovettura privata;In marcia / fermata / arresto;Toyota;Yaris;Passeggero;0;M;Illeso;0;;;
3539752;15;04/11/2017 10:15:00;;VIALE GUGLIELMO MARCONI;all'intersezione semaforizzata con;VIA PIETRO BLASERNA;VIA PIETRO BLASERNA;;;Scontro frontale/laterale SX fra veicoli in marcia;;;;;;;;;;1;0;0;2;;;0;2;Autovettura privata;In marcia / fermata / arresto;Toyota;Corolla;Conducente;0;M;Illeso;0;;;
3539753;11;05/11/2017 08:00:00;Strada Urbana;VIA SILVIO D'AMICO;all'intersezione semaforizzata con;VIA GASPARE GOZZI;VIA GASPARE GOZZI;;;Scontro frontale/laterale DX fra veicoli in marcia;Incrocio;Due carreggiate;Asciutto;Asfaltata;Verticale ed orizzontale;Sereno;Scarso;Buona;Ore Diurne;1;0;0;1;12,47782;41,85198;0;1;Autovettura privata;In marcia / fermata / arresto;Peugeot;206;Conducente;1970;F;Rifiuta cure immediate;0;NON DECEDUTO;;
3539753;11;05/11/2017 08:00:00;Strada Urbana;VIA SILVIO D'AMICO;all'intersezione semaforizzata con;VIA GASPARE GOZZI;VIA GASPARE GOZZI;;;Scontro frontale/laterale DX fra veicoli in marcia;Incrocio;Due carreggiate;Asciutto;Asfaltata;Verticale ed orizzontale;Sereno;Scarso;Buona;Ore Diurne;1;0;0;1;12,47782;41,85198;0;2;Autovettura privata;In marcia / fermata / arresto;Renault;Clio;Conducente;1948;F;Illeso;0;;;
3539754;15;05/11/2017 21:35:00;;VIA GIANCARLO PASSERONI;da specificare;;;;fronte ospedale Grassi;Investimento di pedone;;;;;;;;;;0;1;0;2;;;0;;;;;;Pedone;0;M;Prognosi riservata;0;NON DECEDUTO;;
3539754;15;05/11/2017 21:35:00;;VIA GIANCARLO PASSERONI;da specificare;;;;fronte ospedale Grassi;Investimento di pedone;;;;;;;;;;0;1;0;2;;;0;1;Autovettura privata;In marcia / fermata / arresto;Peugeot;207;Conducente;0;F;Illeso;0;;;
3539754;15;05/11/2017 21:35:00;;VIA GIANCARLO PASSERONI;da specificare;;;;fronte ospedale Grassi;Investimento di pedone;;;;;;;;;;0;1;0;2;;;0;1;Autovettura privata;In marcia / fermata / arresto;Peugeot;207;Passeggero;0;F;Illeso;0;;;
3539762;6;05/11/2017 16:45:00;Strada Urbana;VIA ANTONIO RAIMONDI;in prossimità;;del civico n.;86;;Veicolo in marcia contro veicolo in sosta;Rettilineo;Una carreggiata a senso unico di marcia;Bagnato (pioggia);Asfaltata;Assente;Nuvoloso;Scarso;Sufficiente;Sufficiente;0;0;0;1;12,53275;41,89105;-1;1;Autovettura privata;In marcia / fermata / arresto;Nissan;QASHQAI;Conducente;1968;M;Illeso;0;;;
3539767;18;03/11/2017 20:00:00;Strada Urbana;VIA DI BOCCEA;all'intersezione con;LARGO GREGORIO XIII;LARGO GREGORIO XIII;;;Tamponamento;Incrocio;Una carreggiata a doppio senso;Asciutto;Asfaltata;Verticale ed orizzontale;Sereno;Scarso;Sufficiente;Sufficiente;0;0;0;3;12,37296;41,92203;-1;1;Autovettura privata;In marcia / fermata / arresto;Ford;EcoSport;Conducente;1995;M;Illeso;0;;;
3539767;18;03/11/2017 20:00:00;Strada Urbana;VIA DI BOCCEA;all'intersezione con;LARGO GREGORIO XIII;LARGO GREGORIO XIII;;;Tamponamento;Incrocio;Una carreggiata a doppio senso;Asciutto;Asfaltata;Verticale ed orizzontale;Sereno;Scarso;Sufficiente;Sufficiente;0;0;0;3;12,37296;41,92203;-1;1;Autovettura privata;In marcia / fermata / arresto;Ford;EcoSport;Passeggero;1995;M;Illeso;0;;;
3539767;18;03/11/2017 20:00:00;Strada Urbana;VIA DI BOCCEA;all'intersezione con;LARGO GREGORIO XIII;LARGO GREGORIO XIII;;;Tamponamento;Incrocio;Una carreggiata a doppio senso;Asciutto;Asfaltata;Verticale ed orizzontale;Sereno;Scarso;Sufficiente;Sufficiente;0;0;0;3;12,37296;41,92203;-1;2;Autovettura privata;In marcia / fermata / arresto;Peugeot;(ignoto);Conducente;1968;M;Illeso;0;;;
3539768;5;03/11/2017 11:45:00;Strada Urbana;VIA UGO PESCI;all'intersezione con;VIA TANCREDI CARTELLA;VIA TANCREDI CARTELLA;;;Scontro frontale/laterale DX fra veicoli in marcia;Incrocio;Una carreggiata a doppio senso;Bagnato (pioggia);Asfaltata;Verticale ed orizzontale;Nuvoloso;Scarso;Buona;Ore Diurne;0;0;0;2;;;0;1;Autovettura privata;In marcia / fermata / arresto;Volkswagen;Golf;Conducente;1973;M;Illeso;0;;Non accertato;Inesploso
3539768;5;03/11/2017 11:45:00;Strada Urbana;VIA UGO PESCI;all'intersezione con;VIA TANCREDI CARTELLA;VIA TANCREDI CARTELLA;;;Scontro frontale/laterale DX fra veicoli in marcia;Incrocio;Una carreggiata a doppio senso;Bagnato (pioggia);Asfaltata;Verticale ed orizzontale;Nuvoloso;Scarso;Buona;Ore Diurne;0;0;0;2;;;0;2;Autovettura privata;In marcia / fermata / arresto;Renault;Clio;Conducente;1983;F;Illeso;0;;Non accertato;Inesploso
3539769;18;03/11/2017 20:00:00;Strada Urbana;VIA DI CASAL SELCE;in corrispondenza;;del civico n.;389;;Scontro frontale/laterale DX fra veicoli in marcia;Rettilineo;Una carreggiata a doppio senso;Asciutto;Asfaltata;Verticale ed orizzontale;Sereno;Scarso;Sufficiente;Sufficiente;0;0;0;2;12,35251;41,91722;-1;1;Autovettura privata;In marcia / fermata / arresto;Mercedes;Smart City Coupè CDI;Conducente;1995;M;Illeso;0;;;
3539769;18;03/11/2017 20:00:00;Strada Urbana;VIA DI CASAL SELCE;in corrispondenza;;del civico n.;389;;Scontro frontale/laterale DX fra veicoli in marcia;Rettilineo;Una carreggiata a doppio senso;Asciutto;Asfaltata;Verticale ed orizzontale;Sereno;Scarso;Sufficiente;Sufficiente;0;0;0;2;12,35251;41,91722;-1;2;Autovettura privata;In marcia / fermata / arresto;Volkswagen;Polo;Conducente;1984;F;Illeso;0;;;
3539770;13;05/11/2017 15:47:00;;VIA DELLA CORAZZATA;in prossimità;;del civico n.;37;;Scontro frontale/laterale SX fra veicoli in marcia;;;;;;;;;;0;0;0;5;12,26413;41,73633;0;1;Autovettura privata;In marcia / fermata / arresto;Volkswagen;Polo;Conducente;1975;M;Illeso;0;;Non accertato;Inesploso
3539770;13;05/11/2017 15:47:00;;VIA DELLA CORAZZATA;in prossimità;;del civico n.;37;;Scontro frontale/laterale SX fra veicoli in marcia;;;;;;;;;;0;0;0;5;12,26413;41,73633;0;1;Autovettura privata;In marcia / fermata / arresto;Volkswagen;Polo;Passeggero;1978;F;Illeso;0;;Non accertato;Inesploso