Protocollo;Gruppo;DataOraIncidente;Localizzazione1;STRADA1;Localizzazione2;STRADA2;Strada02;Chilometrica;DaSpecificare;NaturaIncidente;particolaritastrade;TipoStrada;FondoStradale;Pavimentazione;Segnaletica;CondizioneAtmosferica;Traffico;Visibilita;Illuminazione;NUM_FERITI;NUM_RISERVATA;NUM_MORTI;NUM_ILLESI;Longitudine;Latitudine;Confermato;Progressivo;TipoVeicolo;StatoVeicolo;Marca;Modello;TipoPersona;AnnoNascita;Sesso;Tipolesione;Deceduto;DecedutoDopo;CinturaCascoUtilizzato;Airbag;
3539770;13;05/11/2017 15:47:00;;VIA DELLA CORAZZATA;in prossimità;;del civico n.;37;;Scontro frontale/laterale SX fra veicoli in marcia;;;;;;;;;;0;0;0;5;12,26413;41,73633;0;1;Autovettura privata;In marcia / fermata / arresto;Volkswagen;Polo;Passeggero;2002;M;Illeso;0;;Non accertato;Inesploso
3539770;13;05/11/2017 15:47:00;;VIA DELLA CORAZZATA;in prossimità;;del civico n.;37;;Scontro frontale/laterale SX fra veicoli in marcia;;;;;;;;;;0;0;0;5;12,26413;41,73633;0;1;Autovettura privata;In marcia / fermata / arresto;Volkswagen;Polo;Passeggero;2006;F;Illeso;0;;Non accertato;Inesploso
3539770;13;05/11/2017 15:47:00;;VIA DELLA CORAZZATA;in prossimità;;del civico n.;37;;Scontro frontale/laterale SX fra veicoli in marcia;;;;;;;;;;0;0;0;5;12,26413;41,73633;0;2;Autovettura privata;In marcia / fermata / arresto;Renault;Modus;Conducente;1985;M;Illeso;0;;Non accertato;Inesploso
3539774;18;03/11/2017 18:15:00;Strada Urbana;PIAZZA PIO XI;da specificare;;;;FRONTE CIVICO 27;Tamponamento;Rettilineo;Più di due carreggiate;Asciutto;Asfaltata;Verticale ed orizzontale;Nuvoloso;Intenso;Sufficiente;Sufficiente;0;0;0;3;;;0;1;Autovettura privata;In marcia / fermata / arresto;Ford;(ignoto);Conducente;1944;M;Illeso;0;;;
3539774;18;03/11/2017 18:15:00;Strada Urbana;PIAZZA PIO XI;da specificare;;;;FRONTE CIVICO 27;Tamponamento;Rettilineo;Più di due carreggiate;Asciutto;Asfaltata;Verticale ed orizzontale;Nuvoloso;Intenso;Sufficiente;Sufficiente;0;0;0;3;;;0;1;Autovettura privata;In marcia / fermata / arresto;Ford;(ignoto);Passeggero;1946;F;Illeso;0;;;
3539774;18;03/11/2017 18:15:00;Strada Urbana;PIAZZA PIO XI;da specificare;;;;FRONTE CIVICO 27;Tamponamento;Rettilineo;Più di due carreggiate;Asciutto;Asfaltata;Verticale ed orizzontale;Nuvoloso;Intenso;Sufficiente;Sufficiente;0;0;0;3;;;0;2;Autovettura privata;In marcia / fermata / arresto;Fiat;500;Conducente;1981;M;Illeso;0;;;
3539777;5;03/11/2017 13:15:00;Strada Urbana;PIAZZALE DELLA STAZIONE TIBURTINA;da specificare;;;;via A. aglietta x p.le Spadolini;Scontro laterale fra veicoli in marcia;Rettilineo;Una carreggiata a senso unico di marcia;Bagnato (pioggia);Asfaltata;Verticale ed orizzontale;Pioggia in atto;Normale;Sufficiente;Ore Diurne;0;0;0;2;;;0;1;Autovettura privata;In marcia / fermata / arresto;Toyota;IQ;Conducente;1985;F;Illeso;0;;Non accertato;Inesploso
3539777;5;03/11/2017 13:15:00;Strada Urbana;PIAZZALE DELLA STAZIONE TIBURTINA;da specificare;;;;via A. aglietta x p.le Spadolini;Scontro laterale fra veicoli in marcia;Rettilineo;Una carreggiata a senso unico di marcia;Bagnato (pioggia);Asfaltata;Verticale ed orizzontale;Pioggia in atto;Normale;Sufficiente;Ore Diurne;0;0;0;2;;;0;2;Autobus di linea;In marcia / fermata / arresto;TEMSA;AVENUE LF;Conducente;1972;M;Illeso;0;;Non accertato;Inesploso
3539778;10;06/11/2017 06:45:00;Strada Urbana;VIALE ANTONIO CIAMARRA;in corrispondenza;;del civico n.;151;;Scontro laterale fra veicoli in marcia;Rettilineo;Due carreggiate;Bagnato (umidità in atto);Asfaltata;Verticale ed orizzontale;Sereno;Normale;Buona;Ore Diurne;0;0;0;2;12,59058;41,85085;-1;1;Autovettura privata;In marcia / fermata / arresto;Audi;A 4;Conducente;1980;M;Illeso;0;;Non accertato;Inesploso
3539778;10;06/11/2017 06:45:00;Strada Urbana;VIALE ANTONIO CIAMARRA;in corrispondenza;;del civico n.;151;;Scontro laterale fra veicoli in marcia;Rettilineo;Due carreggiate;Bagnato (umidità in atto);Asfaltata;Verticale ed orizzontale;Sereno;Normale;Buona;Ore Diurne;0;0;0;2;12,59058;41,85085;-1;2;Autovettura privata;In marcia / fermata / arresto;Fiat;Punto;Conducente;1933;M;Illeso;0;;Non accertato;Inesploso
3539779;6;06/11/2017 04:10:00;Strada Urbana;VIA PRENESTINA;da specificare;;;;altezza svincolo GRA;Scontro frontale fra veicoli in marcia;Rettilineo;Una carreggiata a doppio senso;Bagnato (umidità in atto);Asfaltata;Verticale ed orizzontale;Nuvoloso;Scarso;Insufficiente;Insufficiente;1;0;0;1;;;0;1;Autocarro inferiore 35 q.;In marcia / fermata / arresto;Ford;Transit;Conducente;1965;M;Illeso;0;;;
3539779;6;06/11/2017 04:10:00;Strada Urbana;VIA PRENESTINA;da specificare;;;;altezza svincolo GRA;Scontro frontale fra veicoli in marcia;Rettilineo;Una carreggiata a doppio senso;Bagnato (umidità in atto);Asfaltata;Verticale ed orizzontale;Nuvoloso;Scarso;Insufficiente;Insufficiente;1;0;0;1;;;0;2;Autovettura privata;In marcia / fermata / arresto;Mercedes;Smart Fortwo;Conducente;1977;M;Rimandato;0;NON DECEDUTO;;
3539780;18;03/11/2017 16:00:00;Strada Urbana;VIA FRANCESCO TORTA;in corrispondenza;;del civico n.;6;;Scontro frontale/laterale SX fra veicoli in marcia;Rettilineo;Una carreggiata a doppio senso;Bagnato (pioggia);Asfaltata;Assente;Nuvoloso;Scarso;Buona;Ore Diurne;0;0;0;2;12,3981;41,91439;-1;1;Autovettura privata;In marcia / fermata / arresto;Chevrolet;Matiz;Conducente;1989;M;Illeso;0;;;
3539780;18;03/11/2017 16:00:00;Strada Urbana;VIA FRANCESCO TORTA;in corrispondenza;;del civico n.;6;;Scontro frontale/laterale SX fra veicoli in marcia;Rettilineo;Una carreggiata a doppio senso;Bagnato (pioggia);Asfaltata;Assente;Nuvoloso;Scarso;Buona;Ore Diurne;0;0;0;2;12,3981;41,91439;-1;2;Autovettura privata;In marcia / fermata / arresto;Ford;Fusion;Conducente;1998;M;Illeso;0;;;
3539783;6;05/11/2017 11:00:00;Strada Urbana;VIA PRENESTINA;in prossimità;;del civico n.;351;;Tamponamento;Rettilineo;Più di due carreggiate;Asciutto;Asfaltata;Orizzontale;Nuvoloso;Scarso;Buona;Ore Diurne;0;0;0;3;12,55496;41,89417;-1;1;Autovettura privata;In marcia / fermata / arresto;Mazda;2;Conducente;1941;M;Illeso;0;;;
3539783;6;05/11/2017 11:00:00;Strada Urbana;VIA PRENESTINA;in prossimità;;del civico n.;351;;Tamponamento;Rettilineo;Più di due carreggiate;Asciutto;Asfaltata;Orizzontale;Nuvoloso;Scarso;Buona;Ore Diurne;0;0;0;3;12,55496;41,89417;-1;1;Autovettura privata;In marcia / fermata / arresto;Mazda;2;Passeggero;1944;M;Illeso;0;;;
3539783;6;05/11/2017 11:00:00;Strada Urbana;VIA PRENESTINA;in prossimità;;del civico n.;351;;Tamponamento;Rettilineo;Più di due carreggiate;Asciutto;Asfaltata;Orizzontale;Nuvoloso;Scarso;Buona;Ore Diurne;0;0;0;3;12,55496;41,89417;-1;2;Autovettura privata;In marcia / fermata / arresto;Chrysler;Voyager;Conducente;1966;M;Illeso;0;;;
3539789;18;03/11/2017 16:15:00;Strada Urbana;VIA DI BOCCEA;all'intersezione semaforizzata con;VIA GIUSEPPE MARELLO;VIA GIUSEPPE MARELLO;;;Scontro frontale/laterale DX fra veicoli in marcia;Intersezione stradale segnalata;Una carreggiata a doppio senso;Asciutto;Asfaltata;Verticale ed orizzontale;Nuvoloso;Normale;Buona;Sufficiente;0;0;0;5;12,37296;41,92203;0;1;Autovettura privata;In marcia / fermata / arresto;Renault;Twingo;Conducente;1973;F;Illeso;0;;;
3539789;18;03/11/2017 16:15:00;Strada Urbana;VIA DI BOCCEA;all'intersezione semaforizzata con;VIA GIUSEPPE MARELLO;VIA GIUSEPPE MARELLO;;;Scontro frontale/laterale DX fra veicoli in marcia;Intersezione stradale segnalata;Una carreggiata a doppio senso;Asciutto;Asfaltata;Verticale ed orizzontale;Nuvoloso;Normale;Buona;Sufficiente;0;0;0;5;12,37296;41,92203;0;1;Autovettura privata;In marcia / fermata / arresto;Renault;Twingo;Passeggero;1927;F;Illeso;0;;;
3539789;18;03/11/2017 16:15:00;Strada Urbana;VIA DI BOCCEA;all'intersezione semaforizzata con;VIA GIUSEPPE MARELLO;VIA GIUSEPPE MARELLO;;;Scontro frontale/laterale DX fra veicoli in marcia;Intersezione stradale segnalata;Una carreggiata a doppio senso;Asciutto;Asfaltata;Verticale ed orizzontale;Nuvoloso;Normale;Buona;Sufficiente;0;0;0;5;12,37296;41,92203;0;1;Autovettura privata;In marcia / fermata / arresto;Renault;Twingo;Passeggero;1957;F;Illeso;0;;;
3539789;18;03/11/2017 16:15:00;Strada Urbana;VIA DI BOCCEA;all'intersezione semaforizzata con;VIA GIUSEPPE MARELLO;VIA GIUSEPPE MARELLO;;;Scontro frontale/laterale DX fra veicoli in marcia;Intersezione stradale segnalata;Una carreggiata a doppio senso;Asciutto;Asfaltata;Verticale ed orizzontale;Nuvoloso;Normale;Buona;Sufficiente;0;0;0;5;12,37296;41,92203;0;2;Autovettura privata;In marcia / fermata / arresto;Audi;A 4;Conducente;1939;M;Illeso;0;;;
3539789;18;03/11/2017 16:15:00;Strada Urbana;VIA DI BOCCEA;all'intersezione semaforizzata con;VIA GIUSEPPE MARELLO;VIA GIUSEPPE MARELLO;;;Scontro frontale/laterale DX fra veicoli in marcia;Intersezione stradale segnalata;Una carreggiata a doppio senso;Asciutto;Asfaltata;Verticale ed orizzontale;Nuvoloso;Normale;Buona;Sufficiente;0;0;0;5;12,37296;41,92203;0;2;Autovettura privata;In marcia / fermata / arresto;Audi;A 4;Passeggero;1945;M;Illeso;0;;;
3539790;8;04/11/2017 08:00:00;Strada Urbana;VIA DEL FOSSO DI S. MAURA;all'intersezione semaforizzata con;VIALE ANTONIO CIAMARRA;VIALE ANTONIO CIAMARRA;;;Scontro frontale/laterale SX fra veicoli in marcia;Intersezione semaforizzata;Una carreggiata a doppio senso;Asciutto;Asfaltata;Verticale ed orizzontale;Sereno;Normale;Buona;Ore Diurne;0;0;0;2;;;0;1;Autovettura privata;In marcia / fermata / arresto;Ford;Focus;Conducente;1975;M;Illeso;0;;Non accertato;Inesploso
3539790;8;04/11/2017 08:00:00;Strada Urbana;VIA DEL FOSSO DI S. MAURA;all'intersezione semaforizzata con;VIALE ANTONIO CIAMARRA;VIALE ANTONIO CIAMARRA;;;Scontro frontale/laterale SX fra veicoli in marcia;Intersezione semaforizzata;Una carreggiata a doppio senso;Asciutto;Asfaltata;Verticale ed orizzontale;Sereno;Normale;Buona;Ore Diurne;0;0;0;2;;;0;2;Autovettura privata;In marcia / fermata / arresto;Fiat;Punto;Conducente;1971;M;Illeso;0;;Non accertato;Inesploso
3539793;8;04/11/2017 10:30:00;Strada Urbana;VIALE NUSCO;all'intersezione con;VIA GROTTAMINARDA;VIA GROTTAMINARDA;;;Scontro frontale/laterale DX fra veicoli in marcia;Incrocio;Due carreggiate;Asciutto;Asfaltata;Verticale ed orizzontale;Sereno;Normale;Buona;Ore Diurne;0;0;0;2;;;0;1;Autovettura privata;In marcia / fermata / arresto;Fiat;Punto;Conducente;1938;M;Illeso;0;;Non accertato;Inesploso
3539793;8;04/11/2017 10:30:00;Strada Urbana;VIALE NUSCO;all'intersezione con;VIA GROTTAMINARDA;VIA GROTTAMINARDA;;;Scontro frontale/laterale DX fra veicoli in marcia;Incrocio;Due carreggiate;Asciutto;Asfaltata;Verticale ed orizzontale;Sereno;Normale;Buona;Ore Diurne;0;0;0;2;;;0;2;Autovettura privata;In marcia / fermata / arresto;Peugeot;308 SW;Conducente;1989;M;Illeso;0;;Non accertato;Inesploso
3539796;8;05/11/2017 23:30:00;Strada Urbana;VIA CONTESSA ENTELLINA;all'intersezione con;VIA CALTAVUTURO;VIA CALTAVUTURO;;;Scontro frontale/laterale SX fra veicoli in marcia;Incrocio;Due carreggiate;Asciutto;Asfaltata;Verticale;Sereno;Scarso;Buona;Sufficiente;2;0;0;1;12,67159;41,86834;0;1;Autovettura privata;In marcia / fermata / arresto;Smart ;ForTwo Coupé;Conducente;1995;F;Rifiuta cure immediate;0;NON DECEDUTO;Non accertato;Inesploso
3539796;8;05/11/2017 23:30:00;Strada Urbana;VIA CONTESSA ENTELLINA;all'intersezione con;VIA CALTAVUTURO;VIA CALTAVUTURO;;;Scontro frontale/laterale SX fra veicoli in marcia;Incrocio;Due carreggiate;Asciutto;Asfaltata;Verticale;Sereno;Scarso;Buona;Sufficiente;2;0;0;1;12,67159;41,86834;0;2;Autovettura privata;In marcia / fermata / arresto;Lancia;Ypsilon;Conducente;1996;M;Rifiuta cure immediate;0;NON DECEDUTO;Non accertato;Inesploso
3539796;8;05/11/2017 23:30:00;Strada Urbana;VIA CONTESSA ENTELLINA;all'intersezione con;VIA CALTAVUTURO;VIA CALTAVUTURO;;;Scontro frontale/laterale SX fra veicoli in marcia;Incrocio;Due carreggiate;Asciutto;Asfaltata;Verticale;Sereno;Scarso;Buona;Sufficiente;2;0;0;1;12,67159;41,86834;0;2;Autovettura privata;In marcia / fermata / arresto;Lancia;Ypsilon;Passeggero;1999;F;Illeso;0;;Non accertato;Inesploso
3539801;8;04/11/2017 10:30:00;Strada Urbana;VIA DI VERMICINO;in prossimità;;del palo luce n.;46;;Scontro laterale fra veicoli in marcia;Curva a visuale libera;Una carreggiata a doppio senso;Asciutto;Asfaltata;Orizzontale;Sereno;Normale;Buona;Ore Diurne;3;0;0;0;12,66119;41,84236;0;1;Autovettura privata;In marcia / fermata / arresto;Fiat;Panda;Conducente;1978;M;Rifiuta cure immediate;0;NON DECEDUTO;Non accertato;Inesploso
3539801;8;04/11/2017 10:30:00;Strada Urbana;VIA DI VERMICINO;in prossimità;;del palo luce n.;46;;Scontro laterale fra veicoli in marcia;Curva a visuale libera;Una carreggiata a doppio senso;Asciutto;Asfaltata;Orizzontale;Sereno;Normale;Buona;Ore Diurne;3;0;0;0;12,66119;41,84236;0;1;Autovettura privata;In marcia / fermata / arresto;Fiat;Panda;Passeggero;1975;F;Rifiuta cure immediate;0;NON DECEDUTO;Non accertato;Inesploso
3539801;8;04/11/2017 10:30:00;Strada Urbana;VIA DI VERMICINO;in prossimità;;del palo luce n.;46;;Scontro laterale fra veicoli in marcia;Curva a visuale libera;Una carreggiata a doppio senso;Asciutto;Asfaltata;Orizzontale;Sereno;Normale;Buona;Ore Diurne;3;0;0;0;12,66119;41,84236;0;2;Motociclo a solo;In marcia / fermata / arresto;Honda;SH 150;Conducente;1939;M;Rifiuta cure immediate;0;NON DECEDUTO;Non accertato;
3539807;8;04/11/2017 11:20:00;;VIA PIETRO BELON;in prossimità;;del civico n.;161;;Scontro frontale/laterale DX fra veicoli in marcia;;;;;;;;;;1;0;0;2;;;0;1;Autovettura privata;In marcia / fermata / arresto;Kia;Rio;Conducente;1979;;Illeso;0;;;
3539807;8;04/11/2017 11:20:00;;VIA PIETRO BELON;in prossimità;;del civico n.;161;;Scontro frontale/laterale DX fra veicoli in marcia;;;;;;;;;;1;0;0;2;;;0;2;Autovettura privata;In marcia / fermata / arresto;Ford;Focus;Conducente;1959;;Illeso;0;;;
3539807;8;04/11/2017 11:20:00;;VIA PIETRO BELON;in prossimità;;del civico n.;161;;Scontro frontale/laterale DX fra veicoli in marcia;;;;;;;;;;1;0;0;2;;;0;2;Autovettura privata;In marcia / fermata / arresto;Ford;Focus;Passeggero;1960;F;Rifiuta cure immediate;0;NON DECEDUTO;Utilizzato;
3539809;20;05/11/2017;Strada Urbana;VIA CASSIA NUOVA;in prossimità;;del civico n.;150;;Veicolo in marcia contro ostacolo fisso;Rettilineo;Una carreggiata a doppio senso;Asciutto;Asfaltata;Verticale ed orizzontale;Sereno;Scarso;Buona;Sufficiente;1;0;0;0;;;0;1;Autovettura privata;In marcia / fermata / arresto;Fiat;500;Conducente;0;F;Ricoverato;0;NON DECEDUTO;;
3539811;18;04/11/2017 11:30:00;Strada Urbana;VIA DELLA CAVA AURELIA;in corrispondenza;;del civico n.;151;;Investimento di pedone;Rettilineo;Una carreggiata a doppio senso;Asciutto;Asfaltata;Verticale ed orizzontale;Sereno;Scarso;Buona;Ore Diurne;1;0;0;2;;;0;;;;;;Pedone;1929;F;Ricoverato;0;NON DECEDUTO;;
3539811;18;04/11/2017 11:30:00;Strada Urbana;VIA DELLA CAVA AURELIA;in corrispondenza;;del civico n.;151;;Investimento di pedone;Rettilineo;Una carreggiata a doppio senso;Asciutto;Asfaltata;Verticale ed orizzontale;Sereno;Scarso;Buona;Ore Diurne;1;0;0;2;;;0;1;Autovettura privata;In marcia / fermata / arresto;BMW;X 3;Conducente;1961;M;Illeso;0;;;
3539811;18;04/11/2017 11:30:00;Strada Urbana;VIA DELLA CAVA AURELIA;in corrispondenza;;del civico n.;151;;Investimento di pedone;Rettilineo;Una carreggiata a doppio senso;Asciutto;Asfaltata;Verticale ed orizzontale;Sereno;Scarso;Buona;Ore Diurne;1;0;0;2;;;0;1;Autovettura privata;In marcia / fermata / arresto;BMW;X 3;Passeggero;1963;F;Illeso;0;;;
3539816;6;06/11/2017 00:05:00;Strada Urbana;VIA DELLE ACACIE;all'intersezione con;VIA DELLA SAGGINA;VIA DELLA SAGGINA;;;Scontro frontale/laterale DX fra veicoli in marcia;Incrocio;Una carreggiata a senso unico di marcia;Bagnato (umidità in atto);Asfaltata;Verticale;Nuvoloso;Scarso;Sufficiente;Sufficiente;0;0;0;5;12,57234;41,88901;-1;1;Autocarro inferiore 35 q.;In marcia / fermata / arresto;Iveco;35/29;Conducente;1979;M;Illeso;0;;;
3539816;6;06/11/2017 00:05:00;Strada Urbana;VIA DELLE ACACIE;all'intersezione con;VIA DELLA SAGGINA;VIA DELLA SAGGINA;;;Scontro frontale/laterale DX fra veicoli in marcia;Incrocio;Una carreggiata a senso unico di marcia;Bagnato (umidità in atto);Asfaltata;Verticale;Nuvoloso;Scarso;Sufficiente;Sufficiente;0;0;0;5;12,57234;41,88901;-1;1;Autocarro inferiore 35 q.;In marcia / fermata / arresto;Iveco;35/29;Passeggero;1971;M;Illeso;0;;;
3539816;6;06/11/2017 00:05:00;Strada Urbana;VIA DELLE ACACIE;all'intersezione con;VIA DELLA SAGGINA;VIA DELLA SAGGINA;;;Scontro frontale/laterale DX fra veicoli in marcia;Incrocio;Una carreggiata a senso unico di marcia;Bagnato (umidità in atto);Asfaltata;Verticale;Nuvoloso;Scarso;Sufficiente;Sufficiente;0;0;0;5;12,57234;41,88901;-1;2;Autovettura privata;In marcia / fermata / arresto;Fiat;Panda;Conducente;1998;M;Illeso;0;;;
3539816;6;06/11/2017 00:05:00;Strada Urbana;VIA DELLE ACACIE;all'intersezione con;VIA DELLA SAGGINA;VIA DELLA SAGGINA;;;Scontro frontale/laterale DX fra veicoli in marcia;Incrocio;Una carreggiata a senso unico di marcia;Bagnato (umidità in atto);Asfaltata;Verticale;Nuvoloso;Scarso;Sufficiente;Sufficiente;0;0;0;5;12,57234;41,88901;-1;2;Autovettura privata;In marcia / fermata / arresto;Fiat;Panda;Passeggero;1998;M;Illeso;0;;;
3539816;6;06/11/2017 00:05:00;Strada Urbana;VIA DELLE ACACIE;all'intersezione con;VIA DELLA SAGGINA;VIA DELLA SAGGINA;;;Scontro frontale/laterale DX fra veicoli in marcia;Incrocio;Una carreggiata a senso unico di marcia;Bagnato (umidità in atto);Asfaltata;Verticale;Nuvoloso;Scarso;Sufficiente;Sufficiente;0;0;0;5;12,57234;41,88901;-1;2;Autovettura privata;In marcia / fermata / arresto;Fiat;Panda;Passeggero;1999;F;Illeso;0;;;
3539817;18;03/11/2017 20:50:00;Strada Urbana;VIA DOMENICO TARDINI;in prossimità;;del civico n.;68;;Scontro laterale fra veicoli in marcia;Rettilineo;Una carreggiata a senso unico di marcia;Bagnato (umidità in atto);Asfaltata;Verticale ed orizzontale;Nuvoloso;Normale;Buona;Sufficiente;0;0;0;3;12,42606;41,90424;-1;1;Motociclo a solo;In marcia / fermata / arresto;Aprilia;Scarabeo;Conducente;2001;M;Illeso;0;;;
3539817;18;03/11/2017 20:50:00;Strada Urbana;VIA DOMENICO TARDINI;in prossimità;;del civico n.;68;;Scontro laterale fra veicoli in marcia;Rettilineo;Una carreggiata a senso unico di marcia;Bagnato (umidità in atto);Asfaltata;Verticale ed orizzontale;Nuvoloso;Normale;Buona;Sufficiente;0;0;0;3;12,42606;41,90424;-1;1;Motociclo a solo;In marcia / fermata / arresto;Aprilia;Scarabeo;Passeggero;2001;F;Illeso;0;;Non accertato;
3539817;18;03/11/2017 20:50:00;Strada Urbana;VIA DOMENICO TARDINI;in prossimità;;del civico n.;68;;Scontro laterale fra veicoli in marcia;Rettilineo;Una carreggiata a senso unico di marcia;Bagnato (umidità in atto);Asfaltata;Verticale ed orizzontale;Nuvoloso;Normale;Buona;Sufficiente;0;0;0;3;12,42606;41,90424;-1;2;Autovettura privata;In marcia / fermata / arresto;Toyota;Corolla;Conducente;1982;M;Illeso;0;;Non accertato;Inesploso
3539823;8;05/11/2017 13:30:00;;VIA CASILINA;in prossimità;;del civico n.;1326;;Scontro frontale/laterale SX fra veicoli in marcia;;;;;;;;;;3;0;0;0;;;0;1;Autovettura privata;In marcia / fermata / arresto;Citroen;Picasso;Conducente;1957;M;Rimandato;0;NON DECEDUTO;Non accertato;Inesploso
3539823;8;05/11/2017 13:30:00;;VIA CASILINA;in prossimità;;del civico n.;1326;;Scontro frontale/laterale SX fra veicoli in marcia;;;;;;;;;;3;0;0;0;;;0;2;Autovettura privata;In marcia / fermata / arresto;Peugeot;206;Conducente;1995;M;Rifiuta cure immediate;0;NON DECEDUTO;Non accertato;Inesploso
3539823;8;05/11/2017 13:30:00;;VIA CASILINA;in prossimità;;del civico n.;1326;;Scontro frontale/laterale SX fra veicoli in marcia;;;;;;;;;;3;0;0;0;;;0;2;Autovettura privata;In marcia / fermata / arresto;Peugeot;206;Passeggero;1992;M;Rifiuta cure immediate;0;NON DECEDUTO;Non accertato;Inesploso
3539825;20;04/11/2017 20:30:00;Strada Urbana;VIA DEL FORO ITALICO;da specificare;;;;altezza rampa uscita V.le Tor di Quinto;Scontro laterale fra veicoli in marcia;Rettilineo;Due carreggiate;Asciutto;Asfaltata;Verticale ed orizzontale;Nuvoloso;Normale;Buona;Sufficiente;0;0;0;7;12,48092;41,94023;-1;1;Autovettura privata;In marcia / fermata / arresto;Opel;Corsa;Conducente;1983;M;Illeso;0;;;
3539825;20;04/11/2017 20:30:00;Strada Urbana;VIA DEL FORO ITALICO;da specificare;;;;altezza rampa uscita V.le Tor di Quinto;Scontro laterale fra veicoli in marcia;Rettilineo;Due carreggiate;Asciutto;Asfaltata;Verticale ed orizzontale;Nuvoloso;Normale;Buona;Sufficiente;0;0;0;7;12,48092;41,94023;-1;1;Autovettura privata;In marcia / fermata / arresto;Opel;Corsa;Passeggero;1978;M;Illeso;0;;;
3539825;20;04/11/2017 20:30:00;Strada Urbana;VIA DEL FORO ITALICO;da specificare;;;;altezza rampa uscita V.le Tor di Quinto;Scontro laterale fra veicoli in marcia;Rettilineo;Due carreggiate;Asciutto;Asfaltata;Verticale ed orizzontale;Nuvoloso;Normale;Buona;Sufficiente;0;0;0;7;12,48092;41,94023;-1;1;Autovettura privata;In marcia / fermata / arresto;Opel;Corsa;Passeggero;1984;F;Illeso;0;;;
3539825;20;04/11/2017 20:30:00;Strada Urbana;VIA DEL FORO ITALICO;da specificare;;;;altezza rampa uscita V.le Tor di Quinto;Scontro laterale fra veicoli in marcia;Rettilineo;Due carreggiate;Asciutto;Asfaltata;Verticale ed orizzontale;Nuvoloso;Normale;Buona;Sufficiente;0;0;0;7;12,48092;41,94023;-1;2;Autovettura privata;In marcia / fermata / arresto;Ford;Focus;Conducente;1959;M;Illeso;0;;;
3539825;20;04/11/2017 20:30:00;Strada Urbana;VIA DEL FORO ITALICO;da specificare;;;;altezza rampa uscita V.le Tor di Quinto;Scontro laterale fra veicoli in marcia;Rettilineo;Due carreggiate;Asciutto;Asfaltata;Verticale ed orizzontale;Nuvoloso;Normale;Buona;Sufficiente;0;0;0;7;12,48092;41,94023;-1;2;Autovettura privata;In marcia / fermata / arresto;Ford;Focus;Passeggero;0;F;Illeso;0;;;
3539837;8;04/11/2017 21:00:00;Provinciale entro l'abitato;VIA POLENSE;all'intersezione con;VIA SANT'ELPIDIO A MARE;VIA SANT'ELPIDIO A MARE;;;Scontro frontale/laterale DX fra veicoli in marcia;Intersezione semaforizzata;Una carreggiata a doppio senso;Asciutto;Asfaltata;Verticale ed orizzontale;Sereno;Normale;Sufficiente;Sufficiente;4;0;0;0;12,70311;41,8955;0;1;Autovettura privata;In marcia / fermata / arresto;Renault;Clio;Conducente;1994;M;Rimandato;0;NON DECEDUTO;Non accertato;Inesploso
3539837;8;04/11/2017 21:00:00;Provinciale entro l'abitato;VIA POLENSE;all'intersezione con;VIA SANT'ELPIDIO A MARE;VIA SANT'ELPIDIO A MARE;;;Scontro frontale/laterale DX fra veicoli in marcia;Intersezione semaforizzata;Una carreggiata a doppio senso;Asciutto;Asfaltata;Verticale ed orizzontale;Sereno;Normale;Sufficiente;Sufficiente;4;0;0;0;12,70311;41,8955;0;1;Autovettura privata;In marcia / fermata / arresto;Renault;Clio;Passeggero;1999;F;Rimandato;0;NON DECEDUTO;Non accertato;Inesploso
3539837;8;04/11/2017 21:00:00;Provinciale entro l'abitato;VIA POLENSE;all'intersezione con;VIA SANT'ELPIDIO A MARE;VIA SANT'ELPIDIO A MARE;;;Scontro frontale/laterale DX fra veicoli in marcia;Intersezione semaforizzata;Una carreggiata a doppio senso;Asciutto;Asfaltata;Verticale ed orizzontale;Sereno;Normale;Sufficiente;Sufficiente;4;0;0;0;12,70311;41,8955;0;2;Autovettura privata;In marcia / fermata / arresto;Fiat;500;Conducente;1996;M;Rimandato;0;NON DECEDUTO;Non accertato;Inesploso
3539837;8;04/11/2017 21:00:00;Provinciale entro l'abitato;VIA POLENSE;all'intersezione con;VIA SANT'ELPIDIO A MARE;VIA SANT'ELPIDIO A MARE;;;Scontro frontale/laterale DX fra veicoli in marcia;Intersezione semaforizzata;Una carreggiata a doppio senso;Asciutto;Asfaltata;Verticale ed orizzontale;Sereno;Normale;Sufficiente;Sufficiente;4;0;0;0;12,70311;41,8955;0;2;Autovettura privata;In marcia / fermata / arresto;Fiat;500;Passeggero;1996;M;Ricoverato;0;NON DECEDUTO;Non accertato;Inesploso
3539844;18;04/11/2017 12:45:00;Strada Urbana;VIA DI VAL CANNUTA;in corrispondenza;;del civico n.;181;;Veicolo in marcia contro ostacolo accidentale;Rettilineo;Una carreggiata a doppio senso;Asciutto;Asfaltata;Verticale ed orizzontale;Nuvoloso;Normale;Buona;Ore Diurne;0;0;0;1;;;0;1;Motociclo a solo;In marcia / fermata / arresto;Kymco;People 150;Conducente;1953;M;Illeso;0;;;