Protocollo;Gruppo;DataOraIncidente;Localizzazione1;STRADA1;Localizzazione2;STRADA2;Strada02;Chilometrica;DaSpecificare;NaturaIncidente;particolaritastrade;TipoStrada;FondoStradale;Pavimentazione;Segnaletica;CondizioneAtmosferica;Traffico;Visibilita;Illuminazione;NUM_FERITI;NUM_RISERVATA;NUM_MORTI;NUM_ILLESI;Longitudine;Latitudine;Confermato;Progressivo;TipoVeicolo;StatoVeicolo;Marca;Modello;TipoPersona;AnnoNascita;Sesso;Tipolesione;Deceduto;DecedutoDopo;CinturaCascoUtilizzato;Airbag;
3539850;5;03/11/2017 15:40:00;;VIA CORINALDO;all'intersezione con;VIA MAIOLATI;VIA MAIOLATI;;;Scontro frontale/laterale SX fra veicoli in marcia;;;;;;;;;;1;0;0;0;;;0;2;Autovettura privata;In marcia / fermata / arresto;Mercedes;Smart Fortwo;Conducente;0;M;Rimandato;0;NON DECEDUTO;;
3539852;18;04/11/2017 10:05:00;Strada Urbana;VIA DELLE FORNACI;in corrispondenza;;del civico n.;140;;Scontro frontale/laterale SX fra veicoli in marcia;Curva a visuale libera;Una carreggiata a doppio senso;Asciutto;Asfaltata;Orizzontale;Sereno;Scarso;Buona;Ore Diurne;1;0;0;1;12,45703;41,89496;-1;1;Autovettura privata;In marcia / fermata / arresto;Citroen;JUMPER;Conducente;1989;M;Illeso;0;;;
3539852;18;04/11/2017 10:05:00;Strada Urbana;VIA DELLE FORNACI;in corrispondenza;;del civico n.;140;;Scontro frontale/laterale SX fra veicoli in marcia;Curva a visuale libera;Una carreggiata a doppio senso;Asciutto;Asfaltata;Orizzontale;Sereno;Scarso;Buona;Ore Diurne;1;0;0;1;12,45703;41,89496;-1;2;Motociclo a solo;In marcia / fermata / arresto;Honda;SH 125;Conducente;1981;M;Rifiuta cure immediate;0;NON DECEDUTO;;
3539858;18;05/11/2017 21:55:00;Strada Urbana;VIA DI CASAL SELCE;in corrispondenza;;del civico n.;311;;Tamponamento;Rettilineo;Una carreggiata a doppio senso;Bagnato (umidità in atto);Con buche;Verticale ed orizzontale;Nuvoloso;Scarso;Buona;Sufficiente;0;0;0;5;12,3502;41,91073;0;1;Autovettura privata;In marcia / fermata / arresto;Opel;Frontera;Conducente;1976;M;Illeso;0;;;
3539858;18;05/11/2017 21:55:00;Strada Urbana;VIA DI CASAL SELCE;in corrispondenza;;del civico n.;311;;Tamponamento;Rettilineo;Una carreggiata a doppio senso;Bagnato (umidità in atto);Con buche;Verticale ed orizzontale;Nuvoloso;Scarso;Buona;Sufficiente;0;0;0;5;12,3502;41,91073;0;2;Autovettura privata;In marcia / fermata / arresto;Alfa Romeo;MITO;Conducente;1989;M;Illeso;0;;;
3539858;18;05/11/2017 21:55:00;Strada Urbana;VIA DI CASAL SELCE;in corrispondenza;;del civico n.;311;;Tamponamento;Rettilineo;Una carreggiata a doppio senso;Bagnato (umidità in atto);Con buche;Verticale ed orizzontale;Nuvoloso;Scarso;Buona;Sufficiente;0;0;0;5;12,3502;41,91073;0;2;Autovettura privata;In marcia / fermata / arresto;Alfa Romeo;MITO;Passeggero;1989;M;Illeso;0;;;
3539858;18;05/11/2017 21:55:00;Strada Urbana;VIA DI CASAL SELCE;in corrispondenza;;del civico n.;311;;Tamponamento;Rettilineo;Una carreggiata a doppio senso;Bagnato (umidità in atto);Con buche;Verticale ed orizzontale;Nuvoloso;Scarso;Buona;Sufficiente;0;0;0;5;12,3502;41,91073;0;2;Autovettura privata;In marcia / fermata / arresto;Alfa Romeo;MITO;Passeggero;1994;F;Illeso;0;;;
3539859;19;05/11/2017 11:45:00;Strada Urbana;VIA ALBERTO CADLOLO;all'intersezione con;VIA CARLO EVANGELISTI;VIA CARLO EVANGELISTI;;;Scontro frontale/laterale SX fra veicoli in marcia;Incrocio;Una carreggiata a doppio senso;Asciutto;Asfaltata;Verticale ed orizzontale;Nuvoloso;Normale;Buona;Ore Diurne;1;0;0;2;12,44718;41,92242;-1;1;Autovettura privata;In marcia / fermata / arresto;Dacia.;Duster;Conducente;1980;M;Illeso;0;;Non accertato;Inesploso
3539859;19;05/11/2017 11:45:00;Strada Urbana;VIA ALBERTO CADLOLO;all'intersezione con;VIA CARLO EVANGELISTI;VIA CARLO EVANGELISTI;;;Scontro frontale/laterale SX fra veicoli in marcia;Incrocio;Una carreggiata a doppio senso;Asciutto;Asfaltata;Verticale ed orizzontale;Nuvoloso;Normale;Buona;Ore Diurne;1;0;0;2;12,44718;41,92242;-1;1;Autovettura privata;In marcia / fermata / arresto;Dacia.;Duster;Passeggero;1980;F;Rimandato;0;NON DECEDUTO;Non accertato;Inesploso
3539859;19;05/11/2017 11:45:00;Strada Urbana;VIA ALBERTO CADLOLO;all'intersezione con;VIA CARLO EVANGELISTI;VIA CARLO EVANGELISTI;;;Scontro frontale/laterale SX fra veicoli in marcia;Incrocio;Una carreggiata a doppio senso;Asciutto;Asfaltata;Verticale ed orizzontale;Nuvoloso;Normale;Buona;Ore Diurne;1;0;0;2;12,44718;41,92242;-1;2;Autovettura privata;In marcia / fermata / arresto;Mini;Cooper;Conducente;1966;M;Illeso;0;;Non accertato;Inesploso
3539863;4;04/11/2017 17:50:00;Strada Urbana;VIA DEI PRATI FISCALI;in prossimità;;del civico n.;114;;Tamponamento;Rettilineo;Due carreggiate;Asciutto;Asfaltata;Verticale ed orizzontale;Sereno;Normale;Sufficiente;Sufficiente;0;0;0;3;12,52126;41,94652;0;1;Autovettura privata;In marcia / fermata / arresto;Hyundai;GETZ;Conducente;1947;M;Illeso;0;;;
3539863;4;04/11/2017 17:50:00;Strada Urbana;VIA DEI PRATI FISCALI;in prossimità;;del civico n.;114;;Tamponamento;Rettilineo;Due carreggiate;Asciutto;Asfaltata;Verticale ed orizzontale;Sereno;Normale;Sufficiente;Sufficiente;0;0;0;3;12,52126;41,94652;0;1;Autovettura privata;In marcia / fermata / arresto;Hyundai;GETZ;Passeggero;1950;F;Illeso;0;;;
3539863;4;04/11/2017 17:50:00;Strada Urbana;VIA DEI PRATI FISCALI;in prossimità;;del civico n.;114;;Tamponamento;Rettilineo;Due carreggiate;Asciutto;Asfaltata;Verticale ed orizzontale;Sereno;Normale;Sufficiente;Sufficiente;0;0;0;3;12,52126;41,94652;0;2;Autovettura privata;In marcia / fermata / arresto;Fiat;500;Conducente;1975;F;Illeso;0;;;
3539871;5;03/11/2017 18:15:00;Strada Urbana;VIALE BATTISTA BARDANZELLU;in corrispondenza;;del civico n.;4;;Scontro laterale fra veicoli in marcia;Rettilineo;Due carreggiate;Bagnato (pioggia);Asfaltata;Assente;Pioggia in atto;Normale;Buona;Sufficiente;0;0;0;3;12,5707;41,91407;-1;1;Autovettura privata;In marcia / fermata / arresto;Citroen;C1;Conducente;1966;F;Illeso;0;;Non accertato;Inesploso
3539871;5;03/11/2017 18:15:00;Strada Urbana;VIALE BATTISTA BARDANZELLU;in corrispondenza;;del civico n.;4;;Scontro laterale fra veicoli in marcia;Rettilineo;Due carreggiate;Bagnato (pioggia);Asfaltata;Assente;Pioggia in atto;Normale;Buona;Sufficiente;0;0;0;3;12,5707;41,91407;-1;1;Autovettura privata;In marcia / fermata / arresto;Citroen;C1;Passeggero;1998;F;Illeso;0;;Non accertato;Inesploso
3539871;5;03/11/2017 18:15:00;Strada Urbana;VIALE BATTISTA BARDANZELLU;in corrispondenza;;del civico n.;4;;Scontro laterale fra veicoli in marcia;Rettilineo;Due carreggiate;Bagnato (pioggia);Asfaltata;Assente;Pioggia in atto;Normale;Buona;Sufficiente;0;0;0;3;12,5707;41,91407;-1;2;Autovettura privata;In marcia / fermata / arresto;Mercedes;C220;Conducente;1993;M;Illeso;0;;Non accertato;Inesploso
3539874;18;05/11/2017 04:00:00;;VIA DELLA PINETA SACCHETTI;in corrispondenza;;del civico n.;101;;Veicolo in marcia contro veicoli in sosta;;;;;;;;;;1;0;0;0;12,42404;41,91107;0;1;Autovettura privata;In marcia / fermata / arresto;Citroen;C1;Conducente;1997;F;Rimandato;0;NON DECEDUTO;;
3539885;13;05/11/2017 20:00:00;Strada Urbana;VIA SALORNO;in prossimità;;del civico n.;3;;Scontro laterale fra veicoli in marcia;Rettilineo;Una carreggiata a doppio senso;Bagnato (pioggia);Asfaltata;Orizzontale;Nuvoloso;Scarso;Buona;Sufficiente;0;0;0;2;12,36598;41,73545;0;1;Autovettura privata;In marcia / fermata / arresto;Fiat-Lancia;Y;Conducente;1987;M;Illeso;0;;Non accertato;Inesploso
3539885;13;05/11/2017 20:00:00;Strada Urbana;VIA SALORNO;in prossimità;;del civico n.;3;;Scontro laterale fra veicoli in marcia;Rettilineo;Una carreggiata a doppio senso;Bagnato (pioggia);Asfaltata;Orizzontale;Nuvoloso;Scarso;Buona;Sufficiente;0;0;0;2;12,36598;41,73545;0;2;Autovettura privata;In marcia / fermata / arresto;Land Rover;Freelander;Conducente;1965;M;Illeso;0;;Non accertato;Inesploso
3539895;19;06/11/2017 07:45:00;Strada Urbana;VIA DELLA BALDUINA;in prossimità;;del civico n.;323;;Veicolo in marcia contro veicolo in sosta;Curva a visuale libera;Una carreggiata a doppio senso;Bagnato (pioggia);Asfaltata;Orizzontale;Nuvoloso;Normale;Buona;Ore Diurne;1;0;0;0;12,44261;41,92804;-1;2;Quadriciclo leggero;In marcia / fermata / arresto;Simpa JDM;09;Conducente;2002;M;Ricoverato;0;NON DECEDUTO;Non accertato;Inesistente
3539907;19;05/11/2017 19:40:00;Strada Urbana;VIA LUZZANA;in prossimità;;del civico n.;12;;Veicolo in marcia contro veicolo in sosta;Rettilineo;Una carreggiata a senso unico di marcia;Bagnato (pioggia);Asfaltata;Verticale;Nuvoloso;Scarso;Buona;Sufficiente;0;0;0;1;12,38321;41,94339;-1;2;Autobus urbano;In marcia / fermata / arresto;Breda;Menaribus;Conducente;1955;M;Illeso;0;;Non accertato;Inesploso
3539909;5;06/11/2017 00:15:00;Strada Urbana;VIA APPIA NUOVA;in corrispondenza;;del civico n.;390;;Scontro frontale/laterale SX fra veicoli in marcia;Rettilineo;Più di due carreggiate;Asciutto;Asfaltata;Verticale ed orizzontale;Nuvoloso;Scarso;Buona;Sufficiente;0;0;0;3;;;0;1;Autovettura privata;In marcia / fermata / arresto;Fiat;Panda;Conducente;1990;F;Illeso;0;;Non accertato;Inesploso
3539909;5;06/11/2017 00:15:00;Strada Urbana;VIA APPIA NUOVA;in corrispondenza;;del civico n.;390;;Scontro frontale/laterale SX fra veicoli in marcia;Rettilineo;Più di due carreggiate;Asciutto;Asfaltata;Verticale ed orizzontale;Nuvoloso;Scarso;Buona;Sufficiente;0;0;0;3;;;0;1;Autovettura privata;In marcia / fermata / arresto;Fiat;Panda;Passeggero;1993;F;Illeso;0;;Non accertato;Inesploso
3539909;5;06/11/2017 00:15:00;Strada Urbana;VIA APPIA NUOVA;in corrispondenza;;del civico n.;390;;Scontro frontale/laterale SX fra veicoli in marcia;Rettilineo;Più di due carreggiate;Asciutto;Asfaltata;Verticale ed orizzontale;Nuvoloso;Scarso;Buona;Sufficiente;0;0;0;3;;;0;2;Autovettura privata;In marcia / fermata / arresto;Fiat;Punto;Conducente;1960;M;Illeso;0;;Non accertato;Inesploso
3539924;5;05/11/2017 18:40:00;Strada Urbana;VIA TIBURTINA;da specificare;;;;civico 791 altezza Panorama;Tamponamento;Rettilineo;Una carreggiata a senso unico di marcia;Bagnato (pioggia);Asfaltata;Orizzontale;Nuvoloso;Normale;Sufficiente;Sufficiente;0;0;0;4;12,55434;41,91267;-1;1;Autovettura privata;In marcia / fermata / arresto;Porsche;cayenne;Conducente;1966;M;Illeso;0;;Non accertato;Inesploso
3539924;5;05/11/2017 18:40:00;Strada Urbana;VIA TIBURTINA;da specificare;;;;civico 791 altezza Panorama;Tamponamento;Rettilineo;Una carreggiata a senso unico di marcia;Bagnato (pioggia);Asfaltata;Orizzontale;Nuvoloso;Normale;Sufficiente;Sufficiente;0;0;0;4;12,55434;41,91267;-1;1;Autovettura privata;In marcia / fermata / arresto;Porsche;cayenne;Passeggero;1966;M;Illeso;0;;Non accertato;Inesploso
3539924;5;05/11/2017 18:40:00;Strada Urbana;VIA TIBURTINA;da specificare;;;;civico 791 altezza Panorama;Tamponamento;Rettilineo;Una carreggiata a senso unico di marcia;Bagnato (pioggia);Asfaltata;Orizzontale;Nuvoloso;Normale;Sufficiente;Sufficiente;0;0;0;4;12,55434;41,91267;-1;2;Autovettura privata;In marcia / fermata / arresto;Audi;A3;Conducente;1962;M;Illeso;0;;Non accertato;Inesploso
3539924;5;05/11/2017 18:40:00;Strada Urbana;VIA TIBURTINA;da specificare;;;;civico 791 altezza Panorama;Tamponamento;Rettilineo;Una carreggiata a senso unico di marcia;Bagnato (pioggia);Asfaltata;Orizzontale;Nuvoloso;Normale;Sufficiente;Sufficiente;0;0;0;4;12,55434;41,91267;-1;2;Autovettura privata;In marcia / fermata / arresto;Audi;A3;Passeggero;1970;F;Illeso;0;;Non accertato;Inesploso
3539999;19;06/11/2017 02:00:00;Strada Urbana;VIA DI CASAL DEL MARMO;in prossimità;;del palo luce n.;226;;Fuoriuscita dalla sede stradale;Curva a visuale libera;Una carreggiata a doppio senso;Bagnato (umidità in atto);Asfaltata;Orizzontale;Nuvoloso;Scarso;Sufficiente;Sufficiente;0;0;0;1;12,38899;41,94215;0;1;Autovettura privata;In marcia / fermata / arresto;Fiat;Bravo;Conducente;1977;M;Illeso;0;;Non accertato;Inesploso
3540041;16;03/11/2017 08:45:00;;VICOLO DI VAL TELLINA;in prossimità;;del civico n.;90;;Fuoriuscita dalla sede stradale;;;;;;;;;;0;0;0;1;;;0;1;Motociclo a solo;In marcia / fermata / arresto;Honda;SH 150;Conducente;0;M;Illeso;0;;;
3540061;16;03/11/2017 13:40:00;;VIALE DEI COLLI PORTUENSI;da specificare;;;;in coprrispondenza incrocio Via di Monteverde3;Scontro frontale/laterale SX fra veicoli in marcia;;;;;;;;;;0;0;0;2;;;0;1;Motociclo a solo;In marcia / fermata / arresto;Honda;SH 150;Conducente;0;M;Illeso;0;;;
3540061;16;03/11/2017 13:40:00;;VIALE DEI COLLI PORTUENSI;da specificare;;;;in coprrispondenza incrocio Via di Monteverde3;Scontro frontale/laterale SX fra veicoli in marcia;;;;;;;;;;0;0;0;2;;;0;2;Autocarro inferiore 35 q.;In marcia / fermata / arresto;DAIMLER CHRYSLER;(ignoto);Conducente;0;M;Illeso;0;;;
3540063;2;04/11/2017 09:00:00;Strada Urbana;PIAZZA DI S. EMERENZIANA;da specificare;;;;fronte Chiesa;Scontro laterale fra veicoli in marcia;Rotatoria;Una carreggiata a senso unico di marcia;Asciutto;Asfaltata;Verticale ed orizzontale;Sereno;Normale;Buona;Ore Diurne;0;0;0;2;12,51585;41,92903;0;1;Autovettura privata;In marcia / fermata / arresto;Suzuki;Jimmy;Conducente;1942;M;Illeso;0;;Non accertato;Inesploso
3540063;2;04/11/2017 09:00:00;Strada Urbana;PIAZZA DI S. EMERENZIANA;da specificare;;;;fronte Chiesa;Scontro laterale fra veicoli in marcia;Rotatoria;Una carreggiata a senso unico di marcia;Asciutto;Asfaltata;Verticale ed orizzontale;Sereno;Normale;Buona;Ore Diurne;0;0;0;2;12,51585;41,92903;0;2;Autobus di linea;In marcia / fermata / arresto;Iveco;urbano 69;Conducente;1970;M;Illeso;0;;Non accertato;Inesistente
3540067;12;06/11/2017 07:45:00;Strada Urbana;VIA FILIPPO DE GRENET;da specificare;;;;prossimità v.le Eroi di Cefalonia;Veicolo in marcia contro ostacolo accidentale;Pendenza;Una carreggiata a doppio senso;Bagnato (umidità in atto);Con buche;Verticale ed orizzontale;Nuvoloso;Scarso;Buona;Ore Diurne;0;0;0;1;12,43664;41,78395;-1;1;Autovettura privata;In marcia / fermata / arresto;Peugeot;3008;Conducente;1949;M;Illeso;0;;Non accertato;Inesploso
3540118;23;05/11/2017 21:30:00;Strada Urbana;VIA PINDARO;da specificare;;;;fronte palo ACEA n. 2;Scontro frontale fra veicoli in marcia;Rettilineo;Una carreggiata a doppio senso;Bagnato (pioggia);Asfaltata;Verticale;Nuvoloso;Scarso;Buona;Sufficiente;0;0;0;2;12,36911;41,75538;-1;1;Autovettura privata;In marcia / fermata / arresto;BMW;X 3;Conducente;1979;F;Illeso;0;;Non accertato;Inesploso
3540118;23;05/11/2017 21:30:00;Strada Urbana;VIA PINDARO;da specificare;;;;fronte palo ACEA n. 2;Scontro frontale fra veicoli in marcia;Rettilineo;Una carreggiata a doppio senso;Bagnato (pioggia);Asfaltata;Verticale;Nuvoloso;Scarso;Buona;Sufficiente;0;0;0;2;12,36911;41,75538;-1;2;Autovettura privata;In marcia / fermata / arresto;Renault;Clio;Conducente;1991;F;Illeso;0;;Non accertato;Inesploso
3540128;16;03/11/2017 17:00:00;;VIA FRANCESCO MASSI;in prossimità;;del civico n.;15;;Veicolo in marcia contro veicolo in sosta;;;;;;;;;;0;0;0;1;12,45977;41,87317;0;1;Autovettura privata;In marcia / fermata / arresto;Volkswagen;Polo;Conducente;0;M;Illeso;0;;;
3540129;17;04/11/2017 11:20:00;Strada Urbana;PIAZZALE DEGLI EROI;all'intersezione semaforizzata con;CIRCONVALLAZIONE TRIONFALE;CIRCONVALLAZIONE TRIONFALE;;;Scontro frontale/laterale SX fra veicoli in marcia;Intersezione semaforizzata;Più di due carreggiate;Asciutto;Asfaltata;Verticale ed orizzontale;Sereno;Intenso;Buona;Ore Diurne;1;0;0;3;12,44884;41,9094;0;1;Autovettura privata;In marcia / fermata / arresto;Mitsubishi;Colt;Conducente;1965;M;Illeso;0;;;
3540129;17;04/11/2017 11:20:00;Strada Urbana;PIAZZALE DEGLI EROI;all'intersezione semaforizzata con;CIRCONVALLAZIONE TRIONFALE;CIRCONVALLAZIONE TRIONFALE;;;Scontro frontale/laterale SX fra veicoli in marcia;Intersezione semaforizzata;Più di due carreggiate;Asciutto;Asfaltata;Verticale ed orizzontale;Sereno;Intenso;Buona;Ore Diurne;1;0;0;3;12,44884;41,9094;0;1;Autovettura privata;In marcia / fermata / arresto;Mitsubishi;Colt;Passeggero;1969;F;Illeso;0;;;
3540129;17;04/11/2017 11:20:00;Strada Urbana;PIAZZALE DEGLI EROI;all'intersezione semaforizzata con;CIRCONVALLAZIONE TRIONFALE;CIRCONVALLAZIONE TRIONFALE;;;Scontro frontale/laterale SX fra veicoli in marcia;Intersezione semaforizzata;Più di due carreggiate;Asciutto;Asfaltata;Verticale ed orizzontale;Sereno;Intenso;Buona;Ore Diurne;1;0;0;3;12,44884;41,9094;0;1;Autovettura privata;In marcia / fermata / arresto;Mitsubishi;Colt;Passeggero;1973;M;Illeso;0;;;
3540129;17;04/11/2017 11:20:00;Strada Urbana;PIAZZALE DEGLI EROI;all'intersezione semaforizzata con;CIRCONVALLAZIONE TRIONFALE;CIRCONVALLAZIONE TRIONFALE;;;Scontro frontale/laterale SX fra veicoli in marcia;Intersezione semaforizzata;Più di due carreggiate;Asciutto;Asfaltata;Verticale ed orizzontale;Sereno;Intenso;Buona;Ore Diurne;1;0;0;3;12,44884;41,9094;0;2;Motociclo a solo;In marcia / fermata / arresto;Aprilia;Sportcity;Conducente;1996;M;Rimandato;0;NON DECEDUTO;;
3540146;16;05/11/2017 23:00:00;Strada Urbana;VIALE DEI QUATTRO VENTI;in prossimità;;del civico n.;39;;Veicolo in marcia contro veicoli in sosta;Rettilineo;Una carreggiata a doppio senso;Bagnato (umidità in atto);Asfaltata;Verticale ed orizzontale;Nuvoloso;Scarso;Buona;Sufficiente;1;0;0;0;12,45893;41,88341;0;1;Autovettura privata;In marcia / fermata / arresto;Peugeot;208;Conducente;1993;M;Rimandato;0;NON DECEDUTO;Non accertato;Inesploso
3540157;2;04/11/2017 09:40:00;Strada Urbana;VIA GIOVANNI SGAMBATI;all'intersezione con;VIA PO;VIA PO;;;Scontro frontale/laterale SX fra veicoli in marcia;Incrocio;Una carreggiata a senso unico di marcia;Asciutto;Asfaltata;Verticale ed orizzontale;Sereno;Scarso;Buona;Ore Diurne;0;0;0;5;12,49373;41,9134;-1;1;Autovettura privata;In marcia / fermata / arresto;Audi;A1;Conducente;1941;M;Illeso;0;;Non accertato;Inesploso
3540157;2;04/11/2017 09:40:00;Strada Urbana;VIA GIOVANNI SGAMBATI;all'intersezione con;VIA PO;VIA PO;;;Scontro frontale/laterale SX fra veicoli in marcia;Incrocio;Una carreggiata a senso unico di marcia;Asciutto;Asfaltata;Verticale ed orizzontale;Sereno;Scarso;Buona;Ore Diurne;0;0;0;5;12,49373;41,9134;-1;1;Autovettura privata;In marcia / fermata / arresto;Audi;A1;Passeggero;1943;F;Illeso;0;;Non accertato;Inesploso
3540157;2;04/11/2017 09:40:00;Strada Urbana;VIA GIOVANNI SGAMBATI;all'intersezione con;VIA PO;VIA PO;;;Scontro frontale/laterale SX fra veicoli in marcia;Incrocio;Una carreggiata a senso unico di marcia;Asciutto;Asfaltata;Verticale ed orizzontale;Sereno;Scarso;Buona;Ore Diurne;0;0;0;5;12,49373;41,9134;-1;1;Autovettura privata;In marcia / fermata / arresto;Audi;A1;Passeggero;1943;M;Illeso;0;;Non accertato;Inesploso
3540157;2;04/11/2017 09:40:00;Strada Urbana;VIA GIOVANNI SGAMBATI;all'intersezione con;VIA PO;VIA PO;;;Scontro frontale/laterale SX fra veicoli in marcia;Incrocio;Una carreggiata a senso unico di marcia;Asciutto;Asfaltata;Verticale ed orizzontale;Sereno;Scarso;Buona;Ore Diurne;0;0;0;5;12,49373;41,9134;-1;1;Autovettura privata;In marcia / fermata / arresto;Audi;A1;Passeggero;1946;F;Illeso;0;;Non accertato;Inesploso
3540157;2;04/11/2017 09:40:00;Strada Urbana;VIA GIOVANNI SGAMBATI;all'intersezione con;VIA PO;VIA PO;;;Scontro frontale/laterale SX fra veicoli in marcia;Incrocio;Una carreggiata a senso unico di marcia;Asciutto;Asfaltata;Verticale ed orizzontale;Sereno;Scarso;Buona;Ore Diurne;0;0;0;5;12,49373;41,9134;-1;2;Autocarro inferiore 35 q.;In marcia / fermata / arresto;Iveco;DAILY;Conducente;1986;M;Illeso;0;;Non accertato;Inesploso
3540166;12;03/11/2017 13:30:00;Provinciale;VIA DELLA STAZIONE DI PAVONA;in corrispondenza;;della chilometrica;7;;Fuoriuscita dalla sede stradale;Rettilineo;Una carreggiata a doppio senso;Bagnato (umidità in atto);Asfaltata;Verticale ed orizzontale;Nuvoloso;Normale;Buona;Ore Diurne;3;0;0;0;12,58966;41,72257;0;1;Autovettura privata;In marcia / fermata / arresto;Fiat;600;Conducente;1978;F;Rimandato;0;NON DECEDUTO;Utilizzato;Inesploso
3540166;12;03/11/2017 13:30:00;Provinciale;VIA DELLA STAZIONE DI PAVONA;in corrispondenza;;della chilometrica;7;;Fuoriuscita dalla sede stradale;Rettilineo;Una carreggiata a doppio senso;Bagnato (umidità in atto);Asfaltata;Verticale ed orizzontale;Nuvoloso;Normale;Buona;Ore Diurne;3;0;0;0;12,58966;41,72257;0;1;Autovettura privata;In marcia / fermata / arresto;Fiat;600;Passeggero;1950;F;Rimandato;0;NON DECEDUTO;Non accertato;Inesploso
3540166;12;03/11/2017 13:30:00;Provinciale;VIA DELLA STAZIONE DI PAVONA;in corrispondenza;;della chilometrica;7;;Fuoriuscita dalla sede stradale;Rettilineo;Una carreggiata a doppio senso;Bagnato (umidità in atto);Asfaltata;Verticale ed orizzontale;Nuvoloso;Normale;Buona;Ore Diurne;3;0;0;0;12,58966;41,72257;0;1;Autovettura privata;In marcia / fermata / arresto;Fiat;600;Passeggero;2005;M;Rimandato;0;NON DECEDUTO;Non utilizzato;Inesploso
3540167;4;04/11/2017 16:45:00;Strada Urbana;VIA VIRGILIO TALLI;all'intersezione semaforizzata con;VIA DEI COLLI DELLA SERPENTARA;VIA DEI COLLI DELLA SERPENTARA;;;Scontro frontale/laterale DX fra veicoli in marcia;Intersezione semaforizzata;Due carreggiate;Asciutto;Asfaltata;Verticale ed orizzontale;Sereno;Normale;Buona;Ore Diurne;0;0;0;3;12,52298;41,96458;-1;1;Autovettura privata;In marcia / fermata / arresto;Ford;Focus;Conducente;1980;M;Illeso;0;;;Esploso
3540167;4;04/11/2017 16:45:00;Strada Urbana;VIA VIRGILIO TALLI;all'intersezione semaforizzata con;VIA DEI COLLI DELLA SERPENTARA;VIA DEI COLLI DELLA SERPENTARA;;;Scontro frontale/laterale DX fra veicoli in marcia;Intersezione semaforizzata;Due carreggiate;Asciutto;Asfaltata;Verticale ed orizzontale;Sereno;Normale;Buona;Ore Diurne;0;0;0;3;12,52298;41,96458;-1;1;Autovettura privata;In marcia / fermata / arresto;Ford;Focus;Passeggero;2009;M;Illeso;0;;Non accertato;Esploso
3540167;4;04/11/2017 16:45:00;Strada Urbana;VIA VIRGILIO TALLI;all'intersezione semaforizzata con;VIA DEI COLLI DELLA SERPENTARA;VIA DEI COLLI DELLA SERPENTARA;;;Scontro frontale/laterale DX fra veicoli in marcia;Intersezione semaforizzata;Due carreggiate;Asciutto;Asfaltata;Verticale ed orizzontale;Sereno;Normale;Buona;Ore Diurne;0;0;0;3;12,52298;41,96458;-1;2;Autovettura privata;In marcia / fermata / arresto;Daimler Chrysler;Mercedes;Conducente;1961;M;Illeso;0;;Non accertato;
3540173;16;03/11/2017 17:35:00;;PIAZZA S. GIOVANNI DI DIO;all'intersezione con;VIA FEDERICO OZANAM;VIA FEDERICO OZANAM;;;Investimento di pedone;;;;;;;;;;0;0;0;3;;;0;;;;;;Pedone;1933;F;Illeso;0;;;
3540173;16;03/11/2017 17:35:00;;PIAZZA S. GIOVANNI DI DIO;all'intersezione con;VIA FEDERICO OZANAM;VIA FEDERICO OZANAM;;;Investimento di pedone;;;;;;;;;;0;0;0;3;;;0;1;Motociclo con passeggero;In marcia / fermata / arresto;Kimco;People;Conducente;0;M;Illeso;0;;;
3540173;16;03/11/2017 17:35:00;;PIAZZA S. GIOVANNI DI DIO;all'intersezione con;VIA FEDERICO OZANAM;VIA FEDERICO OZANAM;;;Investimento di pedone;;;;;;;;;;0;0;0;3;;;0;1;Motociclo con passeggero;In marcia / fermata / arresto;Kimco;People;Passeggero;0;F;Illeso;0;;;
3540178;13;06/11/2017 10:30:00;Strada Urbana;VIA ARMANDO ARMUZZI;all'intersezione con;PIAZZA DELLA STAZIONE VECCHIA;PIAZZA DELLA STAZIONE VECCHIA;;;Tamponamento;Incrocio;Una carreggiata a doppio senso;Asciutto;Asfaltata;Orizzontale;Nuvoloso;Normale;Buona;Ore Diurne;1;0;0;1;;;0;1;Motociclo a solo;In marcia / fermata / arresto;Honda;-;Conducente;1964;M;Rimandato;0;NON DECEDUTO;Utilizzato;
3540178;13;06/11/2017 10:30:00;Strada Urbana;VIA ARMANDO ARMUZZI;all'intersezione con;PIAZZA DELLA STAZIONE VECCHIA;PIAZZA DELLA STAZIONE VECCHIA;;;Tamponamento;Incrocio;Una carreggiata a doppio senso;Asciutto;Asfaltata;Orizzontale;Nuvoloso;Normale;Buona;Ore Diurne;1;0;0;1;;;0;2;Autovettura privata;In marcia / fermata / arresto;Daimler Chrysler;Smart Fortwo Coupe';Conducente;1991;F;Illeso;0;;Non accertato;Inesploso