Protocollo;Gruppo;DataOraIncidente;Localizzazione1;STRADA1;Localizzazione2;STRADA2;Strada02;Chilometrica;DaSpecificare;NaturaIncidente;particolaritastrade;TipoStrada;FondoStradale;Pavimentazione;Segnaletica;CondizioneAtmosferica;Traffico;Visibilita;Illuminazione;NUM_FERITI;NUM_RISERVATA;NUM_MORTI;NUM_ILLESI;Longitudine;Latitudine;Confermato;Progressivo;TipoVeicolo;StatoVeicolo;Marca;Modello;TipoPersona;AnnoNascita;Sesso;Tipolesione;Deceduto;DecedutoDopo;CinturaCascoUtilizzato;Airbag;
3540183;17;05/11/2017 19:30:00;Strada Urbana;VIALE GIOVANNI FALCONE E PAOLO BORSELLINO;da specificare;;;;IN PROSSIMITA' DI VIA ROMEO ROMEI ;Veicolo in marcia contro ostacolo fisso;Curva senza visuale libera;Due carreggiate;Bagnato (pioggia);Asfaltata;Verticale ed orizzontale;Nuvoloso;Scarso;Sufficiente;Sufficiente;0;0;0;1;12,45242;41,91973;0;1;Autovettura privata;In marcia / fermata / arresto;Volkswagen;Polo;Conducente;1972;M;Illeso;0;;;
3540186;4;05/11/2017 20:30:00;Strada Urbana;VIA DELLA BUFALOTTA;in corrispondenza;;del civico n.;815;;Veicolo in marcia contro veicolo in sosta;Rettilineo;Una carreggiata a doppio senso;Bagnato (pioggia);Asfaltata;Verticale ed orizzontale;Nuvoloso;Normale;Buona;Sufficiente;0;0;0;1;12,54977;41,96754;0;2;Autovettura privata;Allontanatosi;Nissan;Micra;Conducente;1973;M;Illeso;0;;;
3540231;4;04/11/2017 15:50:00;;VIA ALBERTO LIONELLO;da specificare;;;;pross.tà ingresso princ.le centro commerciale;Scontro laterale fra veicoli in marcia;;;;;;;;;;0;0;0;2;12,53882;41,97517;0;1;Autovettura privata;In marcia / fermata / arresto;Fiat;Bravo;Conducente;1987;M;Illeso;0;;;
3540231;4;04/11/2017 15:50:00;;VIA ALBERTO LIONELLO;da specificare;;;;pross.tà ingresso princ.le centro commerciale;Scontro laterale fra veicoli in marcia;;;;;;;;;;0;0;0;2;12,53882;41,97517;0;2;Autovettura privata;In marcia / fermata / arresto;Toyota;Aygo;Conducente;1971;M;Illeso;0;;;
3540238;16;04/11/2017 18:00:00;;VIALE DEI COLLI PORTUENSI;all'intersezione semaforizzata con;VIA ROBERTO ALESSANDRI;VIA ROBERTO ALESSANDRI;;;Scontro frontale/laterale DX fra veicoli in marcia;;;;;;;;;;1;0;0;1;;;0;1;Motociclo a solo;In marcia / fermata / arresto;Honda;SH;Conducente;1981;M;Rimandato;0;NON DECEDUTO;;
3540238;16;04/11/2017 18:00:00;;VIALE DEI COLLI PORTUENSI;all'intersezione semaforizzata con;VIA ROBERTO ALESSANDRI;VIA ROBERTO ALESSANDRI;;;Scontro frontale/laterale DX fra veicoli in marcia;;;;;;;;;;1;0;0;1;;;0;2;Autovettura privata;In marcia / fermata / arresto;Mercedes;Smart;Conducente;0;M;Illeso;0;;;
3540246;16;04/11/2017 20:20:00;;VIA AURELIA ANTICA;in prossimità;;del civico n.;200;;Scontro frontale/laterale DX fra veicoli in marcia;;;;;;;;;;0;0;0;3;12,44362;41,88915;0;1;Autovettura privata;In marcia / fermata / arresto;BMW;116 D;Conducente;0;M;Illeso;0;;;
3540246;16;04/11/2017 20:20:00;;VIA AURELIA ANTICA;in prossimità;;del civico n.;200;;Scontro frontale/laterale DX fra veicoli in marcia;;;;;;;;;;0;0;0;3;12,44362;41,88915;0;1;Autovettura privata;In marcia / fermata / arresto;BMW;116 D;Passeggero;0;F;Illeso;0;;;
3540246;16;04/11/2017 20:20:00;;VIA AURELIA ANTICA;in prossimità;;del civico n.;200;;Scontro frontale/laterale DX fra veicoli in marcia;;;;;;;;;;0;0;0;3;12,44362;41,88915;0;2;Motociclo a solo;In marcia / fermata / arresto;Honda;SH 150;Conducente;0;M;Illeso;0;;;
3540252;4;05/11/2017 11:50:00;;VIALE LINA CAVALIERI;all'intersezione semaforizzata con;VIA PIAN DI SCO;VIA PIAN DI SCO;;;Scontro frontale/laterale DX fra veicoli in marcia;;;;;;;;;;0;0;0;4;;;0;1;Autovettura privata;In marcia / fermata / arresto;Fiat;500;Conducente;1984;F;Illeso;0;;;
3540252;4;05/11/2017 11:50:00;;VIALE LINA CAVALIERI;all'intersezione semaforizzata con;VIA PIAN DI SCO;VIA PIAN DI SCO;;;Scontro frontale/laterale DX fra veicoli in marcia;;;;;;;;;;0;0;0;4;;;0;1;Autovettura privata;In marcia / fermata / arresto;Fiat;500;Passeggero;1976;M;Illeso;0;;;
3540252;4;05/11/2017 11:50:00;;VIALE LINA CAVALIERI;all'intersezione semaforizzata con;VIA PIAN DI SCO;VIA PIAN DI SCO;;;Scontro frontale/laterale DX fra veicoli in marcia;;;;;;;;;;0;0;0;4;;;0;1;Autovettura privata;In marcia / fermata / arresto;Fiat;500;Passeggero;2014;F;Illeso;0;;;
3540252;4;05/11/2017 11:50:00;;VIALE LINA CAVALIERI;all'intersezione semaforizzata con;VIA PIAN DI SCO;VIA PIAN DI SCO;;;Scontro frontale/laterale DX fra veicoli in marcia;;;;;;;;;;0;0;0;4;;;0;2;Autovettura privata;In marcia / fermata / arresto;Daimler;Chrysler;Conducente;1964;M;Illeso;0;;;
3540255;4;04/11/2017 15:30:00;Strada Urbana;VIA RENATO FUCINI;in prossimità;;del civico n.;58;;Veicolo in marcia contro veicolo in sosta;Rettilineo;Due carreggiate;Asciutto;Asfaltata;Assente;Sereno;Normale;Buona;Ore Diurne;0;0;0;5;12,5465;41,95201;0;;;;;;Pedone;1991;F;Illeso;0;;;
3540255;4;04/11/2017 15:30:00;Strada Urbana;VIA RENATO FUCINI;in prossimità;;del civico n.;58;;Veicolo in marcia contro veicolo in sosta;Rettilineo;Due carreggiate;Asciutto;Asfaltata;Assente;Sereno;Normale;Buona;Ore Diurne;0;0;0;5;12,5465;41,95201;0;1;Autocarro inferiore 35 q.;In marcia / fermata / arresto;Fiat;Ducato;Conducente;1986;M;Illeso;0;;Non accertato;
3540255;4;04/11/2017 15:30:00;Strada Urbana;VIA RENATO FUCINI;in prossimità;;del civico n.;58;;Veicolo in marcia contro veicolo in sosta;Rettilineo;Due carreggiate;Asciutto;Asfaltata;Assente;Sereno;Normale;Buona;Ore Diurne;0;0;0;5;12,5465;41,95201;0;2;Autovettura privata;In marcia / fermata / arresto;Nissan;QASHQAI;Conducente;1976;;Illeso;0;;;
3540255;4;04/11/2017 15:30:00;Strada Urbana;VIA RENATO FUCINI;in prossimità;;del civico n.;58;;Veicolo in marcia contro veicolo in sosta;Rettilineo;Due carreggiate;Asciutto;Asfaltata;Assente;Sereno;Normale;Buona;Ore Diurne;0;0;0;5;12,5465;41,95201;0;2;Autovettura privata;In marcia / fermata / arresto;Nissan;QASHQAI;Passeggero;1980;F;Illeso;0;;Non accertato;
3540255;4;04/11/2017 15:30:00;Strada Urbana;VIA RENATO FUCINI;in prossimità;;del civico n.;58;;Veicolo in marcia contro veicolo in sosta;Rettilineo;Due carreggiate;Asciutto;Asfaltata;Assente;Sereno;Normale;Buona;Ore Diurne;0;0;0;5;12,5465;41,95201;0;2;Autovettura privata;In marcia / fermata / arresto;Nissan;QASHQAI;Passeggero;2016;F;Illeso;0;;Non accertato;
3540266;12;03/11/2017 15:40:00;Strada Urbana;VIALE BEATA VERGINE DEL CARMELO;in corrispondenza;;del civico n.;32;;Investimento di pedone;Rettilineo;Una carreggiata a doppio senso;Asciutto;Asfaltata;Verticale ed orizzontale;Nuvoloso;Normale;Buona;Ore Diurne;0;0;0;2;12,43787;41,80688;-1;;;;;;Pedone;1937;M;Illeso;0;;;
3540266;12;03/11/2017 15:40:00;Strada Urbana;VIALE BEATA VERGINE DEL CARMELO;in corrispondenza;;del civico n.;32;;Investimento di pedone;Rettilineo;Una carreggiata a doppio senso;Asciutto;Asfaltata;Verticale ed orizzontale;Nuvoloso;Normale;Buona;Ore Diurne;0;0;0;2;12,43787;41,80688;-1;1;Autovettura privata;In marcia / fermata / arresto;Hyundai;Santafè;Conducente;1948;M;Illeso;0;;Non accertato;Inesploso
3540290;4;04/11/2017 13:05:00;Strada Urbana;VIA GIUSEPPE DE SANTIS;da specificare;;;;fronte civico 31;Tamponamento;Rettilineo;Una carreggiata a doppio senso;Asciutto;Asfaltata;Verticale ed orizzontale;Sereno;Normale;Buona;Ore Diurne;0;0;0;2;12,53764;41,96554;0;1;Autovettura privata;In marcia / fermata / arresto;Fiat;Seicento;Conducente;1974;M;Illeso;0;;;
3540290;4;04/11/2017 13:05:00;Strada Urbana;VIA GIUSEPPE DE SANTIS;da specificare;;;;fronte civico 31;Tamponamento;Rettilineo;Una carreggiata a doppio senso;Asciutto;Asfaltata;Verticale ed orizzontale;Sereno;Normale;Buona;Ore Diurne;0;0;0;2;12,53764;41,96554;0;2;Autovettura privata;In marcia / fermata / arresto;Mini;Cooper;Conducente;1974;M;Illeso;0;;;
3540305;16;05/11/2017 00:05:00;Strada Urbana;VIA DEL FOSSO DI BRAVETTA;in prossimità;;del civico n.;24;;Veicolo in marcia contro veicoli in sosta;Rettilineo;Una carreggiata a doppio senso;Asciutto;Asfaltata;Orizzontale;Sereno;Scarso;Buona;Sufficiente;0;0;0;1;12,41495;41,8736;-1;1;Autovettura privata;In marcia / fermata / arresto;Volkswagen;Polo;Conducente;1999;M;Illeso;0;;Non accertato;
3540318;4;04/11/2017 08:50:00;Strada Urbana;VIA RENATO FUCINI;all'intersezione semaforizzata con;VIA LUDOVICO DI BREME;VIA LUDOVICO DI BREME;;;Scontro frontale/laterale DX fra veicoli in marcia;Intersezione semaforizzata;Due carreggiate;Bagnato (umidità in atto);Asfaltata;Verticale ed orizzontale;Sereno;Normale;Buona;Ore Diurne;0;0;0;2;12,54946;41,94985;0;1;Autovettura privata;In marcia / fermata / arresto;Renault;Modus;Conducente;1964;F;Illeso;0;;;Esploso
3540318;4;04/11/2017 08:50:00;Strada Urbana;VIA RENATO FUCINI;all'intersezione semaforizzata con;VIA LUDOVICO DI BREME;VIA LUDOVICO DI BREME;;;Scontro frontale/laterale DX fra veicoli in marcia;Intersezione semaforizzata;Due carreggiate;Bagnato (umidità in atto);Asfaltata;Verticale ed orizzontale;Sereno;Normale;Buona;Ore Diurne;0;0;0;2;12,54946;41,94985;0;2;Autovettura privata;In marcia / fermata / arresto;Hyundai;i 10;Conducente;1991;F;Illeso;0;;;Inesploso
3540331;6;06/11/2017 11:30:00;Strada Urbana;VIALE IRPINIA;in corrispondenza;;del civico n.;10;;Scontro laterale fra veicoli in marcia;Rettilineo;Una carreggiata a senso unico di marcia;Asciutto;Asfaltata;Orizzontale;Nuvoloso;Normale;Buona;Ore Diurne;0;0;0;3;12,54929;41,89276;-1;1;Autovettura privata;In marcia / fermata / arresto;Volkswagen;Polo;Conducente;1994;M;Illeso;0;;Non accertato;Inesploso
3540331;6;06/11/2017 11:30:00;Strada Urbana;VIALE IRPINIA;in corrispondenza;;del civico n.;10;;Scontro laterale fra veicoli in marcia;Rettilineo;Una carreggiata a senso unico di marcia;Asciutto;Asfaltata;Orizzontale;Nuvoloso;Normale;Buona;Ore Diurne;0;0;0;3;12,54929;41,89276;-1;1;Autovettura privata;In marcia / fermata / arresto;Volkswagen;Polo;Passeggero;1994;F;Illeso;0;;;
3540331;6;06/11/2017 11:30:00;Strada Urbana;VIALE IRPINIA;in corrispondenza;;del civico n.;10;;Scontro laterale fra veicoli in marcia;Rettilineo;Una carreggiata a senso unico di marcia;Asciutto;Asfaltata;Orizzontale;Nuvoloso;Normale;Buona;Ore Diurne;0;0;0;3;12,54929;41,89276;-1;2;Autocarro inferiore 35 q.;In marcia / fermata / arresto;Mitsubishi;L 200;Conducente;1960;M;Illeso;0;;Non accertato;Inesploso
3540345;10;05/11/2017 21:45:00;Strada Urbana;VIA ANAGNINA;all'intersezione con;VIA DELLA MOLA CAVONA;VIA DELLA MOLA CAVONA;;;Scontro frontale fra veicoli in marcia;Intersezione semaforizzata;Una carreggiata a doppio senso;Bagnato (pioggia);Asfaltata;Verticale ed orizzontale;Nuvoloso;Scarso;Sufficiente;Sufficiente;0;0;0;3;12,63682;41,80363;-1;1;Autovettura privata;In marcia / fermata / arresto;Mini;Cooper;Conducente;1960;M;Illeso;0;;Non accertato;Inesploso
3540345;10;05/11/2017 21:45:00;Strada Urbana;VIA ANAGNINA;all'intersezione con;VIA DELLA MOLA CAVONA;VIA DELLA MOLA CAVONA;;;Scontro frontale fra veicoli in marcia;Intersezione semaforizzata;Una carreggiata a doppio senso;Bagnato (pioggia);Asfaltata;Verticale ed orizzontale;Nuvoloso;Scarso;Sufficiente;Sufficiente;0;0;0;3;12,63682;41,80363;-1;2;Autovettura privata;In marcia / fermata / arresto;Ford;Focus;Conducente;1977;M;Illeso;0;;Non accertato;Inesploso
3540345;10;05/11/2017 21:45:00;Strada Urbana;VIA ANAGNINA;all'intersezione con;VIA DELLA MOLA CAVONA;VIA DELLA MOLA CAVONA;;;Scontro frontale fra veicoli in marcia;Intersezione semaforizzata;Una carreggiata a doppio senso;Bagnato (pioggia);Asfaltata;Verticale ed orizzontale;Nuvoloso;Scarso;Sufficiente;Sufficiente;0;0;0;3;12,63682;41,80363;-1;2;Autovettura privata;In marcia / fermata / arresto;Ford;Focus;Passeggero;1985;M;Illeso;0;;Non accertato;Inesploso
3540349;9;06/11/2017 08:55:00;;PIAZZA ZAMA;da specificare;;;;in prossimità VIA SIRIA;Scontro laterale fra veicoli in marcia;;;;;;;;;;0;0;0;3;12,51031;41,87589;0;1;Autocarro inferiore 35 q.;In marcia / fermata / arresto;Fiat Iveco;150;Conducente;1959;M;Illeso;0;;Non accertato;Inesploso
3540349;9;06/11/2017 08:55:00;;PIAZZA ZAMA;da specificare;;;;in prossimità VIA SIRIA;Scontro laterale fra veicoli in marcia;;;;;;;;;;0;0;0;3;12,51031;41,87589;0;2;Autovettura privata;In marcia / fermata / arresto;Opel;Zafira;Conducente;1989;F;Illeso;0;;Non accertato;Inesploso
3540349;9;06/11/2017 08:55:00;;PIAZZA ZAMA;da specificare;;;;in prossimità VIA SIRIA;Scontro laterale fra veicoli in marcia;;;;;;;;;;0;0;0;3;12,51031;41,87589;0;3;Autovettura privata;In marcia / fermata / arresto;Lancia;Ypsilon;Conducente;1939;F;Illeso;0;;Non accertato;Inesploso
3540361;4;05/11/2017 23:25:00;Strada Urbana;VIA DELLA BUFALOTTA;all'intersezione con;VIA DELLA CECCHINA;VIA DELLA CECCHINA;;;Veicolo in marcia contro ostacolo fisso;Intersezione stradale segnalata;Una carreggiata a doppio senso;Bagnato (umidità in atto);Asfaltata;Verticale ed orizzontale;Sereno;Scarso;Buona;Sufficiente;0;0;0;1;12,54983;41,96743;0;1;Autovettura privata;In marcia / fermata / arresto;Volkswagen;Polo;Conducente;1985;M;Illeso;0;;;
3540369;3;04/11/2017 21:10:00;;VIA PINCIANA;all'intersezione semaforizzata con;VIA GIACOMO PUCCINI;VIA GIACOMO PUCCINI;;;Scontro frontale fra veicoli in marcia;;;;;;;;;;1;0;0;1;;;0;1;Autovettura privata;In marcia / fermata / arresto;Nissan;Micra;Conducente;1981;M;Illeso;0;;;
3540369;3;04/11/2017 21:10:00;;VIA PINCIANA;all'intersezione semaforizzata con;VIA GIACOMO PUCCINI;VIA GIACOMO PUCCINI;;;Scontro frontale fra veicoli in marcia;;;;;;;;;;1;0;0;1;;;0;2;Quadriciclo leggero;In marcia / fermata / arresto;(ignoto);(ignoto);Conducente;1963;M;Rifiuta cure immediate;0;NON DECEDUTO;;
3540373;10;06/11/2017 02:30:00;;VIA TUSCOLANA;in corrispondenza;;del civico n.;1554;;Scontro frontale/laterale DX fra veicoli in marcia;;;;;;;;;;0;0;0;2;;;0;1;Autobus di linea;In marcia / fermata / arresto;Irisbus;(ignoto);Conducente;1970;M;Illeso;0;;;
3540373;10;06/11/2017 02:30:00;;VIA TUSCOLANA;in corrispondenza;;del civico n.;1554;;Scontro frontale/laterale DX fra veicoli in marcia;;;;;;;;;;0;0;0;2;;;0;2;Autovettura privata;In marcia / fermata / arresto;Land Rover;(ignoto);Conducente;1987;M;Illeso;0;;;
3540405;12;04/11/2017 10:15:00;Strada Urbana;PIAZZALE LUIGI STURZO;da specificare;;;;fronte Via Liszt;Scontro frontale/laterale SX fra veicoli in marcia;Rettilineo;Una carreggiata a doppio senso;Asciutto;Asfaltata;Verticale ed orizzontale;Sereno;Normale;Buona;Ore Diurne;1;0;0;2;12,46703;41,8347;0;1;Autovettura privata;In marcia / fermata / arresto;Chevrolet;Matiz;Conducente;1997;F;Illeso;0;;Non accertato;Esploso
3540405;12;04/11/2017 10:15:00;Strada Urbana;PIAZZALE LUIGI STURZO;da specificare;;;;fronte Via Liszt;Scontro frontale/laterale SX fra veicoli in marcia;Rettilineo;Una carreggiata a doppio senso;Asciutto;Asfaltata;Verticale ed orizzontale;Sereno;Normale;Buona;Ore Diurne;1;0;0;2;12,46703;41,8347;0;1;Autovettura privata;In marcia / fermata / arresto;Chevrolet;Matiz;Passeggero;2002;M;Rimandato;0;NON DECEDUTO;Non accertato;Inesploso
3540405;12;04/11/2017 10:15:00;Strada Urbana;PIAZZALE LUIGI STURZO;da specificare;;;;fronte Via Liszt;Scontro frontale/laterale SX fra veicoli in marcia;Rettilineo;Una carreggiata a doppio senso;Asciutto;Asfaltata;Verticale ed orizzontale;Sereno;Normale;Buona;Ore Diurne;1;0;0;2;12,46703;41,8347;0;2;Autovettura privata;In marcia / fermata / arresto;Toyota;Yaris;Conducente;1966;F;Illeso;0;;Non accertato;Esploso
3540411;13;02/11/2017 14:30:00;;LUNGOMARE PAOLO TOSCANELLI;in corrispondenza;;del civico n.;96;;Veicolo in marcia contro veicolo in sosta;;;;;;;;;;0;0;0;2;;;0;3;Autovettura privata;In marcia / fermata / arresto;Toyota;Yaris;Conducente;1997;M;Illeso;0;;Non accertato;
3540411;13;02/11/2017 14:30:00;;LUNGOMARE PAOLO TOSCANELLI;in corrispondenza;;del civico n.;96;;Veicolo in marcia contro veicolo in sosta;;;;;;;;;;0;0;0;2;;;0;3;Autovettura privata;In marcia / fermata / arresto;Toyota;Yaris;Passeggero;1999;M;Illeso;0;;Non accertato;
3540435;13;06/11/2017 11:40:00;Strada Urbana;VIA DOMENICO BAFFIGO;all'intersezione con;VIALE DEL SOMMERGIBILE;VIALE DEL SOMMERGIBILE;;;Scontro frontale/laterale DX fra veicoli in marcia;Incrocio;Una carreggiata a doppio senso;Asciutto;Asfaltata;Verticale ed orizzontale;Nuvoloso;Normale;Buona;Ore Diurne;2;0;0;2;;;0;1;Autovettura privata;In marcia / fermata / arresto;Chevrolet;spark;Conducente;1965;F;Illeso;0;;Non accertato;Inesploso
3540435;13;06/11/2017 11:40:00;Strada Urbana;VIA DOMENICO BAFFIGO;all'intersezione con;VIALE DEL SOMMERGIBILE;VIALE DEL SOMMERGIBILE;;;Scontro frontale/laterale DX fra veicoli in marcia;Incrocio;Una carreggiata a doppio senso;Asciutto;Asfaltata;Verticale ed orizzontale;Nuvoloso;Normale;Buona;Ore Diurne;2;0;0;2;;;0;1;Autovettura privata;In marcia / fermata / arresto;Chevrolet;spark;Passeggero;1941;M;Rimandato;0;NON DECEDUTO;Non accertato;Inesploso
3540435;13;06/11/2017 11:40:00;Strada Urbana;VIA DOMENICO BAFFIGO;all'intersezione con;VIALE DEL SOMMERGIBILE;VIALE DEL SOMMERGIBILE;;;Scontro frontale/laterale DX fra veicoli in marcia;Incrocio;Una carreggiata a doppio senso;Asciutto;Asfaltata;Verticale ed orizzontale;Nuvoloso;Normale;Buona;Ore Diurne;2;0;0;2;;;0;1;Autovettura privata;In marcia / fermata / arresto;Chevrolet;spark;Passeggero;1944;F;Rimandato;0;NON DECEDUTO;Non accertato;Inesploso
3540435;13;06/11/2017 11:40:00;Strada Urbana;VIA DOMENICO BAFFIGO;all'intersezione con;VIALE DEL SOMMERGIBILE;VIALE DEL SOMMERGIBILE;;;Scontro frontale/laterale DX fra veicoli in marcia;Incrocio;Una carreggiata a doppio senso;Asciutto;Asfaltata;Verticale ed orizzontale;Nuvoloso;Normale;Buona;Ore Diurne;2;0;0;2;;;0;2;Autovettura privata;In marcia / fermata / arresto;Daewoo;Kalos;Conducente;1972;M;Illeso;0;;Non accertato;Inesploso
3540464;4;05/11/2017 02:30:00;;VIA MONTE GRIMANO;da specificare;;;;altezza rotatoria Viale Carmelo Bene;Veicolo in marcia contro ostacolo fisso;;;;;;;;;;1;0;0;0;;;0;1;Autovettura privata;In marcia / fermata / arresto;Toyota;Yaris;Conducente;1989;F;Rimandato;0;NON DECEDUTO;Non accertato;Inesploso
3540508;4;05/11/2017 04:00:00;;PIAZZALE JONIO;in prossimità;;del civico n.;27;;Scontro laterale fra veicoli in marcia;;;;;;;;;;0;0;0;3;;;0;1;Autovettura privata;In marcia / fermata / arresto;Lancia;Ypsilon;Conducente;1998;M;Illeso;0;;Non accertato;Inesploso
3540508;4;05/11/2017 04:00:00;;PIAZZALE JONIO;in prossimità;;del civico n.;27;;Scontro laterale fra veicoli in marcia;;;;;;;;;;0;0;0;3;;;0;1;Autovettura privata;In marcia / fermata / arresto;Lancia;Ypsilon;Passeggero;1999;M;Illeso;0;;Non accertato;Inesploso
3540508;4;05/11/2017 04:00:00;;PIAZZALE JONIO;in prossimità;;del civico n.;27;;Scontro laterale fra veicoli in marcia;;;;;;;;;;0;0;0;3;;;0;1;Autovettura privata;In marcia / fermata / arresto;Lancia;Ypsilon;Passeggero;2000;M;Illeso;0;;Non accertato;Inesploso
3540509;12;04/11/2017 12:15:00;Strada Urbana;VIA DI VALLERANO;in prossimità;;del civico n.;139;;Veicolo in marcia contro ostacolo fisso;Curva a visuale libera;Una carreggiata a doppio senso;Asciutto;Asfaltata;Verticale ed orizzontale;Sereno;Scarso;Buona;Ore Diurne;1;0;0;0;;;0;1;Autovettura privata;In marcia / fermata / arresto;Toyota;Yaris;Conducente;1941;F;Ricoverato;0;NON DECEDUTO;;
3540525;5;06/11/2017 08:40:00;;VIA TIBURTINA;in corrispondenza;;del civico n.;846;;Infortunio per sola frenata improvvisa;;;;;;;;;;0;0;1;1;;;0;1;Motociclo a solo;In marcia / fermata / arresto;Honda;(non accertato);Conducente;1992;M;Deceduto durante prime cure;-1;;;
3540525;5;06/11/2017 08:40:00;;VIA TIBURTINA;in corrispondenza;;del civico n.;846;;Infortunio per sola frenata improvvisa;;;;;;;;;;0;0;1;1;;;0;2;Autovettura privata;In marcia / fermata / arresto;Volkswagen;UP;Conducente;1951;M;Illeso;0;;;
3540526;3;05/11/2017 23:40:00;;VIA TIBURTINA;da specificare;;;;dir tivoli alt immissione rampa dir foro italico;Scontro laterale fra veicoli in marcia;;;;;;;;;;0;0;0;3;;;0;1;Autovettura privata;In marcia / fermata / arresto;Hyundai;Atos;Conducente;0;F;Illeso;0;;;
3540526;3;05/11/2017 23:40:00;;VIA TIBURTINA;da specificare;;;;dir tivoli alt immissione rampa dir foro italico;Scontro laterale fra veicoli in marcia;;;;;;;;;;0;0;0;3;;;0;2;Autovettura privata;In marcia / fermata / arresto;Mercedes;Smart Forfour;Conducente;0;F;Illeso;0;;;
3540526;3;05/11/2017 23:40:00;;VIA TIBURTINA;da specificare;;;;dir tivoli alt immissione rampa dir foro italico;Scontro laterale fra veicoli in marcia;;;;;;;;;;0;0;0;3;;;0;2;Autovettura privata;In marcia / fermata / arresto;Mercedes;Smart Forfour;Passeggero;0;F;Illeso;0;;;
3540530;3;06/11/2017 05:10:00;Strada Urbana;VIALE REGINA MARGHERITA;all'intersezione con;VIA NOMENTANA;VIA NOMENTANA;;;Scontro frontale/laterale SX fra veicoli in marcia;Intersezione semaforizzata;Più di due carreggiate;Bagnato (umidità in atto);Asfaltata;Verticale ed orizzontale;Nuvoloso;Scarso;Sufficiente;Sufficiente;0;0;0;3;12,50652;41,91294;0;1;Autovettura privata;In marcia / fermata / arresto;Peugeot;208;Conducente;1992;M;Illeso;0;;Non accertato;Inesploso
3540530;3;06/11/2017 05:10:00;Strada Urbana;VIALE REGINA MARGHERITA;all'intersezione con;VIA NOMENTANA;VIA NOMENTANA;;;Scontro frontale/laterale SX fra veicoli in marcia;Intersezione semaforizzata;Più di due carreggiate;Bagnato (umidità in atto);Asfaltata;Verticale ed orizzontale;Nuvoloso;Scarso;Sufficiente;Sufficiente;0;0;0;3;12,50652;41,91294;0;2;Autovettura privata;In marcia / fermata / arresto;Fiat;Freemont;Conducente;1977;M;Illeso;0;;Non accertato;Inesploso
3540530;3;06/11/2017 05:10:00;Strada Urbana;VIALE REGINA MARGHERITA;all'intersezione con;VIA NOMENTANA;VIA NOMENTANA;;;Scontro frontale/laterale SX fra veicoli in marcia;Intersezione semaforizzata;Più di due carreggiate;Bagnato (umidità in atto);Asfaltata;Verticale ed orizzontale;Nuvoloso;Scarso;Sufficiente;Sufficiente;0;0;0;3;12,50652;41,91294;0;2;Autovettura privata;In marcia / fermata / arresto;Fiat;Freemont;Passeggero;1972;M;Illeso;0;;Non accertato;Inesploso
3540538;3;04/11/2017 14:00:00;Strada Urbana;VIA DI PORTA LABICANA;da specificare;;;;civ 12;Veicolo in marcia contro ostacolo accidentale;Rettilineo;Una carreggiata a senso unico di marcia;Viscido da liquidi oleosi;In cubetti di porfido;Verticale ed orizzontale;Sereno;Scarso;Buona;Ore Diurne;0;0;0;2;;;0;1;Motociclo con passeggero;In marcia / fermata / arresto;Honda;SH;Conducente;1984;M;Illeso;0;;Non accertato;
3540538;3;04/11/2017 14:00:00;Strada Urbana;VIA DI PORTA LABICANA;da specificare;;;;civ 12;Veicolo in marcia contro ostacolo accidentale;Rettilineo;Una carreggiata a senso unico di marcia;Viscido da liquidi oleosi;In cubetti di porfido;Verticale ed orizzontale;Sereno;Scarso;Buona;Ore Diurne;0;0;0;2;;;0;1;Motociclo con passeggero;In marcia / fermata / arresto;Honda;SH;Passeggero;1984;M;Illeso;0;;Non accertato;
3540560;12;03/11/2017 05:45:00;Strada Urbana;VIADOTTO DELLA MAGLIANA;da specificare;;;;direzione Roma centro altezza VIA CAPPELLACCIO;Veicolo in marcia contro ostacolo accidentale;Curva a visuale libera;Due carreggiate;Bagnato (pioggia);Asfaltata;Verticale;Nuvoloso;Scarso;Buona;Insufficiente;0;0;0;1;12,46314;41,84172;0;1;Autovettura privata;In marcia / fermata / arresto;Nissan;Micra;Conducente;1994;M;Illeso;0;;Non accertato;Inesploso
3540567;12;03/11/2017 05:55:00;Strada Urbana;VIADOTTO DELLA MAGLIANA;da specificare;;;;direzione Roma prossimità VIA del CAPPELLACCIO;Veicolo in marcia contro veicoli fermi;Curva a visuale libera;Due carreggiate;Bagnato (umidità in atto);Asfaltata;Verticale ed orizzontale;Nuvoloso;Normale;Sufficiente;Insufficiente;1;0;0;2;12,46314;41,84172;0;1;Autovettura privata;In marcia / fermata / arresto;Nissan;Micra;Conducente;1994;M;Rimandato;0;NON DECEDUTO;;
3540567;12;03/11/2017 05:55:00;Strada Urbana;VIADOTTO DELLA MAGLIANA;da specificare;;;;direzione Roma prossimità VIA del CAPPELLACCIO;Veicolo in marcia contro veicoli fermi;Curva a visuale libera;Due carreggiate;Bagnato (umidità in atto);Asfaltata;Verticale ed orizzontale;Nuvoloso;Normale;Sufficiente;Insufficiente;1;0;0;2;12,46314;41,84172;0;2;Autovettura privata;In marcia / fermata / arresto;Lancia;Ypsilon;Conducente;1963;F;Illeso;0;;;
3540567;12;03/11/2017 05:55:00;Strada Urbana;VIADOTTO DELLA MAGLIANA;da specificare;;;;direzione Roma prossimità VIA del CAPPELLACCIO;Veicolo in marcia contro veicoli fermi;Curva a visuale libera;Due carreggiate;Bagnato (umidità in atto);Asfaltata;Verticale ed orizzontale;Nuvoloso;Normale;Sufficiente;Insufficiente;1;0;0;2;12,46314;41,84172;0;3;Autovettura privata;In marcia / fermata / arresto;Renault;Kangoo;Conducente;1940;M;Illeso;0;;Utilizzato;Inesploso