Protocollo;Gruppo;DataOraIncidente;Localizzazione1;STRADA1;Localizzazione2;STRADA2;Strada02;Chilometrica;DaSpecificare;NaturaIncidente;particolaritastrade;TipoStrada;FondoStradale;Pavimentazione;Segnaletica;CondizioneAtmosferica;Traffico;Visibilita;Illuminazione;NUM_FERITI;NUM_RISERVATA;NUM_MORTI;NUM_ILLESI;Longitudine;Latitudine;Confermato;Progressivo;TipoVeicolo;StatoVeicolo;Marca;Modello;TipoPersona;AnnoNascita;Sesso;Tipolesione;Deceduto;DecedutoDopo;CinturaCascoUtilizzato;Airbag;
3540570;6;06/11/2017 11:30:00;Strada Urbana;VIALE IRPINIA;in corrispondenza;;del civico n.;5;;Veicolo in marcia contro veicolo in sosta;Rettilineo;Una carreggiata a senso unico di marcia;Asciutto;Asfaltata;Verticale ed orizzontale;Sereno;Normale;Buona;Ore Diurne;0;0;0;1;12,55007;41,8927;-1;1;Autovettura privata;In marcia / fermata / arresto;Lancia;Delta;Conducente;1946;F;Illeso;0;;Non utilizzato;Inesploso
3540586;18;06/11/2017 14:10:00;Strada Urbana;VIA DOMENICO TARDINI;in prossimità;;del civico n.;84;;Scontro laterale fra veicoli in marcia;Rettilineo;Una carreggiata a senso unico di marcia;Asciutto;Asfaltata;Verticale ed orizzontale;Nuvoloso;Normale;Buona;Ore Diurne;1;0;0;1;12,42535;41,90518;-1;1;Autovettura privata;In marcia / fermata / arresto;Opel;Meriva;Conducente;1974;M;Illeso;0;;Non accertato;Inesploso
3540586;18;06/11/2017 14:10:00;Strada Urbana;VIA DOMENICO TARDINI;in prossimità;;del civico n.;84;;Scontro laterale fra veicoli in marcia;Rettilineo;Una carreggiata a senso unico di marcia;Asciutto;Asfaltata;Verticale ed orizzontale;Nuvoloso;Normale;Buona;Ore Diurne;1;0;0;1;12,42535;41,90518;-1;2;Motociclo a solo;In marcia / fermata / arresto;Piaggio;Vespa 125;Conducente;2000;M;Rifiuta cure immediate;0;NON DECEDUTO;Non accertato;
3540588;11;06/11/2017 12:10:00;Strada Urbana;VIA ANDREA DI BONAIUTO;in prossimità;;del palo luce n.;19;;Scontro frontale fra veicoli in marcia;Rettilineo;Una carreggiata a doppio senso;Asciutto;Asfaltata;Orizzontale;Nuvoloso;Normale;Buona;Ore Diurne;2;0;0;0;12,49266;41,82716;0;1;Autovettura privata;In marcia / fermata / arresto;Volkswagen;Passat SW;Conducente;1986;M;Rimandato;0;NON DECEDUTO;Non accertato;Esploso
3540588;11;06/11/2017 12:10:00;Strada Urbana;VIA ANDREA DI BONAIUTO;in prossimità;;del palo luce n.;19;;Scontro frontale fra veicoli in marcia;Rettilineo;Una carreggiata a doppio senso;Asciutto;Asfaltata;Orizzontale;Nuvoloso;Normale;Buona;Ore Diurne;2;0;0;0;12,49266;41,82716;0;2;Autovettura privata;In marcia / fermata / arresto;Fiat;500 L;Conducente;1950;F;Ricoverato;0;NON DECEDUTO;Non accertato;Esploso
3540624;9;06/11/2017 14:40:00;Strada Urbana;VIA CASILINA;da specificare;;;;FRONTE CIVICO 95;Scontro frontale/laterale SX fra veicoli in marcia;Rettilineo;Due carreggiate;Asciutto;Asfaltata;Verticale ed orizzontale;Nuvoloso;Normale;Buona;Ore Diurne;0;0;0;3;;;0;1;Autocarro inferiore 35 q.;In marcia / fermata / arresto;Fiat Iveco;Daily;Conducente;1975;M;Illeso;0;;Utilizzato;Inesploso
3540624;9;06/11/2017 14:40:00;Strada Urbana;VIA CASILINA;da specificare;;;;FRONTE CIVICO 95;Scontro frontale/laterale SX fra veicoli in marcia;Rettilineo;Due carreggiate;Asciutto;Asfaltata;Verticale ed orizzontale;Nuvoloso;Normale;Buona;Ore Diurne;0;0;0;3;;;0;2;Autovettura privata;In marcia / fermata / arresto;Nissan;Micra;Conducente;1965;F;Illeso;0;;Utilizzato;Inesploso
3540624;9;06/11/2017 14:40:00;Strada Urbana;VIA CASILINA;da specificare;;;;FRONTE CIVICO 95;Scontro frontale/laterale SX fra veicoli in marcia;Rettilineo;Due carreggiate;Asciutto;Asfaltata;Verticale ed orizzontale;Nuvoloso;Normale;Buona;Ore Diurne;0;0;0;3;;;0;2;Autovettura privata;In marcia / fermata / arresto;Nissan;Micra;Passeggero;1970;F;Illeso;0;;Utilizzato;Inesploso
3540663;12;03/11/2017 11:10:00;Strada Urbana;VIA DI CASTEL DI LEVA;in prossimità;;del civico n.;118;;Veicolo in marcia contro ostacolo fisso;Curva a visuale libera;Una carreggiata a doppio senso;Bagnato (pioggia);Asfaltata;Verticale ed orizzontale;Pioggia in atto;Normale;Buona;Ore Diurne;0;0;0;1;12,50635;41,78716;0;1;Autovettura privata;In marcia / fermata / arresto;BMW;346;Conducente;1927;M;Illeso;0;;Utilizzato;Esploso
3540714;12;04/11/2017 20:15:00;Strada Urbana;VIALE DELL'UMANESIMO;all'intersezione con;VIA CRISTOFORO COLOMBO;VIA CRISTOFORO COLOMBO;;;Scontro frontale/laterale SX fra veicoli in marcia;Intersezione semaforizzata;Due carreggiate;Asciutto;Asfaltata;Verticale ed orizzontale;Nuvoloso;Scarso;Sufficiente;Sufficiente;0;0;0;2;12,46607;41,82425;0;1;Autovettura pubblica;In marcia / fermata / arresto;Ford;Focus;Conducente;1967;M;Illeso;0;;Utilizzato;Inesploso
3540714;12;04/11/2017 20:15:00;Strada Urbana;VIALE DELL'UMANESIMO;all'intersezione con;VIA CRISTOFORO COLOMBO;VIA CRISTOFORO COLOMBO;;;Scontro frontale/laterale SX fra veicoli in marcia;Intersezione semaforizzata;Due carreggiate;Asciutto;Asfaltata;Verticale ed orizzontale;Nuvoloso;Scarso;Sufficiente;Sufficiente;0;0;0;2;12,46607;41,82425;0;2;Autovettura privata;In marcia / fermata / arresto;Kia;Picanto;Conducente;1998;M;Illeso;0;;Utilizzato;Inesploso
3540817;17;04/11/2017 12:00:00;Strada Urbana;VIA DELLA CONCILIAZIONE;all'intersezione con;VIA DELL'ERBA;VIA DELL'ERBA;;;Scontro frontale fra veicoli in marcia;Incrocio;Più di due carreggiate;Asciutto;Asfaltata;Verticale ed orizzontale;Nebbia;Scarso;Buona;Ore Diurne;0;0;0;1;;;0;1;Autovettura privata;In marcia / fermata / arresto;Audi;A6;Conducente;1986;M;Illeso;0;;;
3540818;12;04/11/2017 13:00:00;Strada Urbana;VIA CRISTOFORO COLOMBO;da specificare;;;;sottovia per VIA C.COLOMBO lat. direz. VIA LAURENT;Tamponamento;Rettilineo;Una carreggiata a senso unico di marcia;Asciutto;Asfaltata;Verticale ed orizzontale;Sereno;Normale;Buona;Ore Diurne;1;0;0;1;12,49637;41,87316;0;1;Autovettura privata;In marcia / fermata / arresto;Hyundai;i 20;Conducente;1964;M;Illeso;0;;Utilizzato;Inesploso
3540818;12;04/11/2017 13:00:00;Strada Urbana;VIA CRISTOFORO COLOMBO;da specificare;;;;sottovia per VIA C.COLOMBO lat. direz. VIA LAURENT;Tamponamento;Rettilineo;Una carreggiata a senso unico di marcia;Asciutto;Asfaltata;Verticale ed orizzontale;Sereno;Normale;Buona;Ore Diurne;1;0;0;1;12,49637;41,87316;0;2;Motociclo a solo;In marcia / fermata / arresto;Honda;-;Conducente;1985;F;Rimandato;0;NON DECEDUTO;Non accertato;Inesploso
3540820;15;06/11/2017 12:30:00;;VIA COLONNELLO TOMMASO MASALA;da specificare;;;;prossimità fronte civ. 42;Scontro laterale fra veicoli in marcia;;;;;;;;;;0;0;0;2;;;0;1;Autovettura pubblica;In marcia / fermata / arresto;Toyota;Prius Plus;Conducente;0;M;Illeso;0;;;
3540820;15;06/11/2017 12:30:00;;VIA COLONNELLO TOMMASO MASALA;da specificare;;;;prossimità fronte civ. 42;Scontro laterale fra veicoli in marcia;;;;;;;;;;0;0;0;2;;;0;2;Motociclo con passeggero;In marcia / fermata / arresto;Kymco;Downtown;Conducente;0;M;Illeso;0;;;
3540845;12;05/11/2017 12:45:00;Strada Urbana;VIA GIAN FRANCESCO BIONDI;in corrispondenza;;del civico n.;15;;Veicolo in marcia contro veicoli in sosta;Rettilineo;Una carreggiata a doppio senso;Asciutto;Asfaltata;Verticale ed orizzontale;Nuvoloso;Normale;Buona;Ore Diurne;0;0;0;1;12,48961;41,81709;0;1;Autovettura privata;In marcia / fermata / arresto;Fiat;Punto;Conducente;1963;F;Illeso;0;;Utilizzato;Inesploso
3540849;17;04/11/2017 23:45:00;Strada Urbana;VIA DELLA TRASPONTINA;all'intersezione con;BORGO S. ANGELO;BORGO S. ANGELO;;;Scontro laterale fra veicoli in marcia;Incrocio;Più di due carreggiate;Asciutto;Acciotolata;Assente;Sereno;Normale;Sufficiente;Sufficiente;0;0;0;2;;;0;1;Autovettura privata;In marcia / fermata / arresto;Smart ;-;Conducente;1983;M;Illeso;0;;;
3540849;17;04/11/2017 23:45:00;Strada Urbana;VIA DELLA TRASPONTINA;all'intersezione con;BORGO S. ANGELO;BORGO S. ANGELO;;;Scontro laterale fra veicoli in marcia;Incrocio;Più di due carreggiate;Asciutto;Acciotolata;Assente;Sereno;Normale;Sufficiente;Sufficiente;0;0;0;2;;;0;2;Motociclo a solo;In marcia / fermata / arresto;KTM;Duke;Conducente;1999;M;Illeso;0;;;
3540868;12;06/11/2017 10:40:00;Statale;VIA DEL MARE;in prossimità;;della chilometrica;10.5;;Veicolo in marcia contro veicoli in arresto;Rettilineo;Una carreggiata a doppio senso;Asciutto;Asfaltata;Verticale ed orizzontale;Nuvoloso;Normale;Buona;Ore Diurne;0;0;0;5;12,44697;41,82786;-1;1;Autovettura privata;In marcia / fermata / arresto;Renault;Megane;Conducente;1972;M;Illeso;0;;Non accertato;Inesploso
3540868;12;06/11/2017 10:40:00;Statale;VIA DEL MARE;in prossimità;;della chilometrica;10.5;;Veicolo in marcia contro veicoli in arresto;Rettilineo;Una carreggiata a doppio senso;Asciutto;Asfaltata;Verticale ed orizzontale;Nuvoloso;Normale;Buona;Ore Diurne;0;0;0;5;12,44697;41,82786;-1;1;Autovettura privata;In marcia / fermata / arresto;Renault;Megane;Passeggero;1976;F;Illeso;0;;Non accertato;Inesploso
3540868;12;06/11/2017 10:40:00;Statale;VIA DEL MARE;in prossimità;;della chilometrica;10.5;;Veicolo in marcia contro veicoli in arresto;Rettilineo;Una carreggiata a doppio senso;Asciutto;Asfaltata;Verticale ed orizzontale;Nuvoloso;Normale;Buona;Ore Diurne;0;0;0;5;12,44697;41,82786;-1;2;Autovettura privata;In marcia / fermata / arresto;Suzuki;Vitara;Conducente;1984;M;Illeso;0;;Non accertato;Inesploso
3540868;12;06/11/2017 10:40:00;Statale;VIA DEL MARE;in prossimità;;della chilometrica;10.5;;Veicolo in marcia contro veicoli in arresto;Rettilineo;Una carreggiata a doppio senso;Asciutto;Asfaltata;Verticale ed orizzontale;Nuvoloso;Normale;Buona;Ore Diurne;0;0;0;5;12,44697;41,82786;-1;3;Autovettura privata;In marcia / fermata / arresto;Citroen;C 1;Conducente;1993;F;Illeso;0;;Non accertato;Inesploso
3540868;12;06/11/2017 10:40:00;Statale;VIA DEL MARE;in prossimità;;della chilometrica;10.5;;Veicolo in marcia contro veicoli in arresto;Rettilineo;Una carreggiata a doppio senso;Asciutto;Asfaltata;Verticale ed orizzontale;Nuvoloso;Normale;Buona;Ore Diurne;0;0;0;5;12,44697;41,82786;-1;4;Autovettura privata;In marcia / fermata / arresto;Lancia;Musa;Conducente;1951;M;Illeso;0;;Non accertato;Inesploso
3540883;17;06/11/2017 10:30:00;Strada Urbana;VIALE GIUSEPPE MAZZINI;all'intersezione con;VIA FULCIERI PAULUCCI DE CALBOLI;VIA FULCIERI PAULUCCI DE CALBOLI;;;Scontro frontale/laterale DX fra veicoli in marcia;Intersezione stradale segnalata;Due carreggiate;Asciutto;Asfaltata;Verticale ed orizzontale;Nebbia;Normale;Buona;Ore Diurne;0;0;0;4;;;0;1;Autovettura privata;In marcia / fermata / arresto;Fiat;500;Conducente;1966;F;Illeso;0;;;
3540883;17;06/11/2017 10:30:00;Strada Urbana;VIALE GIUSEPPE MAZZINI;all'intersezione con;VIA FULCIERI PAULUCCI DE CALBOLI;VIA FULCIERI PAULUCCI DE CALBOLI;;;Scontro frontale/laterale DX fra veicoli in marcia;Intersezione stradale segnalata;Due carreggiate;Asciutto;Asfaltata;Verticale ed orizzontale;Nebbia;Normale;Buona;Ore Diurne;0;0;0;4;;;0;2;Autovettura privata;In marcia / fermata / arresto;Lancia;Delta;Conducente;1980;M;Illeso;0;;;
3540883;17;06/11/2017 10:30:00;Strada Urbana;VIALE GIUSEPPE MAZZINI;all'intersezione con;VIA FULCIERI PAULUCCI DE CALBOLI;VIA FULCIERI PAULUCCI DE CALBOLI;;;Scontro frontale/laterale DX fra veicoli in marcia;Intersezione stradale segnalata;Due carreggiate;Asciutto;Asfaltata;Verticale ed orizzontale;Nebbia;Normale;Buona;Ore Diurne;0;0;0;4;;;0;2;Autovettura privata;In marcia / fermata / arresto;Lancia;Delta;Passeggero;1957;M;Illeso;0;;;
3540883;17;06/11/2017 10:30:00;Strada Urbana;VIALE GIUSEPPE MAZZINI;all'intersezione con;VIA FULCIERI PAULUCCI DE CALBOLI;VIA FULCIERI PAULUCCI DE CALBOLI;;;Scontro frontale/laterale DX fra veicoli in marcia;Intersezione stradale segnalata;Due carreggiate;Asciutto;Asfaltata;Verticale ed orizzontale;Nebbia;Normale;Buona;Ore Diurne;0;0;0;4;;;0;2;Autovettura privata;In marcia / fermata / arresto;Lancia;Delta;Passeggero;1978;M;Illeso;0;;;
3540912;11;06/11/2017 16:15:00;Strada Urbana;CIRCONVALLAZIONE OSTIENSE;in prossimità;;del civico n.;155;;Investimento di pedone;Rettilineo;Due carreggiate;Bagnato (pioggia);Asfaltata;Verticale ed orizzontale;Pioggia in atto;Normale;Buona;Ore Diurne;1;0;0;1;12,48597;41,86734;0;;;;;;Pedone;1933;M;Rimandato;0;NON DECEDUTO;;
3540912;11;06/11/2017 16:15:00;Strada Urbana;CIRCONVALLAZIONE OSTIENSE;in prossimità;;del civico n.;155;;Investimento di pedone;Rettilineo;Due carreggiate;Bagnato (pioggia);Asfaltata;Verticale ed orizzontale;Pioggia in atto;Normale;Buona;Ore Diurne;1;0;0;1;12,48597;41,86734;0;1;Autovettura privata;In marcia / fermata / arresto;Mercedes;GLK;Conducente;1943;M;Illeso;0;;Non accertato;Inesploso
3540917;12;06/11/2017 10:40:00;Provinciale;VIA LAURENTINA;in prossimità;;della chilometrica;11.6;;Veicolo in marcia contro veicoli in arresto;Curva a visuale libera;Due carreggiate;Asciutto;Asfaltata;Verticale ed orizzontale;Nuvoloso;Normale;Buona;Ore Diurne;0;0;0;6;12,50918;41,72716;-1;1;Autovettura privata;In marcia / fermata / arresto;Volkswagen;Polo;Conducente;1973;M;Illeso;0;;;
3540917;12;06/11/2017 10:40:00;Provinciale;VIA LAURENTINA;in prossimità;;della chilometrica;11.6;;Veicolo in marcia contro veicoli in arresto;Curva a visuale libera;Due carreggiate;Asciutto;Asfaltata;Verticale ed orizzontale;Nuvoloso;Normale;Buona;Ore Diurne;0;0;0;6;12,50918;41,72716;-1;1;Autovettura privata;In marcia / fermata / arresto;Volkswagen;Polo;Passeggero;1966;M;Illeso;0;;;
3540917;12;06/11/2017 10:40:00;Provinciale;VIA LAURENTINA;in prossimità;;della chilometrica;11.6;;Veicolo in marcia contro veicoli in arresto;Curva a visuale libera;Due carreggiate;Asciutto;Asfaltata;Verticale ed orizzontale;Nuvoloso;Normale;Buona;Ore Diurne;0;0;0;6;12,50918;41,72716;-1;1;Autovettura privata;In marcia / fermata / arresto;Volkswagen;Polo;Passeggero;1971;M;Illeso;0;;;
3540917;12;06/11/2017 10:40:00;Provinciale;VIA LAURENTINA;in prossimità;;della chilometrica;11.6;;Veicolo in marcia contro veicoli in arresto;Curva a visuale libera;Due carreggiate;Asciutto;Asfaltata;Verticale ed orizzontale;Nuvoloso;Normale;Buona;Ore Diurne;0;0;0;6;12,50918;41,72716;-1;1;Autovettura privata;In marcia / fermata / arresto;Volkswagen;Polo;Passeggero;1988;F;Illeso;0;;;
3540917;12;06/11/2017 10:40:00;Provinciale;VIA LAURENTINA;in prossimità;;della chilometrica;11.6;;Veicolo in marcia contro veicoli in arresto;Curva a visuale libera;Due carreggiate;Asciutto;Asfaltata;Verticale ed orizzontale;Nuvoloso;Normale;Buona;Ore Diurne;0;0;0;6;12,50918;41,72716;-1;1;Autovettura privata;In marcia / fermata / arresto;Volkswagen;Polo;Passeggero;1997;M;Illeso;0;;;
3540917;12;06/11/2017 10:40:00;Provinciale;VIA LAURENTINA;in prossimità;;della chilometrica;11.6;;Veicolo in marcia contro veicoli in arresto;Curva a visuale libera;Due carreggiate;Asciutto;Asfaltata;Verticale ed orizzontale;Nuvoloso;Normale;Buona;Ore Diurne;0;0;0;6;12,50918;41,72716;-1;2;Autovettura privata;In marcia / fermata / arresto;Volkswagen;Passat;Conducente;1965;M;Illeso;0;;Non accertato;Inesploso
3540930;19;06/11/2017 08:55:00;Strada Urbana;VIA EUGENIO DI MATTEI;all'intersezione con;VIA GIUSEPPE BARELLAI;VIA GIUSEPPE BARELLAI;;;Scontro laterale fra veicoli in marcia;Rotatoria;Una carreggiata a doppio senso;Asciutto;Asfaltata;Verticale ed orizzontale;Sereno;Normale;Sufficiente;Ore Diurne;0;0;0;2;;;0;1;Motociclo a solo;In marcia / fermata / arresto;Honda;@125;Conducente;1999;M;Illeso;0;;Non accertato;
3540930;19;06/11/2017 08:55:00;Strada Urbana;VIA EUGENIO DI MATTEI;all'intersezione con;VIA GIUSEPPE BARELLAI;VIA GIUSEPPE BARELLAI;;;Scontro laterale fra veicoli in marcia;Rotatoria;Una carreggiata a doppio senso;Asciutto;Asfaltata;Verticale ed orizzontale;Sereno;Normale;Sufficiente;Ore Diurne;0;0;0;2;;;0;2;Autovettura privata;In marcia / fermata / arresto;Volkswagen;TIGUAN;Conducente;1971;M;Illeso;0;;Non accertato;Inesploso
3541016;18;06/11/2017 19:00:00;Strada Urbana;VIA DI CASAL DEL MARMO;da specificare;;;;prossimità fronte civico 734;Scontro frontale fra veicoli in marcia;Rettilineo;Una carreggiata a doppio senso;Asciutto;Asfaltata;Verticale ed orizzontale;Sereno;Normale;Sufficiente;Sufficiente;2;0;0;0;12,3838;41,91737;-1;1;Autovettura privata;In marcia / fermata / arresto;Opel;Corsa;Conducente;1976;M;Rifiuta cure immediate;0;NON DECEDUTO;Non accertato;Inesistente
3541016;18;06/11/2017 19:00:00;Strada Urbana;VIA DI CASAL DEL MARMO;da specificare;;;;prossimità fronte civico 734;Scontro frontale fra veicoli in marcia;Rettilineo;Una carreggiata a doppio senso;Asciutto;Asfaltata;Verticale ed orizzontale;Sereno;Normale;Sufficiente;Sufficiente;2;0;0;0;12,3838;41,91737;-1;2;Motociclo a solo;In marcia / fermata / arresto;Honda;SH 125;Conducente;1980;F;Rimandato;0;NON DECEDUTO;Non accertato;
3541025;7;06/11/2017 18:30:00;Strada Urbana;VIA PRENESTINA BIS;da specificare;;;;DIREZIONE ROTATORIA PRENESTINA/LONGONI;Scontro laterale fra veicoli in marcia;Rettilineo;Due carreggiate;Bagnato (umidità in atto);Asfaltata;Orizzontale;Nuvoloso;Normale;Buona;Sufficiente;0;0;1;3;12,60289;41,89219;0;1;Autovettura privata;In marcia / fermata / arresto;Toyota;Yaris;Conducente;1977;M;Illeso;0;;Non accertato;Inesploso
3541025;7;06/11/2017 18:30:00;Strada Urbana;VIA PRENESTINA BIS;da specificare;;;;DIREZIONE ROTATORIA PRENESTINA/LONGONI;Scontro laterale fra veicoli in marcia;Rettilineo;Due carreggiate;Bagnato (umidità in atto);Asfaltata;Orizzontale;Nuvoloso;Normale;Buona;Sufficiente;0;0;1;3;12,60289;41,89219;0;1;Autovettura privata;In marcia / fermata / arresto;Toyota;Yaris;Passeggero;1978;F;Illeso;0;;Non accertato;Inesploso
3541025;7;06/11/2017 18:30:00;Strada Urbana;VIA PRENESTINA BIS;da specificare;;;;DIREZIONE ROTATORIA PRENESTINA/LONGONI;Scontro laterale fra veicoli in marcia;Rettilineo;Due carreggiate;Bagnato (umidità in atto);Asfaltata;Orizzontale;Nuvoloso;Normale;Buona;Sufficiente;0;0;1;3;12,60289;41,89219;0;2;Autovettura privata;In marcia / fermata / arresto;Opel;Zafira;Conducente;1974;M;Deceduto sul posto;-1;;Non accertato;Inesploso
3541025;7;06/11/2017 18:30:00;Strada Urbana;VIA PRENESTINA BIS;da specificare;;;;DIREZIONE ROTATORIA PRENESTINA/LONGONI;Scontro laterale fra veicoli in marcia;Rettilineo;Due carreggiate;Bagnato (umidità in atto);Asfaltata;Orizzontale;Nuvoloso;Normale;Buona;Sufficiente;0;0;1;3;12,60289;41,89219;0;2;Autovettura privata;In marcia / fermata / arresto;Opel;Zafira;Passeggero;0;M;Illeso;0;;Non accertato;Inesploso
3541043;15;06/11/2017 16:20:00;Strada Urbana;PIAZZA PIERO PURICELLI;in corrispondenza;;del civico n.;12;;Veicolo in marcia contro ostacolo accidentale;Rettilineo;Una carreggiata a senso unico di marcia;Asciutto;Asfaltata;Orizzontale;Nuvoloso;Scarso;Buona;Ore Diurne;0;0;0;1;;;0;1;Autovettura privata;In marcia / fermata / arresto;Ford;Fiesta;Conducente;1957;F;Illeso;0;;Utilizzato;
3541045;15;06/11/2017 18:40:00;;VIA PORTUENSE;all'intersezione con;VIA DI VIGNA JACOBINI;VIA DI VIGNA JACOBINI;;;Scontro laterale fra veicoli in marcia;;;;;;;;;;0;0;0;2;;;0;1;Veicolo speciale;In marcia / fermata / arresto;Renault;Clio;Conducente;0;F;Illeso;0;;;
3541045;15;06/11/2017 18:40:00;;VIA PORTUENSE;all'intersezione con;VIA DI VIGNA JACOBINI;VIA DI VIGNA JACOBINI;;;Scontro laterale fra veicoli in marcia;;;;;;;;;;0;0;0;2;;;0;2;Autovettura privata;In marcia / fermata / arresto;Lancia;Ypsilon;Conducente;0;M;Illeso;0;;;
3541048;15;06/11/2017 20:10:00;Strada Urbana;VIA DELLA MAGLIANA;all'intersezione con;VIA CITTA' DI PRATO;VIA CITTA' DI PRATO;;;Scontro frontale/laterale SX fra veicoli in marcia;Incrocio;Una carreggiata a doppio senso;Asciutto;Asfaltata;Verticale ed orizzontale;Sereno;Normale;Sufficiente;Sufficiente;0;0;0;2;;;0;1;Autovettura privata;In marcia / fermata / arresto;Citroen;C 3;Conducente;1965;F;Illeso;0;;Utilizzato;
3541048;15;06/11/2017 20:10:00;Strada Urbana;VIA DELLA MAGLIANA;all'intersezione con;VIA CITTA' DI PRATO;VIA CITTA' DI PRATO;;;Scontro frontale/laterale SX fra veicoli in marcia;Incrocio;Una carreggiata a doppio senso;Asciutto;Asfaltata;Verticale ed orizzontale;Sereno;Normale;Sufficiente;Sufficiente;0;0;0;2;;;0;2;Autovettura privata;In marcia / fermata / arresto;Nissan;Micra;Conducente;1985;M;Illeso;0;;Utilizzato;
3541283;10;06/11/2017 08:30:00;Strada Urbana;VIA DELLE CAPANNELLE;da specificare;;;;alt. ingresso Ippodromo;Tamponamento;Rettilineo;Una carreggiata a senso unico di marcia;Bagnato (umidità in atto);Asfaltata;Orizzontale;Nuvoloso;Scarso;Buona;Ore Diurne;0;0;0;1;12,56308;41,82583;0;1;Autovettura privata;In marcia / fermata / arresto;Volkswagen;Golf;Conducente;1940;M;Illeso;0;;Non accertato;Inesploso
3541290;10;06/11/2017 13:30:00;Strada Urbana;VIA BERNARDINO ALIMENA;in prossimità;;del civico n.;31;;Scontro laterale fra veicoli in marcia;Rettilineo;Una carreggiata a doppio senso;Asciutto;Asfaltata;Verticale ed orizzontale;Nuvoloso;Scarso;Buona;Ore Diurne;0;0;0;2;12,60046;41,8483;0;1;Autovettura privata;In marcia / fermata / arresto;Alfa Romeo;Giulietta;Conducente;1965;M;Illeso;0;;Non accertato;Inesploso
3541290;10;06/11/2017 13:30:00;Strada Urbana;VIA BERNARDINO ALIMENA;in prossimità;;del civico n.;31;;Scontro laterale fra veicoli in marcia;Rettilineo;Una carreggiata a doppio senso;Asciutto;Asfaltata;Verticale ed orizzontale;Nuvoloso;Scarso;Buona;Ore Diurne;0;0;0;2;12,60046;41,8483;0;2;Autovettura privata;In marcia / fermata / arresto;Smart ;Fortwo Coupe;Conducente;1994;F;Illeso;0;;Non accertato;Inesploso
3541292;11;06/11/2017 09:05:00;;VIA CRISTOFORO COLOMBO;da specificare;;;;carreggiata laterale dir. centro palo Acea n. 59;Tamponamento Multiplo;;;;;;;;;;1;0;0;3;;;0;1;Autovettura privata;In marcia / fermata / arresto;Opel;Corsa;Conducente;1987;F;Illeso;0;;;
3541292;11;06/11/2017 09:05:00;;VIA CRISTOFORO COLOMBO;da specificare;;;;carreggiata laterale dir. centro palo Acea n. 59;Tamponamento Multiplo;;;;;;;;;;1;0;0;3;;;0;2;Autovettura privata;In marcia / fermata / arresto;Fiat;Panda;Conducente;1983;M;Rifiuta cure immediate;0;NON DECEDUTO;;
3541292;11;06/11/2017 09:05:00;;VIA CRISTOFORO COLOMBO;da specificare;;;;carreggiata laterale dir. centro palo Acea n. 59;Tamponamento Multiplo;;;;;;;;;;1;0;0;3;;;0;3;Autovettura privata;In marcia / fermata / arresto;Mini;Countryman;Conducente;1973;F;Illeso;0;;;
3541292;11;06/11/2017 09:05:00;;VIA CRISTOFORO COLOMBO;da specificare;;;;carreggiata laterale dir. centro palo Acea n. 59;Tamponamento Multiplo;;;;;;;;;;1;0;0;3;;;0;4;Autovettura privata;In marcia / fermata / arresto;Audi;A1;Conducente;1961;F;Illeso;0;;;
3541295;12;06/11/2017 11:30:00;Strada Urbana;VIA DEL PIANETA URANO;in corrispondenza;;del civico n.;50;;Scontro frontale/laterale DX fra veicoli in marcia;Rettilineo;Una carreggiata a doppio senso;Asciutto;Asfaltata;Verticale ed orizzontale;Nuvoloso;Normale;Sufficiente;Ore Diurne;0;0;0;2;12,44623;41,81781;0;1;Autovettura privata;In marcia / fermata / arresto;Opel;Astra;Conducente;1977;F;Illeso;0;;Utilizzato;Inesploso
3541295;12;06/11/2017 11:30:00;Strada Urbana;VIA DEL PIANETA URANO;in corrispondenza;;del civico n.;50;;Scontro frontale/laterale DX fra veicoli in marcia;Rettilineo;Una carreggiata a doppio senso;Asciutto;Asfaltata;Verticale ed orizzontale;Nuvoloso;Normale;Sufficiente;Ore Diurne;0;0;0;2;12,44623;41,81781;0;2;Autovettura privata;In marcia / fermata / arresto;Mercedes;Classe A 170 CDI;Conducente;1974;M;Illeso;0;;Utilizzato;Inesploso
3541302;10;06/11/2017 21:10:00;;VIA ANAGNINA;da specificare;;;;30 mt. dopo via della Stazione di Ciampino dir. Gr;Tamponamento;;;;;;;;;;1;0;0;1;;;0;1;Autovettura privata;In marcia / fermata / arresto;Volkswagen;Golf;Conducente;1978;M;Illeso;0;;;
3541302;10;06/11/2017 21:10:00;;VIA ANAGNINA;da specificare;;;;30 mt. dopo via della Stazione di Ciampino dir. Gr;Tamponamento;;;;;;;;;;1;0;0;1;;;0;2;Autovettura privata;In marcia / fermata / arresto;Hyundai;Atos;Conducente;1961;F;Rimandato;0;NON DECEDUTO;;