Protocollo;Gruppo;DataOraIncidente;Localizzazione1;STRADA1;Localizzazione2;STRADA2;Strada02;Chilometrica;DaSpecificare;NaturaIncidente;particolaritastrade;TipoStrada;FondoStradale;Pavimentazione;Segnaletica;CondizioneAtmosferica;Traffico;Visibilita;Illuminazione;NUM_FERITI;NUM_RISERVATA;NUM_MORTI;NUM_ILLESI;Longitudine;Latitudine;Confermato;Progressivo;TipoVeicolo;StatoVeicolo;Marca;Modello;TipoPersona;AnnoNascita;Sesso;Tipolesione;Deceduto;DecedutoDopo;CinturaCascoUtilizzato;Airbag;
3541774;1;05/11/2017 11:55:00;Strada Urbana;PIAZZA VENEZIA;all'intersezione con;VIA CESARE BATTISTI;VIA CESARE BATTISTI;;;Scontro laterale fra veicoli in marcia;Incrocio;Una carreggiata a senso unico di marcia;Asciutto;In cubetti di porfido;Verticale ed orizzontale;Nuvoloso;Normale;Buona;Ore Diurne;0;0;0;2;12,48265;41,89672;-1;2;Motociclo a solo;In marcia / fermata / arresto;Piaggio;Vespa;Conducente;1978;F;Illeso;0;;Utilizzato;
3541779;1;04/11/2017 13:00:00;Strada Urbana;PIAZZA DI PORTA CAPENA;all'intersezione con;VIA DEI CERCHI;VIA DEI CERCHI;;;Scontro laterale fra veicoli in marcia;Incrocio;Due carreggiate;Asciutto;Asfaltata;Verticale ed orizzontale;Sereno;Normale;Buona;Sufficiente;0;0;0;2;;;0;1;Ciclomotore;In marcia / fermata / arresto;Piaggio;Liberty;Conducente;1997;F;Illeso;0;;Non accertato;
3541779;1;04/11/2017 13:00:00;Strada Urbana;PIAZZA DI PORTA CAPENA;all'intersezione con;VIA DEI CERCHI;VIA DEI CERCHI;;;Scontro laterale fra veicoli in marcia;Incrocio;Due carreggiate;Asciutto;Asfaltata;Verticale ed orizzontale;Sereno;Normale;Buona;Sufficiente;0;0;0;2;;;0;1;Ciclomotore;In marcia / fermata / arresto;Piaggio;Liberty;Passeggero;1994;M;Illeso;0;;Non accertato;
3541793;1;05/11/2017 02:15:00;Strada Urbana;PIAZZA S. FRANCESCO D'ASSISI;in corrispondenza;;del civico n.;75;;Tamponamento;Rettilineo;Una carreggiata a senso unico di marcia;Asciutto;In cubetti di porfido;Verticale ed orizzontale;Sereno;Scarso;Sufficiente;Sufficiente;0;0;0;2;12,473;41,88548;-1;1;Autovettura privata;In marcia / fermata / arresto;Ford;Focus CMAX;Conducente;1965;M;Illeso;0;;Utilizzato;Inesploso
3541793;1;05/11/2017 02:15:00;Strada Urbana;PIAZZA S. FRANCESCO D'ASSISI;in corrispondenza;;del civico n.;75;;Tamponamento;Rettilineo;Una carreggiata a senso unico di marcia;Asciutto;In cubetti di porfido;Verticale ed orizzontale;Sereno;Scarso;Sufficiente;Sufficiente;0;0;0;2;12,473;41,88548;-1;2;Quadriciclo leggero;In marcia / fermata / arresto;AIXAM;(ignoto);Conducente;2000;M;Illeso;0;;Utilizzato;Inesploso
3541798;17;07/11/2017 09:45:00;;VIA COLA DI RIENZO;all'intersezione con;VIA TACITO;VIA TACITO;;;Scontro frontale/laterale DX fra veicoli in marcia;;;;;;;;;;1;0;0;1;12,46663;41,90833;0;1;Autovettura privata;In marcia / fermata / arresto;Volkswagen;Polo;Conducente;1956;F;Illeso;0;;;
3541798;17;07/11/2017 09:45:00;;VIA COLA DI RIENZO;all'intersezione con;VIA TACITO;VIA TACITO;;;Scontro frontale/laterale DX fra veicoli in marcia;;;;;;;;;;1;0;0;1;12,46663;41,90833;0;2;Motociclo con passeggero;In marcia / fermata / arresto;Piaggio;Liberty;Conducente;1970;F;Rifiuta cure immediate;0;NON DECEDUTO;;
3541805;7;07/11/2017 08:30:00;Provinciale entro l'abitato;VIA PRENESTINA;in prossimità;;del civico n.;578;;Scontro frontale fra veicoli in marcia;Rettilineo;Una carreggiata a doppio senso;Bagnato (pioggia);Asfaltata;Orizzontale;Pioggia in atto;Intenso;Buona;Ore Diurne;0;0;0;2;12,57875;41,89411;0;1;Autovettura privata;In marcia / fermata / arresto;Citroen;Xsara Picasso;Conducente;1971;M;Illeso;0;;Non accertato;Inesploso
3541805;7;07/11/2017 08:30:00;Provinciale entro l'abitato;VIA PRENESTINA;in prossimità;;del civico n.;578;;Scontro frontale fra veicoli in marcia;Rettilineo;Una carreggiata a doppio senso;Bagnato (pioggia);Asfaltata;Orizzontale;Pioggia in atto;Intenso;Buona;Ore Diurne;0;0;0;2;12,57875;41,89411;0;2;Autovettura privata;In marcia / fermata / arresto;Opel;Vectra;Conducente;1938;M;Illeso;0;;Non accertato;Inesploso
3541810;3;06/11/2017 17:10:00;Strada Urbana;VIALE DI VILLA MASSIMO;in corrispondenza;;del civico n.;48;;Veicolo in marcia contro veicolo fermo;Rettilineo;Una carreggiata a senso unico di marcia;Bagnato (pioggia);Asfaltata;Verticale ed orizzontale;Pioggia in atto;Normale;Sufficiente;Sufficiente;0;0;0;2;12,51756;41,91527;0;1;Autovettura privata;In marcia / fermata / arresto;Nissan;Micra;Conducente;1939;F;Illeso;0;;Non accertato;
3541810;3;06/11/2017 17:10:00;Strada Urbana;VIALE DI VILLA MASSIMO;in corrispondenza;;del civico n.;48;;Veicolo in marcia contro veicolo fermo;Rettilineo;Una carreggiata a senso unico di marcia;Bagnato (pioggia);Asfaltata;Verticale ed orizzontale;Pioggia in atto;Normale;Sufficiente;Sufficiente;0;0;0;2;12,51756;41,91527;0;2;Autovettura privata;In marcia / fermata / arresto;Lancia;Ypsilon;Conducente;1991;M;Illeso;0;;Non accertato;
3541837;1;06/11/2017 11:45:00;Strada Urbana;VIA CALABRIA;all'intersezione semaforizzata con;VIA PIAVE;VIA PIAVE;;;Scontro laterale fra veicoli in marcia;Intersezione semaforizzata;Una carreggiata a senso unico di marcia;Asciutto;Asfaltata;Verticale ed orizzontale;Nuvoloso;Intenso;Buona;Ore Diurne;0;0;0;2;;;0;1;Motociclo a solo;In marcia / fermata / arresto;Honda;SH 300;Conducente;1984;M;Illeso;0;;;
3541837;1;06/11/2017 11:45:00;Strada Urbana;VIA CALABRIA;all'intersezione semaforizzata con;VIA PIAVE;VIA PIAVE;;;Scontro laterale fra veicoli in marcia;Intersezione semaforizzata;Una carreggiata a senso unico di marcia;Asciutto;Asfaltata;Verticale ed orizzontale;Nuvoloso;Intenso;Buona;Ore Diurne;0;0;0;2;;;0;2;Autobus urbano;In marcia / fermata / arresto;(non accertato);(non accertato);Conducente;1961;M;Illeso;0;;;
3541840;16;06/11/2017 12:20:00;;VIA AURELIA ANTICA;in prossimità;;del civico n.;433;;Scontro frontale/laterale SX fra veicoli in marcia;;;;;;;;;;1;0;0;1;12,4346;41,89016;0;1;Autovettura privata;In marcia / fermata / arresto;Fiat;Punto;Conducente;0;M;Illeso;0;;;
3541840;16;06/11/2017 12:20:00;;VIA AURELIA ANTICA;in prossimità;;del civico n.;433;;Scontro frontale/laterale SX fra veicoli in marcia;;;;;;;;;;1;0;0;1;12,4346;41,89016;0;2;Motociclo a solo;In marcia / fermata / arresto;Yamaha;XCITY;Conducente;1942;M;Ricoverato;0;NON DECEDUTO;Non accertato;
3541841;1;06/11/2017 17:30:00;Strada Urbana;VIA GOFFREDO MAMELI;in corrispondenza;;del civico n.;22/A;;Veicolo in marcia contro ostacolo accidentale;Rettilineo;Una carreggiata a senso unico di marcia;Bagnato (umidità in atto);Asfaltata;Verticale ed orizzontale;Nuvoloso;Normale;Buona;Ore Diurne;0;0;0;1;;;0;1;Autovettura privata;In marcia / fermata / arresto;Audi;A1;Conducente;1979;M;Illeso;0;;Utilizzato;Inesploso
3541844;19;07/11/2017 10:40:00;Strada Urbana;GALLERIA GIOVANNI XXIII;in prossimità;;della chilometrica;1500;;Veicolo in marcia contro veicolo in sosta;Galleria illuminata;Una carreggiata a senso unico di marcia;Bagnato (pioggia);Asfaltata;Orizzontale;Pioggia in atto;Normale;Sufficiente;Sufficiente;0;0;0;1;;;0;1;Autovettura di polizia;In marcia / fermata / arresto;Seat;Leon;Conducente;1988;M;Illeso;0;;;
3541857;13;07/11/2017 07:45:00;;VIA CAPO PALINURO;all'intersezione con;VIALE AMMIRAGLIO DEL BONO;VIALE AMMIRAGLIO DEL BONO;;;Scontro frontale/laterale DX fra veicoli in marcia;;;;;;;;;;0;0;0;3;;;0;1;Autovettura privata;In marcia / fermata / arresto;Mercedes;Smart Fortwo Coupè;Conducente;1975;F;Illeso;0;;Non accertato;Inesploso
3541857;13;07/11/2017 07:45:00;;VIA CAPO PALINURO;all'intersezione con;VIALE AMMIRAGLIO DEL BONO;VIALE AMMIRAGLIO DEL BONO;;;Scontro frontale/laterale DX fra veicoli in marcia;;;;;;;;;;0;0;0;3;;;0;1;Autovettura privata;In marcia / fermata / arresto;Mercedes;Smart Fortwo Coupè;Passeggero;2004;F;Illeso;0;;Non accertato;Inesploso
3541857;13;07/11/2017 07:45:00;;VIA CAPO PALINURO;all'intersezione con;VIALE AMMIRAGLIO DEL BONO;VIALE AMMIRAGLIO DEL BONO;;;Scontro frontale/laterale DX fra veicoli in marcia;;;;;;;;;;0;0;0;3;;;0;2;Autovettura privata;In marcia / fermata / arresto;Citroen;C3;Conducente;1967;F;Illeso;0;;Non accertato;Inesploso
3541863;1;06/11/2017 13:50:00;Strada Urbana;VIA DEI CERCHI;in prossimità;;del civico n.;79;;Scontro laterale fra veicoli in marcia;Rettilineo;Una carreggiata a senso unico di marcia;Asciutto;Acciotolata;Verticale ed orizzontale;Nuvoloso;Normale;Buona;Ore Diurne;0;0;0;2;;;0;1;Autocarro inferiore 35 q.;In marcia / fermata / arresto;Iveco;180 E 30;Conducente;1972;M;Illeso;0;;;
3541863;1;06/11/2017 13:50:00;Strada Urbana;VIA DEI CERCHI;in prossimità;;del civico n.;79;;Scontro laterale fra veicoli in marcia;Rettilineo;Una carreggiata a senso unico di marcia;Asciutto;Acciotolata;Verticale ed orizzontale;Nuvoloso;Normale;Buona;Ore Diurne;0;0;0;2;;;0;2;Autovettura privata;In marcia / fermata / arresto;BMW;(non accertato);Conducente;1978;M;Illeso;0;;;
3541867;7;07/11/2017 09:00:00;Strada Urbana;VIALE PALMIRO TOGLIATTI;in prossimità;;del civico n.;729;;Scontro frontale/laterale SX fra veicoli in marcia;Rettilineo;Due carreggiate;Bagnato (pioggia);Asfaltata;Verticale ed orizzontale;Pioggia in atto;Intenso;Buona;Ore Diurne;0;0;0;2;12,5729;41,88203;-1;1;Autovettura privata;In marcia / fermata / arresto;Volkswagen;Golf;Conducente;1997;M;Illeso;0;;Non accertato;Inesploso
3541867;7;07/11/2017 09:00:00;Strada Urbana;VIALE PALMIRO TOGLIATTI;in prossimità;;del civico n.;729;;Scontro frontale/laterale SX fra veicoli in marcia;Rettilineo;Due carreggiate;Bagnato (pioggia);Asfaltata;Verticale ed orizzontale;Pioggia in atto;Intenso;Buona;Ore Diurne;0;0;0;2;12,5729;41,88203;-1;2;Autovettura privata;In marcia / fermata / arresto;Citroen;C3;Conducente;1953;M;Illeso;0;;Non accertato;Inesploso
3541876;1;07/11/2017 08:50:00;Strada Urbana;VIA DEL CIRCO MASSIMO;in prossimità;;del civico n.;27;;Infortunio per sola frenata improvvisa;Rettilineo;Una carreggiata a doppio senso;Bagnato (pioggia);Asfaltata;Verticale ed orizzontale;Pioggia in atto;Normale;Buona;Ore Diurne;1;0;0;0;;;0;1;Motociclo a solo;In marcia / fermata / arresto;Kimco;AGILITY;Conducente;1974;M;Rimandato;0;NON DECEDUTO;Utilizzato;
3541898;1;07/11/2017 08:00:00;Strada Urbana;VIA CESARE BATTISTI;in prossimità;;del civico n.;121;;Investimento di pedone;Rettilineo;Una carreggiata a doppio senso;Bagnato (pioggia);Acciotolata;Verticale ed orizzontale;Pioggia in atto;Normale;Buona;Ore Diurne;1;0;0;1;;;0;;;;;;Pedone;1990;M;Illeso;0;;;
3541898;1;07/11/2017 08:00:00;Strada Urbana;VIA CESARE BATTISTI;in prossimità;;del civico n.;121;;Investimento di pedone;Rettilineo;Una carreggiata a doppio senso;Bagnato (pioggia);Acciotolata;Verticale ed orizzontale;Pioggia in atto;Normale;Buona;Ore Diurne;1;0;0;1;;;0;1;Motociclo a solo;In marcia / fermata / arresto;Peugeot;Tweet;Conducente;1985;M;Rimandato;0;NON DECEDUTO;Non accertato;
3541899;9;07/11/2017 11:05:00;Strada Urbana;VIA GROTTAFERRATA;all'intersezione con;VIA DEMETRIADE;VIA DEMETRIADE;;;Scontro frontale/laterale DX fra veicoli in marcia;Incrocio;Una carreggiata a senso unico di marcia;Bagnato (pioggia);Asfaltata;Verticale ed orizzontale;Nuvoloso;Normale;Buona;Ore Diurne;0;0;0;2;;;0;1;Veicolo speciale;In marcia / fermata / arresto;Iveco;Eurocargo 100 E15;Conducente;1974;M;Illeso;0;;Utilizzato;Inesploso
3541899;9;07/11/2017 11:05:00;Strada Urbana;VIA GROTTAFERRATA;all'intersezione con;VIA DEMETRIADE;VIA DEMETRIADE;;;Scontro frontale/laterale DX fra veicoli in marcia;Incrocio;Una carreggiata a senso unico di marcia;Bagnato (pioggia);Asfaltata;Verticale ed orizzontale;Nuvoloso;Normale;Buona;Ore Diurne;0;0;0;2;;;0;2;Autovettura privata;In marcia / fermata / arresto;Renault;Modus;Conducente;1958;M;Illeso;0;;Utilizzato;Inesploso
3541922;6;07/11/2017 09:55:00;Strada Urbana;VIA CONTE DI CARMAGNOLA;all'intersezione con;VIA MUZIO ATTENDOLO;VIA MUZIO ATTENDOLO;;;Scontro frontale/laterale SX fra veicoli in marcia;Incrocio;Una carreggiata a senso unico di marcia;Bagnato (pioggia);Asfaltata;Verticale ed orizzontale;Pioggia in atto;Normale;Buona;Ore Diurne;1;0;0;1;12,53566;41,89033;-1;1;Motociclo a solo;In marcia / fermata / arresto;Yamaha;Xenter;Conducente;1974;F;Rimandato;0;NON DECEDUTO;Non accertato;
3541922;6;07/11/2017 09:55:00;Strada Urbana;VIA CONTE DI CARMAGNOLA;all'intersezione con;VIA MUZIO ATTENDOLO;VIA MUZIO ATTENDOLO;;;Scontro frontale/laterale SX fra veicoli in marcia;Incrocio;Una carreggiata a senso unico di marcia;Bagnato (pioggia);Asfaltata;Verticale ed orizzontale;Pioggia in atto;Normale;Buona;Ore Diurne;1;0;0;1;12,53566;41,89033;-1;2;Autovettura privata;In marcia / fermata / arresto;Mitsubishi;Space Star;Conducente;1974;M;Illeso;0;;Non accertato;Inesploso
3542064;23;06/11/2017 08:45:00;Comunale extraurbana;VIA CRISTOFORO COLOMBO;in corrispondenza;;della chilometrica;17.3;;Scontro laterale fra veicoli in marcia;Rettilineo;Due carreggiate;Asciutto;Asfaltata;Orizzontale;Nuvoloso;Intenso;Buona;Ore Diurne;0;0;0;2;;;0;1;Autovettura privata;In marcia / fermata / arresto;Dacia.;Duster;Conducente;1985;F;Illeso;0;;Utilizzato;Inesploso
3542064;23;06/11/2017 08:45:00;Comunale extraurbana;VIA CRISTOFORO COLOMBO;in corrispondenza;;della chilometrica;17.3;;Scontro laterale fra veicoli in marcia;Rettilineo;Due carreggiate;Asciutto;Asfaltata;Orizzontale;Nuvoloso;Intenso;Buona;Ore Diurne;0;0;0;2;;;0;2;Autovettura privata;In marcia / fermata / arresto;Mercedes;Smart Forfour;Conducente;1937;M;Illeso;0;;Utilizzato;Inesploso
3542078;23;06/11/2017 12:00:00;Strada Urbana;VIA ARDEATINA;all'intersezione con;VIA DI GROTTA PERFETTA;VIA DI GROTTA PERFETTA;;;Tamponamento;Incrocio;Una carreggiata a doppio senso;Bagnato (umidità in atto);Asfaltata;Verticale ed orizzontale;Nuvoloso;Normale;Sufficiente;Ore Diurne;0;0;0;3;12,51798;41,82964;-1;1;Autovettura privata;In marcia / fermata / arresto;Fiat;500;Conducente;1974;F;Illeso;0;;Utilizzato;Inesploso
3542078;23;06/11/2017 12:00:00;Strada Urbana;VIA ARDEATINA;all'intersezione con;VIA DI GROTTA PERFETTA;VIA DI GROTTA PERFETTA;;;Tamponamento;Incrocio;Una carreggiata a doppio senso;Bagnato (umidità in atto);Asfaltata;Verticale ed orizzontale;Nuvoloso;Normale;Sufficiente;Ore Diurne;0;0;0;3;12,51798;41,82964;-1;2;Autovettura di polizia;In marcia / fermata / arresto;Peugeot;208;Conducente;1978;M;Illeso;0;;Utilizzato;Inesploso
3542078;23;06/11/2017 12:00:00;Strada Urbana;VIA ARDEATINA;all'intersezione con;VIA DI GROTTA PERFETTA;VIA DI GROTTA PERFETTA;;;Tamponamento;Incrocio;Una carreggiata a doppio senso;Bagnato (umidità in atto);Asfaltata;Verticale ed orizzontale;Nuvoloso;Normale;Sufficiente;Ore Diurne;0;0;0;3;12,51798;41,82964;-1;2;Autovettura di polizia;In marcia / fermata / arresto;Peugeot;208;Passeggero;1971;M;Illeso;0;;Utilizzato;Inesploso
3542079;10;07/11/2017 12:35:00;Statale entro l'abitato;VIA APPIA NUOVA;all'intersezione semaforizzata con;VIA DI CASAL ROTONDO;VIA DI CASAL ROTONDO;;;Scontro frontale fra veicoli in marcia;Incrocio;Una carreggiata a doppio senso;Asciutto;Asfaltata;Verticale ed orizzontale;Nuvoloso;Normale;Buona;Ore Diurne;2;0;0;1;12,56197;41,8245;0;1;Autovettura privata;In marcia / fermata / arresto;Audi;A 6;Conducente;1972;M;Illeso;0;;Utilizzato;Inesploso
3542079;10;07/11/2017 12:35:00;Statale entro l'abitato;VIA APPIA NUOVA;all'intersezione semaforizzata con;VIA DI CASAL ROTONDO;VIA DI CASAL ROTONDO;;;Scontro frontale fra veicoli in marcia;Incrocio;Una carreggiata a doppio senso;Asciutto;Asfaltata;Verticale ed orizzontale;Nuvoloso;Normale;Buona;Ore Diurne;2;0;0;1;12,56197;41,8245;0;2;Autovettura privata;In marcia / fermata / arresto;Opel;Meriva;Conducente;1938;M;Rimandato;0;NON DECEDUTO;Non accertato;Inesploso
3542079;10;07/11/2017 12:35:00;Statale entro l'abitato;VIA APPIA NUOVA;all'intersezione semaforizzata con;VIA DI CASAL ROTONDO;VIA DI CASAL ROTONDO;;;Scontro frontale fra veicoli in marcia;Incrocio;Una carreggiata a doppio senso;Asciutto;Asfaltata;Verticale ed orizzontale;Nuvoloso;Normale;Buona;Ore Diurne;2;0;0;1;12,56197;41,8245;0;2;Autovettura privata;In marcia / fermata / arresto;Opel;Meriva;Passeggero;1940;F;Rimandato;0;NON DECEDUTO;Non accertato;Inesploso
3542084;20;07/11/2017 11:35:00;Regionale entro l'abitato;VIA CASSIA;all'intersezione con;VIA BOLSENA;VIA BOLSENA;;;Scontro frontale/laterale DX fra veicoli in marcia;Incrocio;Una carreggiata a senso unico di marcia;Asciutto;Asfaltata;Verticale ed orizzontale;Nuvoloso;Normale;Buona;Ore Diurne;0;0;0;2;;;0;1;Autovettura privata;In marcia / fermata / arresto;Fiat;500 L;Conducente;1969;M;Illeso;0;;Non accertato;Inesploso
3542084;20;07/11/2017 11:35:00;Regionale entro l'abitato;VIA CASSIA;all'intersezione con;VIA BOLSENA;VIA BOLSENA;;;Scontro frontale/laterale DX fra veicoli in marcia;Incrocio;Una carreggiata a senso unico di marcia;Asciutto;Asfaltata;Verticale ed orizzontale;Nuvoloso;Normale;Buona;Ore Diurne;0;0;0;2;;;0;2;Autocarro inferiore 35 q.;In marcia / fermata / arresto;Fiat;Doblo';Conducente;1986;M;Illeso;0;;Non accertato;Inesploso
3542152;20;07/11/2017 14:20:00;Strada Urbana;VIA DI VALLE MURICANA;in corrispondenza;;del civico n.;215;;Scontro laterale fra veicoli in marcia;Rettilineo;Una carreggiata a doppio senso;Asciutto;Asfaltata;Verticale ed orizzontale;Nuvoloso;Normale;Buona;Ore Diurne;0;0;0;3;12,47684;42,01197;0;1;Autovettura privata;In marcia / fermata / arresto;Ford;FOCUS C - MAX;Conducente;1985;M;Illeso;0;;Non accertato;Inesploso
3542152;20;07/11/2017 14:20:00;Strada Urbana;VIA DI VALLE MURICANA;in corrispondenza;;del civico n.;215;;Scontro laterale fra veicoli in marcia;Rettilineo;Una carreggiata a doppio senso;Asciutto;Asfaltata;Verticale ed orizzontale;Nuvoloso;Normale;Buona;Ore Diurne;0;0;0;3;12,47684;42,01197;0;1;Autovettura privata;In marcia / fermata / arresto;Ford;FOCUS C - MAX;Passeggero;2006;M;Illeso;0;;Non accertato;Inesploso
3542152;20;07/11/2017 14:20:00;Strada Urbana;VIA DI VALLE MURICANA;in corrispondenza;;del civico n.;215;;Scontro laterale fra veicoli in marcia;Rettilineo;Una carreggiata a doppio senso;Asciutto;Asfaltata;Verticale ed orizzontale;Nuvoloso;Normale;Buona;Ore Diurne;0;0;0;3;12,47684;42,01197;0;2;Autovettura privata;In marcia / fermata / arresto;Mercedes;Daimlerchrysler;Conducente;1951;M;Illeso;0;;Non accertato;Inesploso
3542230;10;07/11/2017 14:05:00;Strada Urbana;VIA BERNARDINO ALIMENA;all'intersezione con;VIA ORAZIO RAIMONDO;VIA ORAZIO RAIMONDO;;;Scontro laterale fra veicoli in marcia;Incrocio;Una carreggiata a doppio senso;Asciutto;Asfaltata;Assente;Nuvoloso;Normale;Buona;Ore Diurne;0;0;0;3;12,59775;41,84854;0;1;Autovettura privata;In marcia / fermata / arresto;Peugeot;206 SW;Conducente;1971;M;Illeso;0;;Non accertato;Inesploso
3542230;10;07/11/2017 14:05:00;Strada Urbana;VIA BERNARDINO ALIMENA;all'intersezione con;VIA ORAZIO RAIMONDO;VIA ORAZIO RAIMONDO;;;Scontro laterale fra veicoli in marcia;Incrocio;Una carreggiata a doppio senso;Asciutto;Asfaltata;Assente;Nuvoloso;Normale;Buona;Ore Diurne;0;0;0;3;12,59775;41,84854;0;2;Autovettura privata;In marcia / fermata / arresto;Opel;Astra;Conducente;1986;M;Illeso;0;;Non accertato;Inesploso
3542230;10;07/11/2017 14:05:00;Strada Urbana;VIA BERNARDINO ALIMENA;all'intersezione con;VIA ORAZIO RAIMONDO;VIA ORAZIO RAIMONDO;;;Scontro laterale fra veicoli in marcia;Incrocio;Una carreggiata a doppio senso;Asciutto;Asfaltata;Assente;Nuvoloso;Normale;Buona;Ore Diurne;0;0;0;3;12,59775;41,84854;0;2;Autovettura privata;In marcia / fermata / arresto;Opel;Astra;Passeggero;1994;F;Illeso;0;;Non accertato;Inesploso
3542268;13;07/11/2017 15:50:00;Strada Urbana;VIA CARLO MARENCO DI MORIONDO;all'intersezione con;VIA CARLO DEL GRECO;VIA CARLO DEL GRECO;;;Veicolo in marcia contro veicolo in sosta;Incrocio;Una carreggiata a doppio senso;Bagnato (umidità in atto);Asfaltata;Assente;Nuvoloso;Normale;Buona;Ore Diurne;0;0;0;1;12,27471;41,73897;0;1;Autovettura privata;In marcia / fermata / arresto;Citroen;Picasso;Conducente;1961;F;Illeso;0;;Non accertato;Inesploso
3542318;15;07/11/2017 11:45:00;;VIA PORTUENSE;in corrispondenza;;del civico n.;462;;Scontro laterale fra veicoli in marcia;;;;;;;;;;0;0;0;2;;;0;1;Autovettura privata;In marcia / fermata / arresto;Renault;Modus;Conducente;0;M;Illeso;0;;;
3542318;15;07/11/2017 11:45:00;;VIA PORTUENSE;in corrispondenza;;del civico n.;462;;Scontro laterale fra veicoli in marcia;;;;;;;;;;0;0;0;2;;;0;2;Autovettura privata;In marcia / fermata / arresto;Fiat;Panda;Conducente;0;F;Illeso;0;;;
3542413;15;07/11/2017 09:30:00;;VIA DELLA MAGLIANA;in prossimità;;del civico n.;856;;Tamponamento;;;;;;;;;;0;0;0;1;;;0;1;Autovettura privata;In marcia / fermata / arresto;Renault;Clio;Conducente;0;F;Illeso;0;;;
3542460;15;07/11/2017 14:25:00;;VIA DI AFFOGALASINO;in corrispondenza;;del civico n.;157;;Scontro frontale/laterale SX fra veicoli in marcia;;;;;;;;;;0;0;0;2;;;0;1;Autovettura privata;In marcia / fermata / arresto;Renault;Clio;Conducente;0;F;Illeso;0;;;
3542460;15;07/11/2017 14:25:00;;VIA DI AFFOGALASINO;in corrispondenza;;del civico n.;157;;Scontro frontale/laterale SX fra veicoli in marcia;;;;;;;;;;0;0;0;2;;;0;2;Motociclo a solo;In marcia / fermata / arresto;Honda;SH 150;Conducente;0;M;Illeso;0;;;
3542461;19;07/11/2017 10:30:00;Strada Urbana;VIA VITTORIO MONTIGLIO;da specificare;;;;tratto rettilineo tra due curve;Scontro frontale/laterale SX fra veicoli in marcia;Rettilineo;Una carreggiata a doppio senso;Bagnato (pioggia);Asfaltata;Verticale ed orizzontale;Nuvoloso;Normale;Buona;Ore Diurne;1;0;0;2;12,43011;41,92362;-1;1;Autovettura privata;In marcia / fermata / arresto;Fiat;Seicento;Conducente;1954;M;Illeso;0;;Non accertato;Esploso
3542461;19;07/11/2017 10:30:00;Strada Urbana;VIA VITTORIO MONTIGLIO;da specificare;;;;tratto rettilineo tra due curve;Scontro frontale/laterale SX fra veicoli in marcia;Rettilineo;Una carreggiata a doppio senso;Bagnato (pioggia);Asfaltata;Verticale ed orizzontale;Nuvoloso;Normale;Buona;Ore Diurne;1;0;0;2;12,43011;41,92362;-1;2;Autovettura privata;In marcia / fermata / arresto;Fiat;Punto;Conducente;1963;M;Illeso;0;;Non accertato;Esploso
3542461;19;07/11/2017 10:30:00;Strada Urbana;VIA VITTORIO MONTIGLIO;da specificare;;;;tratto rettilineo tra due curve;Scontro frontale/laterale SX fra veicoli in marcia;Rettilineo;Una carreggiata a doppio senso;Bagnato (pioggia);Asfaltata;Verticale ed orizzontale;Nuvoloso;Normale;Buona;Ore Diurne;1;0;0;2;12,43011;41,92362;-1;3;Autovettura privata;In marcia / fermata / arresto;Toyota;AYGO';Conducente;1939;M;Rimandato;0;NON DECEDUTO;Non accertato;Esploso
3542491;13;07/11/2017 16:40:00;Strada Urbana;VIA LUIGI COCHETTI;all'intersezione con;VIA CESARE MACCARI;VIA CESARE MACCARI;;;Tamponamento;Incrocio;Una carreggiata a doppio senso;Asciutto;Asfaltata;Assente;Sereno;Normale;Buona;Ore Diurne;0;0;0;4;;;0;1;Autovettura privata;In marcia / fermata / arresto;Opel;Corsa;Conducente;1995;M;Illeso;0;;Non accertato;Inesploso
3542491;13;07/11/2017 16:40:00;Strada Urbana;VIA LUIGI COCHETTI;all'intersezione con;VIA CESARE MACCARI;VIA CESARE MACCARI;;;Tamponamento;Incrocio;Una carreggiata a doppio senso;Asciutto;Asfaltata;Assente;Sereno;Normale;Buona;Ore Diurne;0;0;0;4;;;0;1;Autovettura privata;In marcia / fermata / arresto;Opel;Corsa;Passeggero;1993;F;Illeso;0;;Non accertato;Inesploso
3542491;13;07/11/2017 16:40:00;Strada Urbana;VIA LUIGI COCHETTI;all'intersezione con;VIA CESARE MACCARI;VIA CESARE MACCARI;;;Tamponamento;Incrocio;Una carreggiata a doppio senso;Asciutto;Asfaltata;Assente;Sereno;Normale;Buona;Ore Diurne;0;0;0;4;;;0;2;Autovettura privata;In marcia / fermata / arresto;Hyundai;Atos;Conducente;1941;F;Illeso;0;;Non accertato;Inesploso
3542491;13;07/11/2017 16:40:00;Strada Urbana;VIA LUIGI COCHETTI;all'intersezione con;VIA CESARE MACCARI;VIA CESARE MACCARI;;;Tamponamento;Incrocio;Una carreggiata a doppio senso;Asciutto;Asfaltata;Assente;Sereno;Normale;Buona;Ore Diurne;0;0;0;4;;;0;2;Autovettura privata;In marcia / fermata / arresto;Hyundai;Atos;Passeggero;1924;F;Illeso;0;;Non accertato;Inesploso