Protocollo;Gruppo;DataOraIncidente;Localizzazione1;STRADA1;Localizzazione2;STRADA2;Strada02;Chilometrica;DaSpecificare;NaturaIncidente;particolaritastrade;TipoStrada;FondoStradale;Pavimentazione;Segnaletica;CondizioneAtmosferica;Traffico;Visibilita;Illuminazione;NUM_FERITI;NUM_RISERVATA;NUM_MORTI;NUM_ILLESI;Longitudine;Latitudine;Confermato;Progressivo;TipoVeicolo;StatoVeicolo;Marca;Modello;TipoPersona;AnnoNascita;Sesso;Tipolesione;Deceduto;DecedutoDopo;CinturaCascoUtilizzato;Airbag;
3543517;20;08/11/2017 11:50:00;Strada Urbana;VIA DEI COLLI DELLA FARNESINA;in corrispondenza;;del civico n.;68 - 72;;Veicolo in marcia contro veicoli in sosta;Rettilineo;Una carreggiata a doppio senso;Asciutto;Asfaltata;Assente;Sereno;Scarso;Buona;Ore Diurne;1;0;0;0;12,45997;41,94037;-1;1;Autovettura privata;In marcia / fermata / arresto;Nissan;Micra;Conducente;1931;M;Ricoverato;0;NON DECEDUTO;Non accertato;Esploso
3543582;16;06/11/2017 14:30:00;;VICOLO DEL CASALE LUMBROSO;in corrispondenza;;del civico n.;55;;Scontro frontale/laterale SX fra veicoli in marcia;;;;;;;;;;0;0;0;2;;;0;1;Autovettura privata;In marcia / fermata / arresto;Opel;Corsa;Conducente;0;M;Illeso;0;;;
3543582;16;06/11/2017 14:30:00;;VICOLO DEL CASALE LUMBROSO;in corrispondenza;;del civico n.;55;;Scontro frontale/laterale SX fra veicoli in marcia;;;;;;;;;;0;0;0;2;;;0;2;Autovettura privata;In marcia / fermata / arresto;Opel;Vectra;Conducente;0;M;Illeso;0;;;
3543598;16;06/11/2017 15:30:00;;VIA AURELIA ANTICA;in prossimità;;del civico n.;497;;Scontro frontale/laterale SX fra veicoli in marcia;;;;;;;;;;1;0;0;1;;;0;1;Autovettura privata;In marcia / fermata / arresto;Lancia;Musa;Conducente;0;F;Rimandato;0;NON DECEDUTO;;
3543598;16;06/11/2017 15:30:00;;VIA AURELIA ANTICA;in prossimità;;del civico n.;497;;Scontro frontale/laterale SX fra veicoli in marcia;;;;;;;;;;1;0;0;1;;;0;2;Autovettura privata;In marcia / fermata / arresto;Ford;(non accertato);Conducente;0;M;Illeso;0;;;
3543695;10;08/11/2017 13:20:00;Strada Urbana;VIA DELLE CAPANNELLE;da specificare;;;;dir. tuscolana 25m alt. fermata bus Castroregio;Tamponamento Multiplo;Rettilineo;Una carreggiata a doppio senso;Asciutto;Asfaltata;Orizzontale;Sereno;Normale;Buona;Ore Diurne;1;0;0;2;12,56746;41,83049;-1;1;Autovettura privata;In marcia / fermata / arresto;Mercedes;SLK 200;Conducente;1967;M;Rimandato;0;NON DECEDUTO;Non accertato;Inesploso
3543695;10;08/11/2017 13:20:00;Strada Urbana;VIA DELLE CAPANNELLE;da specificare;;;;dir. tuscolana 25m alt. fermata bus Castroregio;Tamponamento Multiplo;Rettilineo;Una carreggiata a doppio senso;Asciutto;Asfaltata;Orizzontale;Sereno;Normale;Buona;Ore Diurne;1;0;0;2;12,56746;41,83049;-1;2;Autovettura privata;In marcia / fermata / arresto;Mini;Cooper;Conducente;1986;M;Illeso;0;;Non accertato;Inesploso
3543695;10;08/11/2017 13:20:00;Strada Urbana;VIA DELLE CAPANNELLE;da specificare;;;;dir. tuscolana 25m alt. fermata bus Castroregio;Tamponamento Multiplo;Rettilineo;Una carreggiata a doppio senso;Asciutto;Asfaltata;Orizzontale;Sereno;Normale;Buona;Ore Diurne;1;0;0;2;12,56746;41,83049;-1;3;Autovettura privata;In marcia / fermata / arresto;Porsche;cayenne;Conducente;1950;M;Illeso;0;;Non accertato;Inesploso
3543739;1;07/11/2017 09:55:00;Strada Urbana;VIA DELLA GATTA;all'intersezione con;PIAZZA DEL COLLEGIO ROMANO;PIAZZA DEL COLLEGIO ROMANO;;;Infortunio per caduta del veicolo;Intersezione stradale segnalata;Una carreggiata a doppio senso;Bagnato (umidità in atto);Acciotolata;Verticale;Nuvoloso;Normale;Buona;Ore Diurne;1;0;0;0;12,48031;41,89777;0;1;Motociclo a solo;In marcia / fermata / arresto;Yamaha;Cignus;Conducente;1967;M;Rimandato;0;NON DECEDUTO;Utilizzato;
3543761;16;07/11/2017 13:10:00;;VIA DEGLI STRADIVARI;in corrispondenza;;del civico n.;3;;Scontro frontale/laterale DX fra veicoli in marcia;;;;;;;;;;0;0;0;2;12,46951;41,87483;0;1;Autovettura privata;In marcia / fermata / arresto;Volkswagen;Polo;Conducente;0;F;Illeso;0;;;
3543761;16;07/11/2017 13:10:00;;VIA DEGLI STRADIVARI;in corrispondenza;;del civico n.;3;;Scontro frontale/laterale DX fra veicoli in marcia;;;;;;;;;;0;0;0;2;12,46951;41,87483;0;2;Autovettura privata;In marcia / fermata / arresto;Ford;Fiesta;Conducente;0;M;Illeso;0;;;
3543773;16;06/11/2017 23:45:00;;VIA CUTIGLIANO;all'intersezione con;VIA LARI;VIA LARI;;;Scontro frontale/laterale DX fra veicoli in marcia;;;;;;;;;;0;0;0;2;12,4609;41,84866;0;1;Autovettura privata;In marcia / fermata / arresto;Toyota;Aygo;Conducente;0;M;Illeso;0;;;
3543773;16;06/11/2017 23:45:00;;VIA CUTIGLIANO;all'intersezione con;VIA LARI;VIA LARI;;;Scontro frontale/laterale DX fra veicoli in marcia;;;;;;;;;;0;0;0;2;12,4609;41,84866;0;2;Autovettura privata;In marcia / fermata / arresto;Fiat;Panda;Conducente;0;F;Illeso;0;;;
3543807;16;07/11/2017 16:20:00;;VIA SILVESTRI;in corrispondenza;;del civico n.;20;;Scontro laterale fra veicoli in marcia;;;;;;;;;;1;0;0;1;;;0;1;Autocarro inferiore 35 q.;In marcia / fermata / arresto;Fiat;Ducato;Conducente;0;M;Illeso;0;;;
3543807;16;07/11/2017 16:20:00;;VIA SILVESTRI;in corrispondenza;;del civico n.;20;;Scontro laterale fra veicoli in marcia;;;;;;;;;;1;0;0;1;;;0;2;Ciclomotore;In marcia / fermata / arresto;Kymco;Agility;Conducente;0;M;Rimandato;0;NON DECEDUTO;;
3543809;19;08/11/2017 14:15:00;Strada Urbana;VIA LATTANZIO;in corrispondenza;;del civico n.;51;;Scontro laterale fra veicoli in marcia;Rettilineo;Una carreggiata a doppio senso;Asciutto;Asfaltata;Assente;Sereno;Scarso;Buona;Ore Diurne;0;0;0;4;;;0;1;Autovettura privata;In marcia / fermata / arresto;Fiat;Panda;Conducente;1973;F;Illeso;0;;Non accertato;Inesploso
3543809;19;08/11/2017 14:15:00;Strada Urbana;VIA LATTANZIO;in corrispondenza;;del civico n.;51;;Scontro laterale fra veicoli in marcia;Rettilineo;Una carreggiata a doppio senso;Asciutto;Asfaltata;Assente;Sereno;Scarso;Buona;Ore Diurne;0;0;0;4;;;0;2;Autovettura privata;In marcia / fermata / arresto;Ford;Fiesta;Conducente;1999;M;Illeso;0;;Non accertato;Inesploso
3543809;19;08/11/2017 14:15:00;Strada Urbana;VIA LATTANZIO;in corrispondenza;;del civico n.;51;;Scontro laterale fra veicoli in marcia;Rettilineo;Una carreggiata a doppio senso;Asciutto;Asfaltata;Assente;Sereno;Scarso;Buona;Ore Diurne;0;0;0;4;;;0;2;Autovettura privata;In marcia / fermata / arresto;Ford;Fiesta;Passeggero;1999;M;Illeso;0;;Non accertato;Inesploso
3543823;16;07/11/2017 16:40:00;;VIA DI BRAVA;da specificare;;;;fronte PALO LUCE N. 99;Scontro frontale fra veicoli in marcia;;;;;;;;;;2;0;0;2;;;0;1;Autovettura privata;In marcia / fermata / arresto;Opel;Corsa;Conducente;0;F;Illeso;0;;;
3543823;16;07/11/2017 16:40:00;;VIA DI BRAVA;da specificare;;;;fronte PALO LUCE N. 99;Scontro frontale fra veicoli in marcia;;;;;;;;;;2;0;0;2;;;0;1;Autovettura privata;In marcia / fermata / arresto;Opel;Corsa;Passeggero;0;F;Ricoverato;0;NON DECEDUTO;;
3543823;16;07/11/2017 16:40:00;;VIA DI BRAVA;da specificare;;;;fronte PALO LUCE N. 99;Scontro frontale fra veicoli in marcia;;;;;;;;;;2;0;0;2;;;0;1;Autovettura privata;In marcia / fermata / arresto;Opel;Corsa;Passeggero;0;M;Rimandato;0;NON DECEDUTO;;
3543823;16;07/11/2017 16:40:00;;VIA DI BRAVA;da specificare;;;;fronte PALO LUCE N. 99;Scontro frontale fra veicoli in marcia;;;;;;;;;;2;0;0;2;;;0;2;Autocaravan;In marcia / fermata / arresto;Ford;(non accertato);Conducente;0;M;Illeso;0;;;
3543844;2;07/11/2017 18:20:00;Strada Urbana;CORSO TRIESTE;in prossimità;;del civico n.;32;;Veicolo in marcia contro ostacolo accidentale;Rettilineo;Due carreggiate;Asciutto;Asfaltata;Verticale ed orizzontale;Sereno;Normale;Buona;Sufficiente;0;0;0;4;12,50645;41,91628;-1;1;Autovettura privata;In marcia / fermata / arresto;Opel;Mokka;Conducente;1966;F;Illeso;0;;Non accertato;Esploso
3543844;2;07/11/2017 18:20:00;Strada Urbana;CORSO TRIESTE;in prossimità;;del civico n.;32;;Veicolo in marcia contro ostacolo accidentale;Rettilineo;Due carreggiate;Asciutto;Asfaltata;Verticale ed orizzontale;Sereno;Normale;Buona;Sufficiente;0;0;0;4;12,50645;41,91628;-1;2;Autovettura privata;In marcia / fermata / arresto;Volkswagen;Golf;Conducente;1972;F;Illeso;0;;Non accertato;Inesploso
3543844;2;07/11/2017 18:20:00;Strada Urbana;CORSO TRIESTE;in prossimità;;del civico n.;32;;Veicolo in marcia contro ostacolo accidentale;Rettilineo;Due carreggiate;Asciutto;Asfaltata;Verticale ed orizzontale;Sereno;Normale;Buona;Sufficiente;0;0;0;4;12,50645;41,91628;-1;2;Autovettura privata;In marcia / fermata / arresto;Volkswagen;Golf;Passeggero;2007;F;Illeso;0;;Non accertato;Inesploso
3543844;2;07/11/2017 18:20:00;Strada Urbana;CORSO TRIESTE;in prossimità;;del civico n.;32;;Veicolo in marcia contro ostacolo accidentale;Rettilineo;Due carreggiate;Asciutto;Asfaltata;Verticale ed orizzontale;Sereno;Normale;Buona;Sufficiente;0;0;0;4;12,50645;41,91628;-1;2;Autovettura privata;In marcia / fermata / arresto;Volkswagen;Golf;Passeggero;2012;M;Illeso;0;;Non accertato;Inesploso
3543866;16;07/11/2017 16:45:00;;VIALE DI TRASTEVERE;all'intersezione con;VIA FEDERICO ROSAZZA;VIA FEDERICO ROSAZZA;;;Infortunio per sola frenata improvvisa;;;;;;;;;;0;0;0;3;;;0;1;Autovettura privata;In marcia / fermata / arresto;Fiat;Croma;Conducente;0;M;Illeso;0;;;
3543866;16;07/11/2017 16:45:00;;VIALE DI TRASTEVERE;all'intersezione con;VIA FEDERICO ROSAZZA;VIA FEDERICO ROSAZZA;;;Infortunio per sola frenata improvvisa;;;;;;;;;;0;0;0;3;;;0;2;Motociclo con passeggero;In marcia / fermata / arresto;Yamaha;Xenter;Conducente;0;M;Illeso;0;;;
3543866;16;07/11/2017 16:45:00;;VIALE DI TRASTEVERE;all'intersezione con;VIA FEDERICO ROSAZZA;VIA FEDERICO ROSAZZA;;;Infortunio per sola frenata improvvisa;;;;;;;;;;0;0;0;3;;;0;2;Motociclo con passeggero;In marcia / fermata / arresto;Yamaha;Xenter;Passeggero;0;M;Illeso;0;;;
3543869;16;07/11/2017 09:50:00;;VIA IPPOLITO NIEVO;in prossimità;;del civico n.;51;;Tamponamento;;;;;;;;;;0;0;0;2;12,4676;41,87841;0;1;Autovettura privata;In marcia / fermata / arresto;Fiat;500;Conducente;0;M;Illeso;0;;;
3543869;16;07/11/2017 09:50:00;;VIA IPPOLITO NIEVO;in prossimità;;del civico n.;51;;Tamponamento;;;;;;;;;;0;0;0;2;12,4676;41,87841;0;2;Autovettura privata;In marcia / fermata / arresto;Renault;Megane;Conducente;1991;F;Illeso;0;;;
3543912;16;07/11/2017 23:55:00;;VIA FRANCESCO SAVERIO SPROVIERI;all'intersezione con;VIA GIACINTO CARINI;VIA GIACINTO CARINI;;;Scontro laterale fra veicoli in marcia;;;;;;;;;;0;0;0;4;;;0;1;Autovettura privata;In marcia / fermata / arresto;Fiat;Punto;Conducente;0;M;Illeso;0;;;
3543912;16;07/11/2017 23:55:00;;VIA FRANCESCO SAVERIO SPROVIERI;all'intersezione con;VIA GIACINTO CARINI;VIA GIACINTO CARINI;;;Scontro laterale fra veicoli in marcia;;;;;;;;;;0;0;0;4;;;0;1;Autovettura privata;In marcia / fermata / arresto;Fiat;Punto;Passeggero;0;F;Illeso;0;;;
3543912;16;07/11/2017 23:55:00;;VIA FRANCESCO SAVERIO SPROVIERI;all'intersezione con;VIA GIACINTO CARINI;VIA GIACINTO CARINI;;;Scontro laterale fra veicoli in marcia;;;;;;;;;;0;0;0;4;;;0;2;Autovettura privata;In marcia / fermata / arresto;Mercedes;B 180;Conducente;0;F;Illeso;0;;;
3543912;16;07/11/2017 23:55:00;;VIA FRANCESCO SAVERIO SPROVIERI;all'intersezione con;VIA GIACINTO CARINI;VIA GIACINTO CARINI;;;Scontro laterale fra veicoli in marcia;;;;;;;;;;0;0;0;4;;;0;2;Autovettura privata;In marcia / fermata / arresto;Mercedes;B 180;Passeggero;0;M;Illeso;0;;;
3543913;11;08/11/2017 15:30:00;Strada Urbana;VIA ARISTIDE LEONORI;in prossimità;;del civico n.;103;;Veicolo in marcia contro veicolo in sosta;Rettilineo;Una carreggiata a senso unico di marcia;Asciutto;Asfaltata;Orizzontale;Sereno;Scarso;Buona;Ore Diurne;0;0;0;1;12,4905;41,8475;-1;1;Autovettura privata;In marcia / fermata / arresto;Ford;Focus;Conducente;1975;F;Illeso;0;;Non accertato;Inesploso
3543974;18;08/11/2017 07:00:00;Strada Urbana;VIA DI ACQUAFREDDA;da specificare;;;;ALTEZZA RAMPA AURELIA DIREZIONE CIVITAVECCHIA;Scontro frontale/laterale DX fra veicoli in marcia;Rettilineo;Una carreggiata a doppio senso;Asciutto;Asfaltata;Verticale ed orizzontale;Sereno;Normale;Buona;Ore Diurne;0;0;0;3;12,38752;41,88745;-1;1;Autovettura privata;In marcia / fermata / arresto;Opel;Corsa;Conducente;1958;M;Illeso;0;;;
3543974;18;08/11/2017 07:00:00;Strada Urbana;VIA DI ACQUAFREDDA;da specificare;;;;ALTEZZA RAMPA AURELIA DIREZIONE CIVITAVECCHIA;Scontro frontale/laterale DX fra veicoli in marcia;Rettilineo;Una carreggiata a doppio senso;Asciutto;Asfaltata;Verticale ed orizzontale;Sereno;Normale;Buona;Ore Diurne;0;0;0;3;12,38752;41,88745;-1;2;Autovettura privata;In marcia / fermata / arresto;Renault;Clio;Conducente;1969;F;Illeso;0;;;
3543974;18;08/11/2017 07:00:00;Strada Urbana;VIA DI ACQUAFREDDA;da specificare;;;;ALTEZZA RAMPA AURELIA DIREZIONE CIVITAVECCHIA;Scontro frontale/laterale DX fra veicoli in marcia;Rettilineo;Una carreggiata a doppio senso;Asciutto;Asfaltata;Verticale ed orizzontale;Sereno;Normale;Buona;Ore Diurne;0;0;0;3;12,38752;41,88745;-1;2;Autovettura privata;In marcia / fermata / arresto;Renault;Clio;Passeggero;1965;M;Illeso;0;;;
3544051;18;08/11/2017 09:40:00;Strada Urbana;VIA DI BOCCEA;in corrispondenza;;del civico n.;299;;Veicolo in marcia contro ostacolo accidentale;Rettilineo;Una carreggiata a doppio senso;Asciutto;Asfaltata;Verticale ed orizzontale;Sereno;Normale;Buona;Ore Diurne;0;0;0;2;12,41435;41,90302;-1;1;Autovettura privata;In marcia / fermata / arresto;Fiat;Punto;Conducente;1948;M;Illeso;0;;;
3544051;18;08/11/2017 09:40:00;Strada Urbana;VIA DI BOCCEA;in corrispondenza;;del civico n.;299;;Veicolo in marcia contro ostacolo accidentale;Rettilineo;Una carreggiata a doppio senso;Asciutto;Asfaltata;Verticale ed orizzontale;Sereno;Normale;Buona;Ore Diurne;0;0;0;2;12,41435;41,90302;-1;1;Autovettura privata;In marcia / fermata / arresto;Fiat;Punto;Passeggero;1933;M;Illeso;0;;;
3544061;18;08/11/2017 09:30:00;Strada Urbana;PIAZZA IRNERIO;all'intersezione semaforizzata con;VIA DI BOCCEA;VIA DI BOCCEA;;;Scontro laterale fra veicoli in marcia;Intersezione semaforizzata;Due carreggiate;Asciutto;Asfaltata;Verticale ed orizzontale;Sereno;Intenso;Buona;Ore Diurne;1;0;0;2;12,42952;41,89854;0;1;Autovettura privata;In marcia / fermata / arresto;Toyota;Aygo;Conducente;1967;F;Illeso;0;;;
3544061;18;08/11/2017 09:30:00;Strada Urbana;PIAZZA IRNERIO;all'intersezione semaforizzata con;VIA DI BOCCEA;VIA DI BOCCEA;;;Scontro laterale fra veicoli in marcia;Intersezione semaforizzata;Due carreggiate;Asciutto;Asfaltata;Verticale ed orizzontale;Sereno;Intenso;Buona;Ore Diurne;1;0;0;2;12,42952;41,89854;0;2;Motociclo con passeggero;In marcia / fermata / arresto;Ducati;Monster;Conducente;1987;M;Rifiuta cure immediate;0;NON DECEDUTO;;
3544061;18;08/11/2017 09:30:00;Strada Urbana;PIAZZA IRNERIO;all'intersezione semaforizzata con;VIA DI BOCCEA;VIA DI BOCCEA;;;Scontro laterale fra veicoli in marcia;Intersezione semaforizzata;Due carreggiate;Asciutto;Asfaltata;Verticale ed orizzontale;Sereno;Intenso;Buona;Ore Diurne;1;0;0;2;12,42952;41,89854;0;2;Motociclo con passeggero;In marcia / fermata / arresto;Ducati;Monster;Passeggero;1975;M;Illeso;0;;;
3544070;1;07/11/2017 18:30:00;Strada Urbana;VIA VICENZA;all'intersezione con;VIA VITTORIO BACHELET;VIA VITTORIO BACHELET;;;Scontro laterale fra veicoli in marcia;Incrocio;Una carreggiata a senso unico di marcia;Asciutto;Asfaltata;Verticale ed orizzontale;Sereno;Scarso;Buona;Sufficiente;1;0;0;1;;;0;1;Autovettura privata;In marcia / fermata / arresto;Fiat;Panda;Conducente;1972;F;Rimandato;0;NON DECEDUTO;Utilizzato;Inesploso
3544070;1;07/11/2017 18:30:00;Strada Urbana;VIA VICENZA;all'intersezione con;VIA VITTORIO BACHELET;VIA VITTORIO BACHELET;;;Scontro laterale fra veicoli in marcia;Incrocio;Una carreggiata a senso unico di marcia;Asciutto;Asfaltata;Verticale ed orizzontale;Sereno;Scarso;Buona;Sufficiente;1;0;0;1;;;0;2;Autovettura privata;In marcia / fermata / arresto;Toyota;IQ;Conducente;1954;M;Illeso;0;;Utilizzato;Inesploso
3544079;18;08/11/2017 11:00:00;Strada Urbana;VIA DELLA MAGLIANELLA;in corrispondenza;;del civico n.;322;;Scontro frontale/laterale SX fra veicoli in marcia;Curva senza visuale libera;Due carreggiate;Asciutto;Asfaltata;Verticale ed orizzontale;Sereno;Normale;Buona;Ore Diurne;1;0;0;2;12,38498;41,91264;-1;1;Autovettura privata;In marcia / fermata / arresto;Toyota;Yaris;Conducente;1938;M;Illeso;0;;Non accertato;Inesploso
3544079;18;08/11/2017 11:00:00;Strada Urbana;VIA DELLA MAGLIANELLA;in corrispondenza;;del civico n.;322;;Scontro frontale/laterale SX fra veicoli in marcia;Curva senza visuale libera;Due carreggiate;Asciutto;Asfaltata;Verticale ed orizzontale;Sereno;Normale;Buona;Ore Diurne;1;0;0;2;12,38498;41,91264;-1;1;Autovettura privata;In marcia / fermata / arresto;Toyota;Yaris;Passeggero;1940;F;Illeso;0;;Non accertato;Inesploso
3544079;18;08/11/2017 11:00:00;Strada Urbana;VIA DELLA MAGLIANELLA;in corrispondenza;;del civico n.;322;;Scontro frontale/laterale SX fra veicoli in marcia;Curva senza visuale libera;Due carreggiate;Asciutto;Asfaltata;Verticale ed orizzontale;Sereno;Normale;Buona;Ore Diurne;1;0;0;2;12,38498;41,91264;-1;2;Motociclo a solo;In marcia / fermata / arresto;Honda;SH 300;Conducente;1963;M;Rimandato;0;NON DECEDUTO;Non accertato;
3544127;10;08/11/2017 17:15:00;Strada Urbana;VIALE PALMIRO TOGLIATTI;all'intersezione semaforizzata con;VIA TUSCOLANA;VIA TUSCOLANA;;;Tamponamento Multiplo;Intersezione semaforizzata;Due carreggiate;Asciutto;Asfaltata;Verticale ed orizzontale;Sereno;Normale;Buona;Ore Diurne;0;0;0;5;12,56979;41,85238;0;1;Autovettura privata;In marcia / fermata / arresto;Ford;Focus;Conducente;1958;F;Illeso;0;;Non accertato;Inesploso
3544127;10;08/11/2017 17:15:00;Strada Urbana;VIALE PALMIRO TOGLIATTI;all'intersezione semaforizzata con;VIA TUSCOLANA;VIA TUSCOLANA;;;Tamponamento Multiplo;Intersezione semaforizzata;Due carreggiate;Asciutto;Asfaltata;Verticale ed orizzontale;Sereno;Normale;Buona;Ore Diurne;0;0;0;5;12,56979;41,85238;0;2;Autovettura privata;In marcia / fermata / arresto;Fiat;Punto;Conducente;1965;M;Illeso;0;;Non accertato;Inesploso
3544127;10;08/11/2017 17:15:00;Strada Urbana;VIALE PALMIRO TOGLIATTI;all'intersezione semaforizzata con;VIA TUSCOLANA;VIA TUSCOLANA;;;Tamponamento Multiplo;Intersezione semaforizzata;Due carreggiate;Asciutto;Asfaltata;Verticale ed orizzontale;Sereno;Normale;Buona;Ore Diurne;0;0;0;5;12,56979;41,85238;0;2;Autovettura privata;In marcia / fermata / arresto;Fiat;Punto;Passeggero;1961;F;Illeso;0;;Non accertato;Inesploso
3544127;10;08/11/2017 17:15:00;Strada Urbana;VIALE PALMIRO TOGLIATTI;all'intersezione semaforizzata con;VIA TUSCOLANA;VIA TUSCOLANA;;;Tamponamento Multiplo;Intersezione semaforizzata;Due carreggiate;Asciutto;Asfaltata;Verticale ed orizzontale;Sereno;Normale;Buona;Ore Diurne;0;0;0;5;12,56979;41,85238;0;3;Autovettura privata;In marcia / fermata / arresto;Ford;Focus;Conducente;1959;M;Illeso;0;;Non accertato;Inesploso
3544127;10;08/11/2017 17:15:00;Strada Urbana;VIALE PALMIRO TOGLIATTI;all'intersezione semaforizzata con;VIA TUSCOLANA;VIA TUSCOLANA;;;Tamponamento Multiplo;Intersezione semaforizzata;Due carreggiate;Asciutto;Asfaltata;Verticale ed orizzontale;Sereno;Normale;Buona;Ore Diurne;0;0;0;5;12,56979;41,85238;0;3;Autovettura privata;In marcia / fermata / arresto;Ford;Focus;Passeggero;1936;F;Illeso;0;;Non accertato;Inesploso
3544128;18;08/11/2017 11:45:00;;VIA RISERVA DELLA TORRETTA;all'intersezione con;VIA DELLA MAGLIANELLA;VIA DELLA MAGLIANELLA;;;Tamponamento;;;;;;;;;;1;0;0;1;;;0;1;Autovettura privata;In marcia / fermata / arresto;Volkswagen;Polo;Conducente;1997;M;Illeso;0;;;
3544128;18;08/11/2017 11:45:00;;VIA RISERVA DELLA TORRETTA;all'intersezione con;VIA DELLA MAGLIANELLA;VIA DELLA MAGLIANELLA;;;Tamponamento;;;;;;;;;;1;0;0;1;;;0;2;Autovettura privata;In marcia / fermata / arresto;Citroen;C 2;Conducente;1947;M;Rimandato;0;NON DECEDUTO;;
3544129;1;07/11/2017 20:50:00;Strada Urbana;VIA VITTORIO VENETO;in prossimità;;del civico n.;14/16;;Scontro frontale/laterale DX fra veicoli in marcia;Rettilineo;Una carreggiata a senso unico di marcia;Asciutto;Asfaltata;Verticale ed orizzontale;Sereno;Scarso;Buona;Sufficiente;1;0;0;2;;;0;1;Motociclo a solo;In marcia / fermata / arresto;Honda;SH 150;Conducente;1971;M;Rifiuta cure immediate;0;NON DECEDUTO;Utilizzato;
3544129;1;07/11/2017 20:50:00;Strada Urbana;VIA VITTORIO VENETO;in prossimità;;del civico n.;14/16;;Scontro frontale/laterale DX fra veicoli in marcia;Rettilineo;Una carreggiata a senso unico di marcia;Asciutto;Asfaltata;Verticale ed orizzontale;Sereno;Scarso;Buona;Sufficiente;1;0;0;2;;;0;2;Autovettura privata;In marcia / fermata / arresto;Audi;(ignoto);Conducente;1965;M;Illeso;0;;Utilizzato;Inesploso
3544129;1;07/11/2017 20:50:00;Strada Urbana;VIA VITTORIO VENETO;in prossimità;;del civico n.;14/16;;Scontro frontale/laterale DX fra veicoli in marcia;Rettilineo;Una carreggiata a senso unico di marcia;Asciutto;Asfaltata;Verticale ed orizzontale;Sereno;Scarso;Buona;Sufficiente;1;0;0;2;;;0;2;Autovettura privata;In marcia / fermata / arresto;Audi;(ignoto);Passeggero;1976;F;Illeso;0;;Utilizzato;Inesploso
3544134;18;08/11/2017 09:00:00;Strada Urbana;LARGO BEATA TERESA VERZERI;in corrispondenza;;del civico n.;5;;Scontro laterale fra veicoli in marcia;Rettilineo;Una carreggiata a doppio senso;Asciutto;Asfaltata;Verticale ed orizzontale;Sereno;Normale;Buona;Ore Diurne;0;0;0;2;12,39522;41,91227;-1;1;Autovettura privata;In marcia / fermata / arresto;Renault;Modus;Conducente;1959;F;Illeso;0;;;
3544134;18;08/11/2017 09:00:00;Strada Urbana;LARGO BEATA TERESA VERZERI;in corrispondenza;;del civico n.;5;;Scontro laterale fra veicoli in marcia;Rettilineo;Una carreggiata a doppio senso;Asciutto;Asfaltata;Verticale ed orizzontale;Sereno;Normale;Buona;Ore Diurne;0;0;0;2;12,39522;41,91227;-1;2;Autovettura privata;In marcia / fermata / arresto;Fiat;Punto;Conducente;1968;M;Illeso;0;;;
3544146;18;08/11/2017 12:25:00;Strada Urbana;LARGO DI BOCCEA;in corrispondenza;;del civico n.;19;;Scontro laterale fra veicoli in marcia;Rettilineo;Due carreggiate;Asciutto;Asfaltata;Verticale ed orizzontale;Sereno;Normale;Buona;Ore Diurne;1;0;0;1;;;0;1;Motociclo a solo;In marcia / fermata / arresto;Piaggio;Liberty 125;Conducente;1979;F;Rimandato;0;NON DECEDUTO;Non accertato;
3544146;18;08/11/2017 12:25:00;Strada Urbana;LARGO DI BOCCEA;in corrispondenza;;del civico n.;19;;Scontro laterale fra veicoli in marcia;Rettilineo;Due carreggiate;Asciutto;Asfaltata;Verticale ed orizzontale;Sereno;Normale;Buona;Ore Diurne;1;0;0;1;;;0;2;Autovettura privata;In marcia / fermata / arresto;Kia;Venga;Conducente;1968;M;Illeso;0;;;
3544148;17;07/11/2017 13:15:00;Strada Urbana;VIALE DELLE MEDAGLIE D'ORO;da specificare;;;;fronte civico 42;Scontro frontale/laterale DX fra veicoli in marcia;Rettilineo;Una carreggiata a doppio senso;Asciutto;Asfaltata;Verticale ed orizzontale;Sereno;Normale;Buona;Ore Diurne;0;0;0;2;;;0;1;Autovettura privata;In marcia / fermata / arresto;Hyundai;Atos;Conducente;1990;M;Illeso;0;;;
3544148;17;07/11/2017 13:15:00;Strada Urbana;VIALE DELLE MEDAGLIE D'ORO;da specificare;;;;fronte civico 42;Scontro frontale/laterale DX fra veicoli in marcia;Rettilineo;Una carreggiata a doppio senso;Asciutto;Asfaltata;Verticale ed orizzontale;Sereno;Normale;Buona;Ore Diurne;0;0;0;2;;;0;2;Autovettura privata;In marcia / fermata / arresto;Opel;ADAM;Conducente;1938;M;Illeso;0;;;
3544164;15;08/11/2017 17:30:00;Strada Urbana;VIA PIETRO MARONCELLI;all'intersezione con;VIA LUIGI ANGELONI;VIA LUIGI ANGELONI;;;Scontro frontale/laterale DX fra veicoli in marcia;Incrocio;Una carreggiata a senso unico di marcia;Asciutto;Asfaltata;Verticale ed orizzontale;Nuvoloso;Normale;Sufficiente;Sufficiente;0;0;0;3;12,44923;41,85465;0;1;Autovettura privata;In marcia / fermata / arresto;Citroen;C 1;Conducente;1954;M;Illeso;0;;Non accertato;Inesploso
3544164;15;08/11/2017 17:30:00;Strada Urbana;VIA PIETRO MARONCELLI;all'intersezione con;VIA LUIGI ANGELONI;VIA LUIGI ANGELONI;;;Scontro frontale/laterale DX fra veicoli in marcia;Incrocio;Una carreggiata a senso unico di marcia;Asciutto;Asfaltata;Verticale ed orizzontale;Nuvoloso;Normale;Sufficiente;Sufficiente;0;0;0;3;12,44923;41,85465;0;2;Autovettura privata;In marcia / fermata / arresto;Suzuki;Alto;Conducente;1982;M;Illeso;0;;Non accertato;Inesploso