Protocollo;Gruppo;DataOraIncidente;Localizzazione1;STRADA1;Localizzazione2;STRADA2;Strada02;Chilometrica;DaSpecificare;NaturaIncidente;particolaritastrade;TipoStrada;FondoStradale;Pavimentazione;Segnaletica;CondizioneAtmosferica;Traffico;Visibilita;Illuminazione;NUM_FERITI;NUM_RISERVATA;NUM_MORTI;NUM_ILLESI;Longitudine;Latitudine;Confermato;Progressivo;TipoVeicolo;StatoVeicolo;Marca;Modello;TipoPersona;AnnoNascita;Sesso;Tipolesione;Deceduto;DecedutoDopo;CinturaCascoUtilizzato;Airbag;
3544753;20;08/11/2017 21:20:00;Strada Urbana;VIA CASSIA;in corrispondenza;;del civico n.;1863;;Investimento di pedone;Rettilineo;Una carreggiata a doppio senso;Asciutto;Asfaltata;Verticale ed orizzontale;Nuvoloso;Normale;Buona;Sufficiente;1;0;0;2;;;0;;;;;;Pedone;1962;F;Rimandato;0;NON DECEDUTO;;
3544753;20;08/11/2017 21:20:00;Strada Urbana;VIA CASSIA;in corrispondenza;;del civico n.;1863;;Investimento di pedone;Rettilineo;Una carreggiata a doppio senso;Asciutto;Asfaltata;Verticale ed orizzontale;Nuvoloso;Normale;Buona;Sufficiente;1;0;0;2;;;0;1;Autovettura privata;In marcia / fermata / arresto;Volvo;V 70;Conducente;1971;F;Illeso;0;;Non accertato;
3544753;20;08/11/2017 21:20:00;Strada Urbana;VIA CASSIA;in corrispondenza;;del civico n.;1863;;Investimento di pedone;Rettilineo;Una carreggiata a doppio senso;Asciutto;Asfaltata;Verticale ed orizzontale;Nuvoloso;Normale;Buona;Sufficiente;1;0;0;2;;;0;2;Autovettura privata;In marcia / fermata / arresto;Fiat;Panda;Conducente;1943;F;Illeso;0;;Non accertato;
3544767;20;08/11/2017 12:40:00;Strada Urbana;VIA DEI DUE PONTI;da specificare;;;;Pross. civ. 110;Scontro frontale fra veicoli in marcia;Curva a visuale libera;Una carreggiata a doppio senso;Bagnato (umidità in atto);Asfaltata;Verticale ed orizzontale;Nuvoloso;Scarso;Buona;Ore Diurne;1;0;0;1;;;0;1;Autovettura privata;In marcia / fermata / arresto;Mercedes;Smart For Two;Conducente;1993;M;Illeso;0;;;
3544767;20;08/11/2017 12:40:00;Strada Urbana;VIA DEI DUE PONTI;da specificare;;;;Pross. civ. 110;Scontro frontale fra veicoli in marcia;Curva a visuale libera;Una carreggiata a doppio senso;Bagnato (umidità in atto);Asfaltata;Verticale ed orizzontale;Nuvoloso;Scarso;Buona;Ore Diurne;1;0;0;1;;;0;2;Autovettura privata;In marcia / fermata / arresto;Fiat;Panda;Conducente;1954;M;Rimandato;0;NON DECEDUTO;;
3544775;15;09/11/2017 07:55:00;Strada Urbana;VIA QUIRINO MAJORANA;in prossimità;;del civico n.;145;;Scontro laterale fra veicoli in marcia;Rettilineo;Due carreggiate;Asciutto;Asfaltata;Orizzontale;Sereno;Normale;Buona;Ore Diurne;1;0;0;2;;;0;1;Autovettura privata;In marcia / fermata / arresto;Fiat;Idea;Conducente;1975;M;Illeso;0;;Non accertato;Esploso
3544775;15;09/11/2017 07:55:00;Strada Urbana;VIA QUIRINO MAJORANA;in prossimità;;del civico n.;145;;Scontro laterale fra veicoli in marcia;Rettilineo;Due carreggiate;Asciutto;Asfaltata;Orizzontale;Sereno;Normale;Buona;Ore Diurne;1;0;0;2;;;0;1;Autovettura privata;In marcia / fermata / arresto;Fiat;Idea;Passeggero;2007;F;Illeso;0;;Non accertato;Inesploso
3544775;15;09/11/2017 07:55:00;Strada Urbana;VIA QUIRINO MAJORANA;in prossimità;;del civico n.;145;;Scontro laterale fra veicoli in marcia;Rettilineo;Due carreggiate;Asciutto;Asfaltata;Orizzontale;Sereno;Normale;Buona;Ore Diurne;1;0;0;2;;;0;2;Motociclo a solo;In marcia / fermata / arresto;Yamaha;T MAX;Conducente;1958;M;Ricoverato;0;NON DECEDUTO;Non accertato;
3544797;13;08/11/2017 11:40:00;;VIA CAPO DELL'ARGENTIERA;all'intersezione con;VIALE DEI PROMONTORI;VIALE DEI PROMONTORI;;;Scontro frontale/laterale SX fra veicoli in marcia;;;;;;;;;;0;0;0;2;;;0;1;Autovettura privata;In marcia / fermata / arresto;Ford;Fiesta;Conducente;1962;M;Illeso;0;;;
3544797;13;08/11/2017 11:40:00;;VIA CAPO DELL'ARGENTIERA;all'intersezione con;VIALE DEI PROMONTORI;VIALE DEI PROMONTORI;;;Scontro frontale/laterale SX fra veicoli in marcia;;;;;;;;;;0;0;0;2;;;0;2;Autovettura privata;In marcia / fermata / arresto;Fiat;Punto;Conducente;1943;M;Illeso;0;;;
3544803;12;06/11/2017 21:40:00;Strada Urbana;VIA RICCARDO FORSTER;in prossimità;;del civico n.;54;;Scontro frontale/laterale DX fra veicoli in marcia;Rettilineo;Una carreggiata a senso unico di marcia;Bagnato (umidità in atto);Asfaltata;Verticale ed orizzontale;Sereno;Scarso;Buona;Sufficiente;0;0;0;2;12,51027;41,82047;0;1;Autovettura privata;In marcia / fermata / arresto;Opel;Astra;Conducente;1977;F;Illeso;0;;Utilizzato;Inesploso
3544803;12;06/11/2017 21:40:00;Strada Urbana;VIA RICCARDO FORSTER;in prossimità;;del civico n.;54;;Scontro frontale/laterale DX fra veicoli in marcia;Rettilineo;Una carreggiata a senso unico di marcia;Bagnato (umidità in atto);Asfaltata;Verticale ed orizzontale;Sereno;Scarso;Buona;Sufficiente;0;0;0;2;12,51027;41,82047;0;2;Autovettura privata;In marcia / fermata / arresto;Mercedes;Classe B 180;Conducente;1969;M;Illeso;0;;Utilizzato;Inesploso
3544814;18;09/11/2017 08:15:00;Strada Urbana;PIAZZA DI VILLA CARPEGNA;in corrispondenza;;del civico n.;50;;Scontro laterale fra veicoli in marcia;Rettilineo;Una carreggiata a senso unico di marcia;Asciutto;Asfaltata;Verticale ed orizzontale;Sereno;Normale;Buona;Ore Diurne;1;0;0;1;12,4299;41,89532;-1;1;Autocarro superiore 35 q.;In marcia / fermata / arresto;Fiat Iveco;75;Conducente;1972;M;Illeso;0;;Non accertato;Inesistente
3544814;18;09/11/2017 08:15:00;Strada Urbana;PIAZZA DI VILLA CARPEGNA;in corrispondenza;;del civico n.;50;;Scontro laterale fra veicoli in marcia;Rettilineo;Una carreggiata a senso unico di marcia;Asciutto;Asfaltata;Verticale ed orizzontale;Sereno;Normale;Buona;Ore Diurne;1;0;0;1;12,4299;41,89532;-1;2;Motociclo a solo;In marcia / fermata / arresto;Piaggio;Beverly 200;Conducente;1964;M;Rifiuta cure immediate;0;NON DECEDUTO;Non accertato;
3544823;4;08/11/2017 13:00:00;;VIA DELLE ISOLE CURZOLANE;all'intersezione con;VIA MONTE EPOMEO;VIA MONTE EPOMEO;;;Investimento di pedone;;;;;;;;;;1;0;0;1;;;0;;;;;;Pedone;1951;M;Rimandato;0;NON DECEDUTO;;
3544823;4;08/11/2017 13:00:00;;VIA DELLE ISOLE CURZOLANE;all'intersezione con;VIA MONTE EPOMEO;VIA MONTE EPOMEO;;;Investimento di pedone;;;;;;;;;;1;0;0;1;;;0;1;Autovettura privata;In marcia / fermata / arresto;Nissan;Micra;Conducente;1965;M;Illeso;0;;Non accertato;Inesploso
3544845;16;08/11/2017 10:15:00;;VIA AURELIA ANTICA;in corrispondenza;;del civico n.;180;;Scontro frontale/laterale DX fra veicoli in marcia;;;;;;;;;;0;0;0;2;12,44547;41,88919;0;1;Motociclo con passeggero;In marcia / fermata / arresto;Yamaha;XC 300;Conducente;1972;M;Illeso;0;;Non accertato;
3544845;16;08/11/2017 10:15:00;;VIA AURELIA ANTICA;in corrispondenza;;del civico n.;180;;Scontro frontale/laterale DX fra veicoli in marcia;;;;;;;;;;0;0;0;2;12,44547;41,88919;0;2;Autovettura privata;In marcia / fermata / arresto;Mercedes;Smart Fortwo;Conducente;0;F;Illeso;0;;;
3544847;4;08/11/2017 17:15:00;Strada Urbana;PIAZZALE JONIO;all'intersezione con;VIA DEI PRATI FISCALI;VIA DEI PRATI FISCALI;;;Scontro laterale fra veicoli in marcia;Rotatoria;Una carreggiata a senso unico di marcia;Asciutto;Asfaltata;Verticale ed orizzontale;Sereno;Normale;Buona;Sufficiente;0;0;0;2;12,52568;41,94608;0;1;Autovettura privata;In marcia / fermata / arresto;Renault;Trafic;Conducente;1942;M;Illeso;0;;Non accertato;Inesploso
3544847;4;08/11/2017 17:15:00;Strada Urbana;PIAZZALE JONIO;all'intersezione con;VIA DEI PRATI FISCALI;VIA DEI PRATI FISCALI;;;Scontro laterale fra veicoli in marcia;Rotatoria;Una carreggiata a senso unico di marcia;Asciutto;Asfaltata;Verticale ed orizzontale;Sereno;Normale;Buona;Sufficiente;0;0;0;2;12,52568;41,94608;0;2;Autovettura privata;In marcia / fermata / arresto;Ford;KA;Conducente;1994;M;Illeso;0;;Non accertato;Inesploso
3544848;1;08/11/2017 14:35:00;Strada Urbana;VIALE DELLE TERME DI CARACALLA;in prossimità;;del palo luce n.;106;;Investimento di pedone;Rettilineo;Più di due carreggiate;Asciutto;Asfaltata;Orizzontale;Nuvoloso;Normale;Buona;Ore Diurne;2;0;0;0;;;0;;;;;;Pedone;1988;M;Rimandato;0;NON DECEDUTO;;
3544848;1;08/11/2017 14:35:00;Strada Urbana;VIALE DELLE TERME DI CARACALLA;in prossimità;;del palo luce n.;106;;Investimento di pedone;Rettilineo;Più di due carreggiate;Asciutto;Asfaltata;Orizzontale;Nuvoloso;Normale;Buona;Ore Diurne;2;0;0;0;;;0;1;Motociclo a solo;In marcia / fermata / arresto;Honda;Transalp;Conducente;1963;M;Rimandato;0;NON DECEDUTO;Non accertato;
3544860;5;08/11/2017 18:40:00;Strada Urbana;VIA DI CASAL DEI PAZZI;in prossimità;;del civico n.;37;;Investimento di pedone;Rettilineo;Una carreggiata a doppio senso;Asciutto;Asfaltata;Verticale ed orizzontale;Sereno;Normale;Buona;Sufficiente;0;1;0;1;12,57054;41,92619;0;;;;;;Pedone;1956;F;Prognosi riservata;0;NON DECEDUTO;;
3544860;5;08/11/2017 18:40:00;Strada Urbana;VIA DI CASAL DEI PAZZI;in prossimità;;del civico n.;37;;Investimento di pedone;Rettilineo;Una carreggiata a doppio senso;Asciutto;Asfaltata;Verticale ed orizzontale;Sereno;Normale;Buona;Sufficiente;0;1;0;1;12,57054;41,92619;0;1;Autovettura privata;In marcia / fermata / arresto;Fiat;Panda;Conducente;1961;M;Illeso;0;;Non accertato;
3544867;17;08/11/2017 08:45:00;Strada Urbana;VIA DEI CORRIDORI;all'intersezione con;VIA DELL'ERBA;VIA DELL'ERBA;;;Scontro frontale/laterale SX fra veicoli in marcia;Incrocio;Una carreggiata a doppio senso;Asciutto;In cubetti di porfido;Verticale ed orizzontale;Sereno;Scarso;Buona;Ore Diurne;0;0;0;2;12,45968;41,90304;0;1;Autovettura pubblica;In marcia / fermata / arresto;Volkswagen;Golf;Conducente;1959;M;Illeso;0;;;
3544867;17;08/11/2017 08:45:00;Strada Urbana;VIA DEI CORRIDORI;all'intersezione con;VIA DELL'ERBA;VIA DELL'ERBA;;;Scontro frontale/laterale SX fra veicoli in marcia;Incrocio;Una carreggiata a doppio senso;Asciutto;In cubetti di porfido;Verticale ed orizzontale;Sereno;Scarso;Buona;Ore Diurne;0;0;0;2;12,45968;41,90304;0;2;Autovettura privata;In marcia / fermata / arresto;Mercedes;Smart For Two;Conducente;1984;F;Illeso;0;;;
3544884;1;08/11/2017 17:50:00;Strada Urbana;PIAZZALE UGO LA MALFA;all'intersezione con;VIA DEL CIRCO MASSIMO;VIA DEL CIRCO MASSIMO;;;Scontro frontale/laterale DX fra veicoli in marcia;Incrocio;Due carreggiate;Asciutto;Asfaltata;Verticale ed orizzontale;Nuvoloso;Intenso;Sufficiente;Sufficiente;0;0;0;2;;;0;1;Autovettura pubblica;In marcia / fermata / arresto;Mercedes;E 220;Conducente;1976;M;Illeso;0;;Non accertato;
3544884;1;08/11/2017 17:50:00;Strada Urbana;PIAZZALE UGO LA MALFA;all'intersezione con;VIA DEL CIRCO MASSIMO;VIA DEL CIRCO MASSIMO;;;Scontro frontale/laterale DX fra veicoli in marcia;Incrocio;Due carreggiate;Asciutto;Asfaltata;Verticale ed orizzontale;Nuvoloso;Intenso;Sufficiente;Sufficiente;0;0;0;2;;;0;2;Autovettura privata;In marcia / fermata / arresto;Opel;AGILA;Conducente;1965;F;Illeso;0;;Non accertato;
3544907;12;07/11/2017 14:45:00;Strada Urbana;VIA DELLA CHIMICA;in corrispondenza;;del civico n.;19;;Veicolo in marcia contro veicoli in sosta;Rettilineo;Una carreggiata a senso unico di marcia;Asciutto;Asfaltata;Verticale ed orizzontale;Nuvoloso;Scarso;Buona;Ore Diurne;0;0;0;1;12,46644;41,83353;-1;1;Autovettura privata;In marcia / fermata / arresto;Opel;Corsa;Conducente;1972;M;Illeso;0;;Non accertato;Inesploso
3544926;12;08/11/2017 09:00:00;Strada Urbana;VIA LAURENTINA;all'intersezione semaforizzata con;VIALE IGNAZIO SILONE;VIALE IGNAZIO SILONE;;;Scontro laterale fra veicoli in marcia;Intersezione semaforizzata;Due carreggiate;Asciutto;Asfaltata;Verticale ed orizzontale;Sereno;Normale;Buona;Ore Diurne;0;0;0;4;12,48585;41,81323;-1;1;Autovettura privata;In marcia / fermata / arresto;Fiat;600;Conducente;1983;M;Illeso;0;;Utilizzato;Inesploso
3544926;12;08/11/2017 09:00:00;Strada Urbana;VIA LAURENTINA;all'intersezione semaforizzata con;VIALE IGNAZIO SILONE;VIALE IGNAZIO SILONE;;;Scontro laterale fra veicoli in marcia;Intersezione semaforizzata;Due carreggiate;Asciutto;Asfaltata;Verticale ed orizzontale;Sereno;Normale;Buona;Ore Diurne;0;0;0;4;12,48585;41,81323;-1;1;Autovettura privata;In marcia / fermata / arresto;Fiat;600;Passeggero;1989;F;Illeso;0;;Utilizzato;Inesploso
3544926;12;08/11/2017 09:00:00;Strada Urbana;VIA LAURENTINA;all'intersezione semaforizzata con;VIALE IGNAZIO SILONE;VIALE IGNAZIO SILONE;;;Scontro laterale fra veicoli in marcia;Intersezione semaforizzata;Due carreggiate;Asciutto;Asfaltata;Verticale ed orizzontale;Sereno;Normale;Buona;Ore Diurne;0;0;0;4;12,48585;41,81323;-1;1;Autovettura privata;In marcia / fermata / arresto;Fiat;600;Passeggero;2015;M;Illeso;0;;Utilizzato;Inesploso
3544926;12;08/11/2017 09:00:00;Strada Urbana;VIA LAURENTINA;all'intersezione semaforizzata con;VIALE IGNAZIO SILONE;VIALE IGNAZIO SILONE;;;Scontro laterale fra veicoli in marcia;Intersezione semaforizzata;Due carreggiate;Asciutto;Asfaltata;Verticale ed orizzontale;Sereno;Normale;Buona;Ore Diurne;0;0;0;4;12,48585;41,81323;-1;2;Motociclo a solo;In marcia / fermata / arresto;Honda;FJS 400 D;Conducente;1979;M;Illeso;0;;Utilizzato;
3544930;1;08/11/2017 18:37:00;Strada Urbana;VIA DELL'ARA MASSIMA DI ERCOLE;all'intersezione semaforizzata con;VIA DEI CERCHI;VIA DEI CERCHI;;;Veicolo in marcia contro veicolo fermo;Intersezione semaforizzata;Una carreggiata a doppio senso;Asciutto;Asfaltata;Verticale ed orizzontale;Nuvoloso;Normale;Sufficiente;Sufficiente;0;0;0;3;;;0;1;Autobus turistico;In marcia / fermata / arresto;Fiat Iveco;(ignoto);Conducente;1976;M;Illeso;0;;Non accertato;
3544930;1;08/11/2017 18:37:00;Strada Urbana;VIA DELL'ARA MASSIMA DI ERCOLE;all'intersezione semaforizzata con;VIA DEI CERCHI;VIA DEI CERCHI;;;Veicolo in marcia contro veicolo fermo;Intersezione semaforizzata;Una carreggiata a doppio senso;Asciutto;Asfaltata;Verticale ed orizzontale;Nuvoloso;Normale;Sufficiente;Sufficiente;0;0;0;3;;;0;1;Autobus turistico;In marcia / fermata / arresto;Fiat Iveco;(ignoto);Passeggero;1971;M;Illeso;0;;Non accertato;
3544930;1;08/11/2017 18:37:00;Strada Urbana;VIA DELL'ARA MASSIMA DI ERCOLE;all'intersezione semaforizzata con;VIA DEI CERCHI;VIA DEI CERCHI;;;Veicolo in marcia contro veicolo fermo;Intersezione semaforizzata;Una carreggiata a doppio senso;Asciutto;Asfaltata;Verticale ed orizzontale;Nuvoloso;Normale;Sufficiente;Sufficiente;0;0;0;3;;;0;2;Autovettura privata;In marcia / fermata / arresto;Fiat;Punto;Conducente;1948;F;Illeso;0;;Non accertato;
3544943;16;08/11/2017 07:50:00;;PIAZZALE AURELIO;all'intersezione con;VIA DI S. PANCRAZIO;VIA DI S. PANCRAZIO;;;Scontro laterale fra veicoli in marcia;;;;;;;;;;0;0;0;2;;;0;1;Autovettura privata;In marcia / fermata / arresto;Alfa Romeo;Giulietta;Conducente;0;M;Illeso;0;;;
3544943;16;08/11/2017 07:50:00;;PIAZZALE AURELIO;all'intersezione con;VIA DI S. PANCRAZIO;VIA DI S. PANCRAZIO;;;Scontro laterale fra veicoli in marcia;;;;;;;;;;0;0;0;2;;;0;2;Motociclo a solo;In marcia / fermata / arresto;BMW;R 1200;Conducente;0;M;Illeso;0;;;
3544948;2;08/11/2017 01:30:00;;VIA DI TRASONE;in prossimità;;del civico n.;10;;Veicolo in marcia contro ostacolo fisso;;;;;;;;;;0;0;0;1;;;0;2;Autovettura privata;In marcia / fermata / arresto;Smart ;-;Conducente;1994;M;Illeso;0;;;
3544956;12;08/11/2017 11:35:00;Strada Urbana;VIALE DEGLI EROI DI RODI;in prossimità;;del civico n.;199;;Investimento di pedone;Rettilineo;Una carreggiata a senso unico di marcia;Asciutto;Asfaltata;Verticale ed orizzontale;Sereno;Normale;Buona;Ore Diurne;1;0;0;1;12,43728;41,78109;0;;;;;;Pedone;1936;M;Rimandato;0;NON DECEDUTO;;
3544956;12;08/11/2017 11:35:00;Strada Urbana;VIALE DEGLI EROI DI RODI;in prossimità;;del civico n.;199;;Investimento di pedone;Rettilineo;Una carreggiata a senso unico di marcia;Asciutto;Asfaltata;Verticale ed orizzontale;Sereno;Normale;Buona;Ore Diurne;1;0;0;1;12,43728;41,78109;0;1;Autovettura privata;In marcia / fermata / arresto;Opel;Corsa;Conducente;1942;M;Illeso;0;;Non accertato;Inesploso
3544970;16;08/11/2017 09:15:00;;VIA SILVESTRI;in corrispondenza;;del civico n.;195;;Tamponamento Multiplo;;;;;;;;;;0;0;0;3;;;0;1;Autovettura privata;In marcia / fermata / arresto;Fiat;600;Conducente;1996;F;Illeso;0;;;
3544970;16;08/11/2017 09:15:00;;VIA SILVESTRI;in corrispondenza;;del civico n.;195;;Tamponamento Multiplo;;;;;;;;;;0;0;0;3;;;0;2;Autovettura privata;In marcia / fermata / arresto;Citroen;C 3;Conducente;0;F;Illeso;0;;;
3544970;16;08/11/2017 09:15:00;;VIA SILVESTRI;in corrispondenza;;del civico n.;195;;Tamponamento Multiplo;;;;;;;;;;0;0;0;3;;;0;3;Motociclo a solo;In marcia / fermata / arresto;Honda;SH;Conducente;0;M;Illeso;0;;;
3544971;7;08/11/2017 12:20:00;Strada Urbana;VIA CASILINA;in corrispondenza;;del civico n.;930;;Scontro laterale fra veicoli in marcia;Rettilineo;Una carreggiata a senso unico di marcia;Asciutto;Asfaltata;Orizzontale;Sereno;Normale;Buona;Ore Diurne;0;0;0;3;12,57239;41,87324;0;1;Autovettura privata;In marcia / fermata / arresto;BMW;320;Conducente;1948;M;Illeso;0;;;
3544971;7;08/11/2017 12:20:00;Strada Urbana;VIA CASILINA;in corrispondenza;;del civico n.;930;;Scontro laterale fra veicoli in marcia;Rettilineo;Una carreggiata a senso unico di marcia;Asciutto;Asfaltata;Orizzontale;Sereno;Normale;Buona;Ore Diurne;0;0;0;3;12,57239;41,87324;0;1;Autovettura privata;In marcia / fermata / arresto;BMW;320;Passeggero;1950;F;Illeso;0;;;
3544971;7;08/11/2017 12:20:00;Strada Urbana;VIA CASILINA;in corrispondenza;;del civico n.;930;;Scontro laterale fra veicoli in marcia;Rettilineo;Una carreggiata a senso unico di marcia;Asciutto;Asfaltata;Orizzontale;Sereno;Normale;Buona;Ore Diurne;0;0;0;3;12,57239;41,87324;0;2;Autovettura privata;In marcia / fermata / arresto;Mercedes;Smart For Two;Conducente;1990;F;Illeso;0;;;
3544990;17;08/11/2017 19:30:00;Strada Urbana;VIA SABOTINO;all'intersezione con;VIA MONTE SANTO;VIA MONTE SANTO;;;Ribaltamento senza urto contro ostacolo fisso;Incrocio;Due carreggiate;Bagnato (umidità in atto);Asfaltata;Verticale ed orizzontale;Nuvoloso;Scarso;Buona;Sufficiente;0;0;0;3;12,46085;41,91672;0;1;Autovettura privata;In marcia / fermata / arresto;Mercedes;A 180;Conducente;1976;F;Illeso;0;;;
3544990;17;08/11/2017 19:30:00;Strada Urbana;VIA SABOTINO;all'intersezione con;VIA MONTE SANTO;VIA MONTE SANTO;;;Ribaltamento senza urto contro ostacolo fisso;Incrocio;Due carreggiate;Bagnato (umidità in atto);Asfaltata;Verticale ed orizzontale;Nuvoloso;Scarso;Buona;Sufficiente;0;0;0;3;12,46085;41,91672;0;1;Autovettura privata;In marcia / fermata / arresto;Mercedes;A 180;Passeggero;2007;F;Illeso;0;;;
3544990;17;08/11/2017 19:30:00;Strada Urbana;VIA SABOTINO;all'intersezione con;VIA MONTE SANTO;VIA MONTE SANTO;;;Ribaltamento senza urto contro ostacolo fisso;Incrocio;Due carreggiate;Bagnato (umidità in atto);Asfaltata;Verticale ed orizzontale;Nuvoloso;Scarso;Buona;Sufficiente;0;0;0;3;12,46085;41,91672;0;2;Motociclo con passeggero;In marcia / fermata / arresto;Honda;SH 300;Conducente;1965;M;Illeso;0;;;
3545003;8;08/11/2017 09:30:00;Provinciale entro l'abitato;VIA PRENESTINA;in prossimità;;del civico n.;1375;;Tamponamento;Rettilineo;Una carreggiata a doppio senso;Asciutto;Asfaltata;Orizzontale;Sereno;Normale;Sufficiente;Ore Diurne;0;0;0;2;12,64663;41,89218;-1;1;Autovettura privata;In marcia / fermata / arresto;Mercedes; Smart Coupè ;Conducente;1974;F;Illeso;0;;Non accertato;Inesploso
3545003;8;08/11/2017 09:30:00;Provinciale entro l'abitato;VIA PRENESTINA;in prossimità;;del civico n.;1375;;Tamponamento;Rettilineo;Una carreggiata a doppio senso;Asciutto;Asfaltata;Orizzontale;Sereno;Normale;Sufficiente;Ore Diurne;0;0;0;2;12,64663;41,89218;-1;2;Autovettura privata;In marcia / fermata / arresto;Volkswagen;Golf;Conducente;1972;M;Illeso;0;;Non accertato;Inesploso
3545009;8;08/11/2017 16:30:00;Strada Urbana;VIA DI TORRENOVA;in corrispondenza;;del civico n.;140 H;;Scontro frontale/laterale SX fra veicoli in marcia;Rettilineo;Una carreggiata a doppio senso;Asciutto;Asfaltata;Verticale ed orizzontale;Sereno;Normale;Buona;Ore Diurne;0;0;0;5;12,61886;41,87308;0;1;Autovettura privata;In marcia / fermata / arresto;Toyota;Yaris;Conducente;1968;F;Illeso;0;;;
3545009;8;08/11/2017 16:30:00;Strada Urbana;VIA DI TORRENOVA;in corrispondenza;;del civico n.;140 H;;Scontro frontale/laterale SX fra veicoli in marcia;Rettilineo;Una carreggiata a doppio senso;Asciutto;Asfaltata;Verticale ed orizzontale;Sereno;Normale;Buona;Ore Diurne;0;0;0;5;12,61886;41,87308;0;1;Autovettura privata;In marcia / fermata / arresto;Toyota;Yaris;Passeggero;2009;M;Illeso;0;;;
3545009;8;08/11/2017 16:30:00;Strada Urbana;VIA DI TORRENOVA;in corrispondenza;;del civico n.;140 H;;Scontro frontale/laterale SX fra veicoli in marcia;Rettilineo;Una carreggiata a doppio senso;Asciutto;Asfaltata;Verticale ed orizzontale;Sereno;Normale;Buona;Ore Diurne;0;0;0;5;12,61886;41,87308;0;2;Autovettura privata;In marcia / fermata / arresto;Fiat;Bravo;Conducente;1939;M;Illeso;0;;;
3545009;8;08/11/2017 16:30:00;Strada Urbana;VIA DI TORRENOVA;in corrispondenza;;del civico n.;140 H;;Scontro frontale/laterale SX fra veicoli in marcia;Rettilineo;Una carreggiata a doppio senso;Asciutto;Asfaltata;Verticale ed orizzontale;Sereno;Normale;Buona;Ore Diurne;0;0;0;5;12,61886;41,87308;0;2;Autovettura privata;In marcia / fermata / arresto;Fiat;Bravo;Passeggero;1956;F;Illeso;0;;;
3545009;8;08/11/2017 16:30:00;Strada Urbana;VIA DI TORRENOVA;in corrispondenza;;del civico n.;140 H;;Scontro frontale/laterale SX fra veicoli in marcia;Rettilineo;Una carreggiata a doppio senso;Asciutto;Asfaltata;Verticale ed orizzontale;Sereno;Normale;Buona;Ore Diurne;0;0;0;5;12,61886;41,87308;0;2;Autovettura privata;In marcia / fermata / arresto;Fiat;Bravo;Passeggero;2010;M;Illeso;0;;;
3545011;8;08/11/2017 19:40:00;Strada Urbana;VIA DELLA LITE;in corrispondenza;;del civico n.;94/D;;Scontro laterale fra veicoli in marcia;Rettilineo;Una carreggiata a doppio senso;Bagnato (pioggia);Asfaltata;Orizzontale;Nuvoloso;Normale;Buona;Sufficiente;0;0;0;3;;;0;1;Autovettura privata;In marcia / fermata / arresto;Mercedes;Smart Fortwo;Conducente;1972;F;Illeso;0;;Non accertato;Inesploso
3545011;8;08/11/2017 19:40:00;Strada Urbana;VIA DELLA LITE;in corrispondenza;;del civico n.;94/D;;Scontro laterale fra veicoli in marcia;Rettilineo;Una carreggiata a doppio senso;Bagnato (pioggia);Asfaltata;Orizzontale;Nuvoloso;Normale;Buona;Sufficiente;0;0;0;3;;;0;1;Autovettura privata;In marcia / fermata / arresto;Mercedes;Smart Fortwo;Passeggero;2003;F;Illeso;0;;Non accertato;Inesploso
3545011;8;08/11/2017 19:40:00;Strada Urbana;VIA DELLA LITE;in corrispondenza;;del civico n.;94/D;;Scontro laterale fra veicoli in marcia;Rettilineo;Una carreggiata a doppio senso;Bagnato (pioggia);Asfaltata;Orizzontale;Nuvoloso;Normale;Buona;Sufficiente;0;0;0;3;;;0;2;Autovettura privata;In marcia / fermata / arresto;Fiat;Punto;Conducente;1990;M;Illeso;0;;Non accertato;Inesploso
3545016;8;09/11/2017 01:00:00;Strada Urbana;VIA DI SALONE;in prossimità;;del civico n.;290;;Scontro frontale fra veicoli in marcia;Rettilineo;Una carreggiata a doppio senso;Asciutto;Asfaltata;Verticale ed orizzontale;Sereno;Scarso;Insufficiente;Inesistente;2;0;0;0;12,62841;41,92506;0;1;Autovettura privata;In marcia / fermata / arresto;Fiat;Panda;Conducente;1951;M;Ricoverato;0;NON DECEDUTO;Non accertato;Inesploso
3545016;8;09/11/2017 01:00:00;Strada Urbana;VIA DI SALONE;in prossimità;;del civico n.;290;;Scontro frontale fra veicoli in marcia;Rettilineo;Una carreggiata a doppio senso;Asciutto;Asfaltata;Verticale ed orizzontale;Sereno;Scarso;Insufficiente;Inesistente;2;0;0;0;12,62841;41,92506;0;2;Autovettura privata;In marcia / fermata / arresto;Lancia;Y;Conducente;1996;M;Rimandato;0;NON DECEDUTO;Non accertato;Inesploso
3545021;16;08/11/2017 13:00:00;;VIA DI VILLA TROILI;all'intersezione con;VIA DEGLI ALDOBRANDESCHI;VIA DEGLI ALDOBRANDESCHI;;;Scontro frontale/laterale DX fra veicoli in marcia;;;;;;;;;;0;0;0;2;;;0;1;Autovettura privata;In marcia / fermata / arresto;Citroen;DS3;Conducente;0;M;Illeso;0;;;
3545021;16;08/11/2017 13:00:00;;VIA DI VILLA TROILI;all'intersezione con;VIA DEGLI ALDOBRANDESCHI;VIA DEGLI ALDOBRANDESCHI;;;Scontro frontale/laterale DX fra veicoli in marcia;;;;;;;;;;0;0;0;2;;;0;2;Autocarro inferiore 35 q.;In marcia / fermata / arresto;Fiat;Iveco 35;Conducente;0;M;Illeso;0;;;