Protocollo;Gruppo;DataOraIncidente;Localizzazione1;STRADA1;Localizzazione2;STRADA2;Strada02;Chilometrica;DaSpecificare;NaturaIncidente;particolaritastrade;TipoStrada;FondoStradale;Pavimentazione;Segnaletica;CondizioneAtmosferica;Traffico;Visibilita;Illuminazione;NUM_FERITI;NUM_RISERVATA;NUM_MORTI;NUM_ILLESI;Longitudine;Latitudine;Confermato;Progressivo;TipoVeicolo;StatoVeicolo;Marca;Modello;TipoPersona;AnnoNascita;Sesso;Tipolesione;Deceduto;DecedutoDopo;CinturaCascoUtilizzato;Airbag;
3545022;8;08/11/2017 10:20:00;Strada Urbana;VIA DI ROCCA CENCIA;in corrispondenza;;del civico n.;301;;Scontro frontale/laterale DX fra veicoli in marcia;Rettilineo;Una carreggiata a doppio senso;Asciutto;Asfaltata;Verticale;Sereno;Intenso;Buona;Ore Diurne;0;0;0;2;12,69574;41,88533;-1;1;Autocarro inferiore 35 q.;In marcia / fermata / arresto;Fiat;Iveco;Conducente;1966;M;Illeso;0;;Non accertato;Inesploso
3545022;8;08/11/2017 10:20:00;Strada Urbana;VIA DI ROCCA CENCIA;in corrispondenza;;del civico n.;301;;Scontro frontale/laterale DX fra veicoli in marcia;Rettilineo;Una carreggiata a doppio senso;Asciutto;Asfaltata;Verticale;Sereno;Intenso;Buona;Ore Diurne;0;0;0;2;12,69574;41,88533;-1;2;Autovettura privata;In marcia / fermata / arresto;Mercedes;200 E;Conducente;1950;M;Illeso;0;;Non accertato;Inesploso
3545025;6;09/11/2017 08:00:00;Strada Urbana;PIAZZALE PRENESTINO;in corrispondenza;;del civico n.;10;;Tamponamento;Rettilineo;Più di due carreggiate;Asciutto;Asfaltata;Verticale ed orizzontale;Sereno;Intenso;Buona;Ore Diurne;1;0;0;2;12,52664;41,89129;-1;1;Autovettura privata;In marcia / fermata / arresto;Renault;Modus;Conducente;1966;M;Rifiuta cure immediate;0;NON DECEDUTO;;
3545025;6;09/11/2017 08:00:00;Strada Urbana;PIAZZALE PRENESTINO;in corrispondenza;;del civico n.;10;;Tamponamento;Rettilineo;Più di due carreggiate;Asciutto;Asfaltata;Verticale ed orizzontale;Sereno;Intenso;Buona;Ore Diurne;1;0;0;2;12,52664;41,89129;-1;2;Autovettura privata;In marcia / fermata / arresto;Peugeot;206;Conducente;1981;M;Illeso;0;;;
3545025;6;09/11/2017 08:00:00;Strada Urbana;PIAZZALE PRENESTINO;in corrispondenza;;del civico n.;10;;Tamponamento;Rettilineo;Più di due carreggiate;Asciutto;Asfaltata;Verticale ed orizzontale;Sereno;Intenso;Buona;Ore Diurne;1;0;0;2;12,52664;41,89129;-1;2;Autovettura privata;In marcia / fermata / arresto;Peugeot;206;Passeggero;2006;M;Illeso;0;;Non accertato;
3545028;17;08/11/2017 10:40:00;;VIA DELLA CONCILIAZIONE;all'intersezione con;VIA S. PIO X;VIA S. PIO X;;;Ribaltamento senza urto contro ostacolo fisso;;;;;;;;;;0;0;0;1;;;0;1;Motociclo a solo;In marcia / fermata / arresto;Piaggio;Liberty 125;Conducente;1971;M;Illeso;0;;;
3545030;8;08/11/2017 07:40:00;Strada Urbana;VIA DEL FOSSO DI S. MAURA;in prossimità;;del palo luce n.;48;;Investimento di pedone;Rettilineo;Più di due carreggiate;Asciutto;Asfaltata;Verticale ed orizzontale;Nebbia;Intenso;Buona;Ore Diurne;1;0;0;1;12,59469;41,85795;0;;;;;;Pedone;1952;F;Rimandato;0;NON DECEDUTO;;
3545030;8;08/11/2017 07:40:00;Strada Urbana;VIA DEL FOSSO DI S. MAURA;in prossimità;;del palo luce n.;48;;Investimento di pedone;Rettilineo;Più di due carreggiate;Asciutto;Asfaltata;Verticale ed orizzontale;Nebbia;Intenso;Buona;Ore Diurne;1;0;0;1;12,59469;41,85795;0;1;Autovettura privata;In marcia / fermata / arresto;Ford;Fiesta;Conducente;1950;M;Illeso;0;;Non accertato;Inesploso
3545035;8;08/11/2017 08:40:00;Strada Urbana;VIA COLLATINA;in corrispondenza;;del civico n.;532;;Scontro frontale/laterale SX fra veicoli in marcia;Rettilineo;Una carreggiata a doppio senso;Asciutto;Asfaltata;Assente;Sereno;Normale;Buona;Ore Diurne;1;0;0;1;12,62407;41,9071;0;1;Autocarro inferiore 35 q.;In marcia / fermata / arresto;Fiat;Ducato;Conducente;1955;M;Illeso;0;;Non accertato;Inesploso
3545035;8;08/11/2017 08:40:00;Strada Urbana;VIA COLLATINA;in corrispondenza;;del civico n.;532;;Scontro frontale/laterale SX fra veicoli in marcia;Rettilineo;Una carreggiata a doppio senso;Asciutto;Asfaltata;Assente;Sereno;Normale;Buona;Ore Diurne;1;0;0;1;12,62407;41,9071;0;2;Autovettura privata;In marcia / fermata / arresto;Citroen;C2;Conducente;1973;M;Rimandato;0;NON DECEDUTO;Non accertato;Inesploso
3545052;2;08/11/2017 11:25:00;;VIA DI VILLA RUFFO;all'intersezione con;VIALE DAVID LUBIN;VIALE DAVID LUBIN;;;Scontro frontale/laterale SX fra veicoli in marcia;;;;;;;;;;0;0;0;3;;;0;1;Autovettura di polizia;In marcia / fermata / arresto;Fiat;Punto;Conducente;1995;M;Illeso;0;;;
3545052;2;08/11/2017 11:25:00;;VIA DI VILLA RUFFO;all'intersezione con;VIALE DAVID LUBIN;VIALE DAVID LUBIN;;;Scontro frontale/laterale SX fra veicoli in marcia;;;;;;;;;;0;0;0;3;;;0;1;Autovettura di polizia;In marcia / fermata / arresto;Fiat;Punto;Passeggero;1966;M;Illeso;0;;;
3545052;2;08/11/2017 11:25:00;;VIA DI VILLA RUFFO;all'intersezione con;VIALE DAVID LUBIN;VIALE DAVID LUBIN;;;Scontro frontale/laterale SX fra veicoli in marcia;;;;;;;;;;0;0;0;3;;;0;2;Autovettura privata;In marcia / fermata / arresto;Fiat;500;Conducente;1981;M;Illeso;0;;;
3545055;2;08/11/2017 12:10:00;;LUNGOTEVERE DELLE NAVI;all'intersezione semaforizzata con;PIAZZALE DELLE BELLE ARTI;PIAZZALE DELLE BELLE ARTI;;;Veicolo in marcia contro veicolo in sosta;;;;;;;;;;0;0;0;2;;;0;1;Autovettura di polizia;In marcia / fermata / arresto;Renault;(non accertato);Conducente;1989;M;Illeso;0;;;
3545055;2;08/11/2017 12:10:00;;LUNGOTEVERE DELLE NAVI;all'intersezione semaforizzata con;PIAZZALE DELLE BELLE ARTI;PIAZZALE DELLE BELLE ARTI;;;Veicolo in marcia contro veicolo in sosta;;;;;;;;;;0;0;0;2;;;0;1;Autovettura di polizia;In marcia / fermata / arresto;Renault;(non accertato);Passeggero;1974;M;Illeso;0;;;
3545058;2;08/11/2017 13:45:00;;VIALE DEL VIGNOLA;da specificare;;;;pross. VIA DONATELLO;Veicolo in marcia contro veicolo arresto;;;;;;;;;;2;0;0;1;;;0;1;Autovettura di polizia;In marcia / fermata / arresto;Seat;Leon;Conducente;1989;M;Rifiuta cure immediate;0;NON DECEDUTO;;
3545058;2;08/11/2017 13:45:00;;VIALE DEL VIGNOLA;da specificare;;;;pross. VIA DONATELLO;Veicolo in marcia contro veicolo arresto;;;;;;;;;;2;0;0;1;;;0;1;Autovettura di polizia;In marcia / fermata / arresto;Seat;Leon;Passeggero;1982;M;Rifiuta cure immediate;0;NON DECEDUTO;;
3545058;2;08/11/2017 13:45:00;;VIALE DEL VIGNOLA;da specificare;;;;pross. VIA DONATELLO;Veicolo in marcia contro veicolo arresto;;;;;;;;;;2;0;0;1;;;0;2;Autovettura privata;In marcia / fermata / arresto;Toyota;Yaris;Conducente;1963;M;Illeso;0;;;
3545059;2;08/11/2017 14:35:00;;VIA ARCHIANO;all'intersezione con;VIA CERESIO;VIA CERESIO;;;Scontro frontale/laterale DX fra veicoli in marcia;;;;;;;;;;1;0;0;1;;;0;1;Autovettura privata;In marcia / fermata / arresto;Peugeot;206;Conducente;1985;M;Illeso;0;;Non accertato;Inesploso
3545059;2;08/11/2017 14:35:00;;VIA ARCHIANO;all'intersezione con;VIA CERESIO;VIA CERESIO;;;Scontro frontale/laterale DX fra veicoli in marcia;;;;;;;;;;1;0;0;1;;;0;2;Autovettura privata;In marcia / fermata / arresto;Opel;Corsa;Conducente;1969;F;Rifiuta cure immediate;0;NON DECEDUTO;;
3545062;2;08/11/2017 21:30:00;;PIAZZA MONTE GENNARO;all'intersezione con;VIA MONTE META;VIA MONTE META;;;Scontro laterale fra veicoli in marcia;;;;;;;;;;1;0;0;1;;;0;1;Autovettura privata;In marcia / fermata / arresto;Renault;NEW TWINGO;Conducente;1998;F;Illeso;0;;;
3545062;2;08/11/2017 21:30:00;;PIAZZA MONTE GENNARO;all'intersezione con;VIA MONTE META;VIA MONTE META;;;Scontro laterale fra veicoli in marcia;;;;;;;;;;1;0;0;1;;;0;2;Motociclo a solo;In marcia / fermata / arresto;Honda;sh300;Conducente;1991;M;Rimandato;0;NON DECEDUTO;Non accertato;
3545063;17;08/11/2017 12:50:00;;VIA ANASTASIO II;all'intersezione con;VIALE DEGLI AMMIRAGLI;VIALE DEGLI AMMIRAGLI;;;Investimento di pedone;;;;;;;;;;1;0;0;1;;;0;;;;;;Pedone;0;M;Rimandato;0;NON DECEDUTO;;
3545063;17;08/11/2017 12:50:00;;VIA ANASTASIO II;all'intersezione con;VIALE DEGLI AMMIRAGLI;VIALE DEGLI AMMIRAGLI;;;Investimento di pedone;;;;;;;;;;1;0;0;1;;;0;1;Autovettura privata;In marcia / fermata / arresto;Fiat;Punto;Conducente;1936;M;Illeso;0;;;
3545067;6;09/11/2017 07:45:00;Strada Urbana;VIA CASILINA;in corrispondenza;;del civico n.;402;;Investimento di pedone;Rettilineo;Più di due carreggiate;Bagnato (umidità in atto);Asfaltata;Verticale ed orizzontale;Sereno;Intenso;Buona;Ore Diurne;1;0;0;1;12,54231;41,87993;0;;;;;;Pedone;2004;F;Rimandato;0;NON DECEDUTO;;
3545067;6;09/11/2017 07:45:00;Strada Urbana;VIA CASILINA;in corrispondenza;;del civico n.;402;;Investimento di pedone;Rettilineo;Più di due carreggiate;Bagnato (umidità in atto);Asfaltata;Verticale ed orizzontale;Sereno;Intenso;Buona;Ore Diurne;1;0;0;1;12,54231;41,87993;0;1;Autovettura privata;In marcia / fermata / arresto;Opel;Corsa;Conducente;1950;M;Illeso;0;;;
3545068;12;07/11/2017 07:40:00;Strada Urbana;PIAZZA DEL LAVORO;da specificare;;;;direzione Viale G. Marconi;Scontro laterale fra veicoli in marcia;Curva a visuale libera;Una carreggiata a senso unico di marcia;Bagnato (pioggia);Asfaltata;Verticale ed orizzontale;Pioggia in atto;Normale;Buona;Ore Diurne;0;0;0;4;;;0;1;Autovettura privata;In marcia / fermata / arresto;Nissan;QASHQAI;Conducente;1973;M;Illeso;0;;Utilizzato;Inesploso
3545068;12;07/11/2017 07:40:00;Strada Urbana;PIAZZA DEL LAVORO;da specificare;;;;direzione Viale G. Marconi;Scontro laterale fra veicoli in marcia;Curva a visuale libera;Una carreggiata a senso unico di marcia;Bagnato (pioggia);Asfaltata;Verticale ed orizzontale;Pioggia in atto;Normale;Buona;Ore Diurne;0;0;0;4;;;0;1;Autovettura privata;In marcia / fermata / arresto;Nissan;QASHQAI;Passeggero;1975;F;Illeso;0;;Utilizzato;Inesploso
3545068;12;07/11/2017 07:40:00;Strada Urbana;PIAZZA DEL LAVORO;da specificare;;;;direzione Viale G. Marconi;Scontro laterale fra veicoli in marcia;Curva a visuale libera;Una carreggiata a senso unico di marcia;Bagnato (pioggia);Asfaltata;Verticale ed orizzontale;Pioggia in atto;Normale;Buona;Ore Diurne;0;0;0;4;;;0;2;Autocarro superiore 35 q.;In marcia / fermata / arresto;Fiat Iveco;145;Conducente;1968;M;Illeso;0;;Utilizzato;Inesploso
3545068;12;07/11/2017 07:40:00;Strada Urbana;PIAZZA DEL LAVORO;da specificare;;;;direzione Viale G. Marconi;Scontro laterale fra veicoli in marcia;Curva a visuale libera;Una carreggiata a senso unico di marcia;Bagnato (pioggia);Asfaltata;Verticale ed orizzontale;Pioggia in atto;Normale;Buona;Ore Diurne;0;0;0;4;;;0;2;Autocarro superiore 35 q.;In marcia / fermata / arresto;Fiat Iveco;145;Passeggero;1942;M;Illeso;0;;Utilizzato;Inesploso
3545077;12;09/11/2017 08:40:00;Strada Urbana;VIA DELLA CECCHIGNOLA;in prossimità;;del civico n.;136;;Tamponamento Multiplo;Rettilineo;Una carreggiata a doppio senso;Asciutto;Asfaltata;Verticale ed orizzontale;Sereno;Normale;Buona;Ore Diurne;1;0;0;2;9,644;45,397;0;1;Autovettura privata;In marcia / fermata / arresto;Opel;AGILA;Conducente;1994;M;Rimandato;0;NON DECEDUTO;;Inesploso
3545077;12;09/11/2017 08:40:00;Strada Urbana;VIA DELLA CECCHIGNOLA;in prossimità;;del civico n.;136;;Tamponamento Multiplo;Rettilineo;Una carreggiata a doppio senso;Asciutto;Asfaltata;Verticale ed orizzontale;Sereno;Normale;Buona;Ore Diurne;1;0;0;2;9,644;45,397;0;2;Autovettura privata;In marcia / fermata / arresto;Nissan;Micra;Conducente;1962;F;Illeso;0;;Utilizzato;Inesploso
3545077;12;09/11/2017 08:40:00;Strada Urbana;VIA DELLA CECCHIGNOLA;in prossimità;;del civico n.;136;;Tamponamento Multiplo;Rettilineo;Una carreggiata a doppio senso;Asciutto;Asfaltata;Verticale ed orizzontale;Sereno;Normale;Buona;Ore Diurne;1;0;0;2;9,644;45,397;0;3;Autovettura privata;In marcia / fermata / arresto;Toyota;Yaris;Conducente;1936;M;Illeso;0;;Utilizzato;Inesploso
3545082;4;08/11/2017 18:50:00;;VIA SALARIA;all'intersezione con;AUTOSTRADA PER FIRENZE;AUTOSTRADA PER FIRENZE;;;Scontro frontale fra veicoli in marcia;;;;;;;;;;1;0;0;1;;;0;1;Autovettura privata;In marcia / fermata / arresto;Renault;Clio;Conducente;1959;M;Illeso;0;;Non accertato;Inesploso
3545082;4;08/11/2017 18:50:00;;VIA SALARIA;all'intersezione con;AUTOSTRADA PER FIRENZE;AUTOSTRADA PER FIRENZE;;;Scontro frontale fra veicoli in marcia;;;;;;;;;;1;0;0;1;;;0;2;Autovettura privata;In marcia / fermata / arresto;Alfa Romeo;156;Conducente;1974;M;Rifiuta cure immediate;0;NON DECEDUTO;Non accertato;Inesploso
3545088;17;08/11/2017 16:30:00;;VIA BOEZIO;in prossimità;;del civico n.;4;;Veicolo in marcia contro ostacolo accidentale;;;;;;;;;;0;0;0;1;;;0;1;Autovettura privata;In marcia / fermata / arresto;Toyota;Corolla Verso;Conducente;1971;M;Illeso;0;;;
3545093;18;08/11/2017 21:40:00;Strada Urbana;VIA TROFARELLO;all'intersezione con;VIA MONCALIERI;VIA MONCALIERI;;;Scontro laterale fra veicoli in marcia;Intersezione stradale segnalata;Una carreggiata a doppio senso;Bagnato (umidità in atto);Asfaltata;Verticale ed orizzontale;Nuvoloso;Scarso;Sufficiente;Sufficiente;0;0;0;2;12,3668;41,91363;0;1;Autovettura privata;In marcia / fermata / arresto;Saab;93;Conducente;1996;M;Illeso;0;;;
3545093;18;08/11/2017 21:40:00;Strada Urbana;VIA TROFARELLO;all'intersezione con;VIA MONCALIERI;VIA MONCALIERI;;;Scontro laterale fra veicoli in marcia;Intersezione stradale segnalata;Una carreggiata a doppio senso;Bagnato (umidità in atto);Asfaltata;Verticale ed orizzontale;Nuvoloso;Scarso;Sufficiente;Sufficiente;0;0;0;2;12,3668;41,91363;0;2;Autovettura privata;In marcia / fermata / arresto;Toyota;Aygo;Conducente;1988;M;Illeso;0;;;
3545117;7;08/11/2017 16:15:00;;VIA DI TOR SAPIENZA;in corrispondenza;;del civico n.;34;;Investimento di pedone;;;;;;;;;;1;0;0;1;;;0;;;;;;Pedone;1977;F;Rimandato;0;NON DECEDUTO;;
3545117;7;08/11/2017 16:15:00;;VIA DI TOR SAPIENZA;in corrispondenza;;del civico n.;34;;Investimento di pedone;;;;;;;;;;1;0;0;1;;;0;1;Autovettura privata;In marcia / fermata / arresto;Toyota;(ignoto);Conducente;1966;M;Illeso;0;;;
3545119;9;09/11/2017 10:00:00;;VIA APPIA NUOVA;in prossimità;;del civico n.;522/A;;Investimento di pedone;;;;;;;;;;3;0;0;0;;;0;;;;;;Pedone;1950;M;Rimandato;0;NON DECEDUTO;;
3545119;9;09/11/2017 10:00:00;;VIA APPIA NUOVA;in prossimità;;del civico n.;522/A;;Investimento di pedone;;;;;;;;;;3;0;0;0;;;0;;;;;;Pedone;1953;F;Rimandato;0;NON DECEDUTO;;
3545119;9;09/11/2017 10:00:00;;VIA APPIA NUOVA;in prossimità;;del civico n.;522/A;;Investimento di pedone;;;;;;;;;;3;0;0;0;;;0;1;Motociclo a solo;In marcia / fermata / arresto;Yamaha;X - MAX;Conducente;1989;M;Rimandato;0;NON DECEDUTO;;
3545120;1;08/11/2017 18:55:00;Strada Urbana;PIAZZALE OSTIENSE;in prossimità;;del civico n.;9;;Scontro laterale fra veicoli in marcia;Rettilineo;Una carreggiata a senso unico alternato;Asciutto;Asfaltata;Verticale ed orizzontale;Nuvoloso;Normale;Sufficiente;Sufficiente;0;0;0;1;;;0;1;Autovettura privata;In marcia / fermata / arresto;Citroen;C 3;Conducente;1988;F;Illeso;0;;Non accertato;
3545127;12;07/11/2017 11:00:00;Strada Urbana;VIA DI DECIMA;in corrispondenza;;del civico n.;102;;Veicolo in marcia contro veicolo fermo;Pianeggiante;Una carreggiata a doppio senso;Bagnato (umidità in atto);Asfaltata;Verticale ed orizzontale;Nuvoloso;Scarso;Buona;Ore Diurne;0;0;0;2;12,45093;41,81675;0;1;Autovettura privata;In marcia / fermata / arresto;Fiat;Punto;Conducente;1969;M;Illeso;0;;Non accertato;Inesploso
3545127;12;07/11/2017 11:00:00;Strada Urbana;VIA DI DECIMA;in corrispondenza;;del civico n.;102;;Veicolo in marcia contro veicolo fermo;Pianeggiante;Una carreggiata a doppio senso;Bagnato (umidità in atto);Asfaltata;Verticale ed orizzontale;Nuvoloso;Scarso;Buona;Ore Diurne;0;0;0;2;12,45093;41,81675;0;2;Autovettura privata;In marcia / fermata / arresto;Toyota;Yaris;Conducente;1995;M;Illeso;0;;Non accertato;Inesploso
3545134;15;09/11/2017 11:30:00;Strada Urbana;LARGO VOLONTARI DEL SANGUE;all'intersezione semaforizzata con;VIA PORTUENSE;VIA PORTUENSE;;;Scontro frontale/laterale SX fra veicoli in marcia;Intersezione semaforizzata;Una carreggiata a doppio senso;Asciutto;Asfaltata;Verticale ed orizzontale;Nuvoloso;Normale;Buona;Ore Diurne;1;0;0;1;;;0;1;Autovettura privata;In marcia / fermata / arresto;BMW;Mini cooper;Conducente;1972;M;Illeso;0;;Non accertato;Inesploso
3545134;15;09/11/2017 11:30:00;Strada Urbana;LARGO VOLONTARI DEL SANGUE;all'intersezione semaforizzata con;VIA PORTUENSE;VIA PORTUENSE;;;Scontro frontale/laterale SX fra veicoli in marcia;Intersezione semaforizzata;Una carreggiata a doppio senso;Asciutto;Asfaltata;Verticale ed orizzontale;Nuvoloso;Normale;Buona;Ore Diurne;1;0;0;1;;;0;2;Autovettura privata;In marcia / fermata / arresto;Nissan;Micra;Conducente;1994;M;Rimandato;0;NON DECEDUTO;Non accertato;Inesploso
3545138;23;03/11/2017 08:50:00;Strada Urbana;VIALE DELLO SCALO S. LORENZO;in prossimità;;del civico n.;56;;Scontro laterale fra veicoli in marcia;Rettilineo;Una carreggiata a senso unico di marcia;Bagnato (pioggia);Asfaltata;Verticale ed orizzontale;Pioggia in atto;Intenso;Buona;Ore Diurne;1;0;0;2;12,51888;41,89598;-1;1;Motociclo a solo;In marcia / fermata / arresto;Honda;(ignoto);Conducente;1985;F;Rimandato;0;NON DECEDUTO;Non accertato;
3545138;23;03/11/2017 08:50:00;Strada Urbana;VIALE DELLO SCALO S. LORENZO;in prossimità;;del civico n.;56;;Scontro laterale fra veicoli in marcia;Rettilineo;Una carreggiata a senso unico di marcia;Bagnato (pioggia);Asfaltata;Verticale ed orizzontale;Pioggia in atto;Intenso;Buona;Ore Diurne;1;0;0;2;12,51888;41,89598;-1;2;Autovettura privata;In marcia / fermata / arresto;Mercedes;Classe A;Conducente;1991;M;Illeso;0;;Utilizzato;Inesploso
3545138;23;03/11/2017 08:50:00;Strada Urbana;VIALE DELLO SCALO S. LORENZO;in prossimità;;del civico n.;56;;Scontro laterale fra veicoli in marcia;Rettilineo;Una carreggiata a senso unico di marcia;Bagnato (pioggia);Asfaltata;Verticale ed orizzontale;Pioggia in atto;Intenso;Buona;Ore Diurne;1;0;0;2;12,51888;41,89598;-1;2;Autovettura privata;In marcia / fermata / arresto;Mercedes;Classe A;Passeggero;1991;M;Illeso;0;;Utilizzato;Inesploso
3545144;11;09/11/2017 11:30:00;Strada Urbana;VIALE DI TOR MARANCIA;all'intersezione con;VIA DELL'ARCADIA;VIA DELL'ARCADIA;;;Scontro frontale/laterale DX fra veicoli in marcia;Intersezione non regolata/non segnalata;Due carreggiate;Asciutto;Asfaltata;Verticale ed orizzontale;Nuvoloso;Scarso;Buona;Ore Diurne;0;0;0;2;12,49745;41,8553;0;1;Autovettura privata;In marcia / fermata / arresto;Fiat;Seicento;Conducente;1941;M;Illeso;0;;Non accertato;Inesploso
3545144;11;09/11/2017 11:30:00;Strada Urbana;VIALE DI TOR MARANCIA;all'intersezione con;VIA DELL'ARCADIA;VIA DELL'ARCADIA;;;Scontro frontale/laterale DX fra veicoli in marcia;Intersezione non regolata/non segnalata;Due carreggiate;Asciutto;Asfaltata;Verticale ed orizzontale;Nuvoloso;Scarso;Buona;Ore Diurne;0;0;0;2;12,49745;41,8553;0;2;Autovettura privata;In marcia / fermata / arresto;Nissan;Micra;Conducente;1948;F;Illeso;0;;Non accertato;Inesploso
3545170;12;07/11/2017 11:05:00;Strada Urbana;VIA DEL FOSSO DEL TORRINO;all'intersezione con;VIA DI MOSTACCIANO;VIA DI MOSTACCIANO;;;Scontro frontale fra veicoli in marcia;Intersezione stradale segnalata;Una carreggiata a doppio senso;Bagnato (pioggia);Asfaltata;Verticale ed orizzontale;Nuvoloso;Normale;Buona;Ore Diurne;0;0;0;2;12,43418;41,81571;0;1;Autovettura privata;In marcia / fermata / arresto;Fiat;Panda;Conducente;1939;M;Illeso;0;;Utilizzato;Inesploso
3545170;12;07/11/2017 11:05:00;Strada Urbana;VIA DEL FOSSO DEL TORRINO;all'intersezione con;VIA DI MOSTACCIANO;VIA DI MOSTACCIANO;;;Scontro frontale fra veicoli in marcia;Intersezione stradale segnalata;Una carreggiata a doppio senso;Bagnato (pioggia);Asfaltata;Verticale ed orizzontale;Nuvoloso;Normale;Buona;Ore Diurne;0;0;0;2;12,43418;41,81571;0;2;Autovettura privata;In marcia / fermata / arresto;Opel;Zafira;Conducente;1964;M;Illeso;0;;Utilizzato;Inesploso
3545177;23;08/11/2017 09:13:00;Comunale extraurbana;VIA CRISTOFORO COLOMBO;in prossimità;;della chilometrica;19.38;;Scontro laterale fra veicoli in marcia;Rettilineo;Più di due carreggiate;Asciutto;Asfaltata;Verticale ed orizzontale;Sereno;Normale;Buona;Ore Diurne;1;0;0;1;12,49637;41,87316;-1;1;Velocipede;In marcia / fermata / arresto;BMC;Team Machine SLR01;Conducente;1939;M;Rifiuta cure immediate;0;NON DECEDUTO;Esente;
3545177;23;08/11/2017 09:13:00;Comunale extraurbana;VIA CRISTOFORO COLOMBO;in prossimità;;della chilometrica;19.38;;Scontro laterale fra veicoli in marcia;Rettilineo;Più di due carreggiate;Asciutto;Asfaltata;Verticale ed orizzontale;Sereno;Normale;Buona;Ore Diurne;1;0;0;1;12,49637;41,87316;-1;2;Autovettura privata;In marcia / fermata / arresto;Alfa Lancia;Y;Conducente;1990;M;Illeso;0;;Non accertato;Inesistente
3545182;16;08/11/2017 15:00:00;;VIA LUIGI ARATI;all'intersezione con;VIALE DEI COLLI PORTUENSI;VIALE DEI COLLI PORTUENSI;;;Investimento di pedone;;;;;;;;;;1;0;0;0;;;0;;;;;;Pedone;0;F;Rimandato;0;NON DECEDUTO;;
3545183;9;08/11/2017 14:00:00;;VIA TUSCOLANA;in corrispondenza;;del civico n.;127;;Veicolo in marcia contro veicolo in sosta;;;;;;;;;;0;0;0;2;;;0;1;Autovettura privata;In marcia / fermata / arresto;Citroen;C 2;Conducente;1963;M;Illeso;0;;;
3545183;9;08/11/2017 14:00:00;;VIA TUSCOLANA;in corrispondenza;;del civico n.;127;;Veicolo in marcia contro veicolo in sosta;;;;;;;;;;0;0;0;2;;;0;1;Autovettura privata;In marcia / fermata / arresto;Citroen;C 2;Passeggero;1966;F;Illeso;0;;;
3545184;23;08/11/2017 17:00:00;Strada Urbana;VIA ERMANNO WOLF FERRARI;da specificare;;;;in prossimità di Via Franchetti;Scontro frontale/laterale DX fra veicoli in marcia;Rettilineo;Una carreggiata a doppio senso;Asciutto;Asfaltata;Verticale ed orizzontale;Nuvoloso;Intenso;Buona;Sufficiente;0;0;0;4;12,37092;41,75407;0;1;Autovettura privata;In marcia / fermata / arresto;Volkswagen;Golf;Conducente;1986;M;Illeso;0;;Non accertato;Inesploso
3545184;23;08/11/2017 17:00:00;Strada Urbana;VIA ERMANNO WOLF FERRARI;da specificare;;;;in prossimità di Via Franchetti;Scontro frontale/laterale DX fra veicoli in marcia;Rettilineo;Una carreggiata a doppio senso;Asciutto;Asfaltata;Verticale ed orizzontale;Nuvoloso;Intenso;Buona;Sufficiente;0;0;0;4;12,37092;41,75407;0;2;Autovettura privata;In marcia / fermata / arresto;Opel;Astra;Conducente;1967;F;Illeso;0;;Non accertato;Inesploso
3545184;23;08/11/2017 17:00:00;Strada Urbana;VIA ERMANNO WOLF FERRARI;da specificare;;;;in prossimità di Via Franchetti;Scontro frontale/laterale DX fra veicoli in marcia;Rettilineo;Una carreggiata a doppio senso;Asciutto;Asfaltata;Verticale ed orizzontale;Nuvoloso;Intenso;Buona;Sufficiente;0;0;0;4;12,37092;41,75407;0;2;Autovettura privata;In marcia / fermata / arresto;Opel;Astra;Passeggero;1969;M;Illeso;0;;Utilizzato;Inesploso
3545184;23;08/11/2017 17:00:00;Strada Urbana;VIA ERMANNO WOLF FERRARI;da specificare;;;;in prossimità di Via Franchetti;Scontro frontale/laterale DX fra veicoli in marcia;Rettilineo;Una carreggiata a doppio senso;Asciutto;Asfaltata;Verticale ed orizzontale;Nuvoloso;Intenso;Buona;Sufficiente;0;0;0;4;12,37092;41,75407;0;2;Autovettura privata;In marcia / fermata / arresto;Opel;Astra;Passeggero;2004;F;Illeso;0;;Utilizzato;Inesploso
3545188;4;08/11/2017 14:15:00;;VIA GIUSEPPE DE SANTIS;da specificare;;;;fronte civico  n. 33;Veicolo in marcia contro ostacolo fisso;;;;;;;;;;0;0;0;3;;;0;1;Autovettura privata;In marcia / fermata / arresto;Chevrolet;Aveo;Conducente;1975;M;Illeso;0;;;
3545188;4;08/11/2017 14:15:00;;VIA GIUSEPPE DE SANTIS;da specificare;;;;fronte civico  n. 33;Veicolo in marcia contro ostacolo fisso;;;;;;;;;;0;0;0;3;;;0;1;Autovettura privata;In marcia / fermata / arresto;Chevrolet;Aveo;Passeggero;2003;M;Illeso;0;;Non accertato;Inesploso
3545188;4;08/11/2017 14:15:00;;VIA GIUSEPPE DE SANTIS;da specificare;;;;fronte civico  n. 33;Veicolo in marcia contro ostacolo fisso;;;;;;;;;;0;0;0;3;;;0;1;Autovettura privata;In marcia / fermata / arresto;Chevrolet;Aveo;Passeggero;2006;F;Illeso;0;;Non accertato;Inesploso
3545206;4;08/11/2017 18:55:00;;VIA NOMENTANA;all'intersezione con;VIA DIEGO FABBRI;VIA DIEGO FABBRI;;;Scontro frontale/laterale DX fra veicoli in marcia;;;;;;;;;;2;0;0;1;;;0;1;Autovettura privata;In marcia / fermata / arresto;Chevrolet;Aveo;Conducente;1991;F;Illeso;0;;Non accertato;Inesploso