Protocollo;Gruppo;DataOraIncidente;Localizzazione1;STRADA1;Localizzazione2;STRADA2;Strada02;Chilometrica;DaSpecificare;NaturaIncidente;particolaritastrade;TipoStrada;FondoStradale;Pavimentazione;Segnaletica;CondizioneAtmosferica;Traffico;Visibilita;Illuminazione;NUM_FERITI;NUM_RISERVATA;NUM_MORTI;NUM_ILLESI;Longitudine;Latitudine;Confermato;Progressivo;TipoVeicolo;StatoVeicolo;Marca;Modello;TipoPersona;AnnoNascita;Sesso;Tipolesione;Deceduto;DecedutoDopo;CinturaCascoUtilizzato;Airbag;
3546254;11;09/11/2017 19:25:00;Strada Urbana;VIA SETTIMIO SEVERO;da specificare;;;;pross.viale Giustiniano Imperatore;Investimento di pedone;Rettilineo;Una carreggiata a doppio senso;Bagnato (pioggia);Asfaltata;Verticale ed orizzontale;Pioggia in atto;Normale;Buona;Sufficiente;1;0;0;2;12,4816;41,85616;0;1;Autovettura privata;In marcia / fermata / arresto;Nissan;Micra;Conducente;1998;M;Illeso;0;;Non accertato;
3546254;11;09/11/2017 19:25:00;Strada Urbana;VIA SETTIMIO SEVERO;da specificare;;;;pross.viale Giustiniano Imperatore;Investimento di pedone;Rettilineo;Una carreggiata a doppio senso;Bagnato (pioggia);Asfaltata;Verticale ed orizzontale;Pioggia in atto;Normale;Buona;Sufficiente;1;0;0;2;12,4816;41,85616;0;1;Autovettura privata;In marcia / fermata / arresto;Nissan;Micra;Passeggero;1997;F;Illeso;0;;;
3546257;15;09/11/2017 17:30:00;;PONTE DELL'INDUSTRIA;da specificare;;;;prov. Via Ostiense dir. P.zza della Radio;Tamponamento Multiplo;;;;;;;;;;0;0;0;3;12,47152;41,87182;0;1;Autovettura privata;In marcia / fermata / arresto;Fiat;Panda;Conducente;0;M;Illeso;0;;;
3546257;15;09/11/2017 17:30:00;;PONTE DELL'INDUSTRIA;da specificare;;;;prov. Via Ostiense dir. P.zza della Radio;Tamponamento Multiplo;;;;;;;;;;0;0;0;3;12,47152;41,87182;0;2;Motociclo con passeggero;In marcia / fermata / arresto;Kawasaki;650 KLR;Conducente;0;M;Illeso;0;;;
3546257;15;09/11/2017 17:30:00;;PONTE DELL'INDUSTRIA;da specificare;;;;prov. Via Ostiense dir. P.zza della Radio;Tamponamento Multiplo;;;;;;;;;;0;0;0;3;12,47152;41,87182;0;3;Autovettura privata;In marcia / fermata / arresto;Peugeot;205;Conducente;1956;M;Illeso;0;;;
3546258;13;09/11/2017 10:40:00;Strada Urbana;VIA COSTANTINO BESCHI;in corrispondenza;;del civico n.;86;;Scontro laterale fra veicoli in marcia;Rettilineo;Una carreggiata a senso unico di marcia;Asciutto;Asfaltata;Assente;Nuvoloso;Normale;Buona;Ore Diurne;0;0;0;2;12,37034;41,78446;0;1;Autovettura privata;In marcia / fermata / arresto;Fiat;Stilo;Conducente;1966;F;Illeso;0;;Non accertato;Inesploso
3546258;13;09/11/2017 10:40:00;Strada Urbana;VIA COSTANTINO BESCHI;in corrispondenza;;del civico n.;86;;Scontro laterale fra veicoli in marcia;Rettilineo;Una carreggiata a senso unico di marcia;Asciutto;Asfaltata;Assente;Nuvoloso;Normale;Buona;Ore Diurne;0;0;0;2;12,37034;41,78446;0;2;Autovettura privata;In marcia / fermata / arresto;Fiat;Punto;Conducente;1974;M;Illeso;0;;Non accertato;Inesploso
3546260;6;09/11/2017 22:45:00;Strada Urbana;VIALE DELLA VENEZIA GIULIA;all'intersezione semaforizzata con;VIALE DELLA SERENISSIMA;VIALE DELLA SERENISSIMA;;;Scontro frontale fra veicoli in marcia;Intersezione semaforizzata;Una carreggiata a doppio senso;Bagnato (pioggia);Asfaltata;Verticale ed orizzontale;Nuvoloso;Normale;Sufficiente;Sufficiente;0;0;0;3;12,55872;41,89671;0;1;Autovettura privata;In marcia / fermata / arresto;Fiat;Punto;Conducente;1962;M;Illeso;0;;;
3546260;6;09/11/2017 22:45:00;Strada Urbana;VIALE DELLA VENEZIA GIULIA;all'intersezione semaforizzata con;VIALE DELLA SERENISSIMA;VIALE DELLA SERENISSIMA;;;Scontro frontale fra veicoli in marcia;Intersezione semaforizzata;Una carreggiata a doppio senso;Bagnato (pioggia);Asfaltata;Verticale ed orizzontale;Nuvoloso;Normale;Sufficiente;Sufficiente;0;0;0;3;12,55872;41,89671;0;2;Autoambulanza in servizio;In marcia / fermata / arresto;Peugeot;Expert;Conducente;1989;F;Illeso;0;;;
3546260;6;09/11/2017 22:45:00;Strada Urbana;VIALE DELLA VENEZIA GIULIA;all'intersezione semaforizzata con;VIALE DELLA SERENISSIMA;VIALE DELLA SERENISSIMA;;;Scontro frontale fra veicoli in marcia;Intersezione semaforizzata;Una carreggiata a doppio senso;Bagnato (pioggia);Asfaltata;Verticale ed orizzontale;Nuvoloso;Normale;Sufficiente;Sufficiente;0;0;0;3;12,55872;41,89671;0;2;Autoambulanza in servizio;In marcia / fermata / arresto;Peugeot;Expert;Passeggero;1967;M;Illeso;0;;;
3546261;13;09/11/2017 15:40:00;Strada Urbana;VIA OSTIENSE;in corrispondenza;;del civico n.;1713;;Scontro laterale fra veicoli in marcia;Rettilineo;Una carreggiata a doppio senso;Bagnato (pioggia);Asfaltata;Orizzontale;Pioggia in atto;Intenso;Buona;Ore Diurne;0;0;0;2;12,37023;41,78738;-1;1;Autovettura privata;In marcia / fermata / arresto;Ford;Fiesta;Conducente;1941;M;Illeso;0;;Non accertato;Inesploso
3546261;13;09/11/2017 15:40:00;Strada Urbana;VIA OSTIENSE;in corrispondenza;;del civico n.;1713;;Scontro laterale fra veicoli in marcia;Rettilineo;Una carreggiata a doppio senso;Bagnato (pioggia);Asfaltata;Orizzontale;Pioggia in atto;Intenso;Buona;Ore Diurne;0;0;0;2;12,37023;41,78738;-1;2;Autovettura privata;In marcia / fermata / arresto;Peugeot;206;Conducente;1978;M;Illeso;0;;Non accertato;Inesploso
3546265;13;09/11/2017 23:30:00;;VIA VINCENZO VANNUTELLI;in corrispondenza;;del civico n.;12;;Veicolo in marcia contro veicolo fermo;;;;;;;;;;0;0;0;1;12,2812;41,73268;0;1;Autovettura privata;In marcia / fermata / arresto;Citroen;Xsara Picasso;Conducente;1968;M;Illeso;0;;Non accertato;Inesploso
3546266;8;09/11/2017 16:05:00;;VIA CASILINA;all'intersezione con;VIA SICULIANA;VIA SICULIANA;;;Scontro frontale/laterale DX fra veicoli in marcia;;;;;;;;;;1;0;0;1;;;0;1;Autovettura privata;In marcia / fermata / arresto;Ford;Fiesta;Conducente;1987;F;Rifiuta cure immediate;0;NON DECEDUTO;;
3546266;8;09/11/2017 16:05:00;;VIA CASILINA;all'intersezione con;VIA SICULIANA;VIA SICULIANA;;;Scontro frontale/laterale DX fra veicoli in marcia;;;;;;;;;;1;0;0;1;;;0;2;Autovettura privata;In marcia / fermata / arresto;Opel;Meriva;Conducente;1935;M;Illeso;0;;;
3546267;11;09/11/2017 18:30:00;Strada Urbana;VIA GIACOMO BOVE;all'intersezione con;VIA FRANCESCO NEGRI;VIA FRANCESCO NEGRI;;;Investimento di pedone;Incrocio;Una carreggiata a doppio senso;Bagnato (pioggia);Asfaltata;Verticale ed orizzontale;Pioggia in atto;Scarso;Sufficiente;Sufficiente;1;0;0;1;;;0;;;;;;Pedone;1995;F;Rimandato;0;NON DECEDUTO;;
3546267;11;09/11/2017 18:30:00;Strada Urbana;VIA GIACOMO BOVE;all'intersezione con;VIA FRANCESCO NEGRI;VIA FRANCESCO NEGRI;;;Investimento di pedone;Incrocio;Una carreggiata a doppio senso;Bagnato (pioggia);Asfaltata;Verticale ed orizzontale;Pioggia in atto;Scarso;Sufficiente;Sufficiente;1;0;0;1;;;0;1;Autovettura privata;In marcia / fermata / arresto;Fiat;Bravo;Conducente;1983;M;Illeso;0;;Non accertato;
3546268;13;09/11/2017 16:30:00;Strada Urbana;VIA MAR ROSSO;in corrispondenza;;del civico n.;233;;Veicolo in marcia contro veicoli in sosta;Rettilineo;Una carreggiata a doppio senso;Bagnato (pioggia);Asfaltata;Orizzontale;Pioggia in atto;Normale;Buona;Sufficiente;0;0;0;1;12,30106;41,73285;0;1;Autovettura privata;In marcia / fermata / arresto;Ford;Fiesta;Conducente;1946;F;Illeso;0;;Non accertato;Inesploso
3546269;8;09/11/2017 05:45:00;Strada Urbana;VIALE OXFORD;da specificare;;;;alt. ponte cavalcavia Tor Vergata;Scontro laterale fra veicoli in marcia;Curva a visuale libera;Una carreggiata a senso unico di marcia;Bagnato (pioggia);Asfaltata;Verticale ed orizzontale;Pioggia in atto;Normale;Buona;Sufficiente;0;0;0;2;12,62776;41,86039;-1;1;Autovettura privata;In marcia / fermata / arresto;Opel;Corsa;Conducente;1993;M;Illeso;0;;;
3546269;8;09/11/2017 05:45:00;Strada Urbana;VIALE OXFORD;da specificare;;;;alt. ponte cavalcavia Tor Vergata;Scontro laterale fra veicoli in marcia;Curva a visuale libera;Una carreggiata a senso unico di marcia;Bagnato (pioggia);Asfaltata;Verticale ed orizzontale;Pioggia in atto;Normale;Buona;Sufficiente;0;0;0;2;12,62776;41,86039;-1;2;Autovettura privata;In marcia / fermata / arresto;Ford;Fusion;Conducente;1976;M;Illeso;0;;;
3546270;15;09/11/2017 18:50:00;;VIA GIOVANNI VOLPATO;in corrispondenza;;del civico n.;2;;Scontro frontale/laterale SX fra veicoli in marcia;;;;;;;;;;1;0;0;1;12,4671;41,8717;0;1;Autovettura privata;In marcia / fermata / arresto;Skoda;Octavia;Conducente;0;M;Illeso;0;;;
3546270;15;09/11/2017 18:50:00;;VIA GIOVANNI VOLPATO;in corrispondenza;;del civico n.;2;;Scontro frontale/laterale SX fra veicoli in marcia;;;;;;;;;;1;0;0;1;12,4671;41,8717;0;2;Motociclo con passeggero;In marcia / fermata / arresto;Peugeot;125;Conducente;1949;M;Rifiuta cure immediate;0;NON DECEDUTO;Utilizzato;
3546272;8;09/11/2017 09:00:00;Comunale extraurbana;VIA POLENSE;all'intersezione con;VIA LUNANO;VIA LUNANO;;;Veicolo in marcia contro ostacolo accidentale;Incrocio;Una carreggiata a doppio senso;Asciutto;Asfaltata;Verticale;Nuvoloso;Normale;Buona;Ore Diurne;0;0;0;2;;;0;1;Autovettura privata;In marcia / fermata / arresto;Alfa Romeo;147;Conducente;1950;M;Illeso;0;;Non accertato;Inesploso
3546272;8;09/11/2017 09:00:00;Comunale extraurbana;VIA POLENSE;all'intersezione con;VIA LUNANO;VIA LUNANO;;;Veicolo in marcia contro ostacolo accidentale;Incrocio;Una carreggiata a doppio senso;Asciutto;Asfaltata;Verticale;Nuvoloso;Normale;Buona;Ore Diurne;0;0;0;2;;;0;1;Autovettura privata;In marcia / fermata / arresto;Alfa Romeo;147;Passeggero;1950;F;Illeso;0;;Non accertato;Inesploso
3546276;15;09/11/2017 16:20:00;;VICOLO DI PAPA LEONE;all'intersezione con;VIA DELL'IMBRECCIATO;VIA DELL'IMBRECCIATO;;;Tamponamento;;;;;;;;;;3;0;0;1;12,44475;41,84343;0;1;Autovettura privata;In marcia / fermata / arresto;Citroen;C 1;Conducente;0;M;Rifiuta cure immediate;0;NON DECEDUTO;;
3546276;15;09/11/2017 16:20:00;;VICOLO DI PAPA LEONE;all'intersezione con;VIA DELL'IMBRECCIATO;VIA DELL'IMBRECCIATO;;;Tamponamento;;;;;;;;;;3;0;0;1;12,44475;41,84343;0;1;Autovettura privata;In marcia / fermata / arresto;Citroen;C 1;Passeggero;0;F;Rifiuta cure immediate;0;NON DECEDUTO;;
3546276;15;09/11/2017 16:20:00;;VICOLO DI PAPA LEONE;all'intersezione con;VIA DELL'IMBRECCIATO;VIA DELL'IMBRECCIATO;;;Tamponamento;;;;;;;;;;3;0;0;1;12,44475;41,84343;0;2;Autovettura privata;In marcia / fermata / arresto;Renault;Clio;Conducente;0;M;Illeso;0;;;
3546276;15;09/11/2017 16:20:00;;VICOLO DI PAPA LEONE;all'intersezione con;VIA DELL'IMBRECCIATO;VIA DELL'IMBRECCIATO;;;Tamponamento;;;;;;;;;;3;0;0;1;12,44475;41,84343;0;2;Autovettura privata;In marcia / fermata / arresto;Renault;Clio;Passeggero;0;M;Rifiuta cure immediate;0;NON DECEDUTO;;
3546278;8;09/11/2017 15:00:00;Statale entro l'abitato;VIA CASILINA;in prossimità;;del civico n.;1838;;Scontro frontale/laterale SX fra veicoli in marcia;Rettilineo;Una carreggiata a doppio senso;Asciutto;Asfaltata;Verticale ed orizzontale;Nuvoloso;Normale;Buona;Ore Diurne;1;0;0;1;12,68413;41,86269;0;1;Autovettura privata;In marcia / fermata / arresto;Volkswagen;Polo;Conducente;1969;M;Illeso;0;;Non accertato;Inesploso
3546278;8;09/11/2017 15:00:00;Statale entro l'abitato;VIA CASILINA;in prossimità;;del civico n.;1838;;Scontro frontale/laterale SX fra veicoli in marcia;Rettilineo;Una carreggiata a doppio senso;Asciutto;Asfaltata;Verticale ed orizzontale;Nuvoloso;Normale;Buona;Ore Diurne;1;0;0;1;12,68413;41,86269;0;2;Motociclo a solo;In marcia / fermata / arresto;Husquarna;Enduro;Conducente;2001;M;Rimandato;0;NON DECEDUTO;Non accertato;
3546281;8;09/11/2017 23:35:00;Strada Urbana;VIA DELL' OSTERIA DEL FINOCCHIO;in prossimità;;del civico n.;66/C;;Veicolo in marcia contro veicoli in sosta;Rettilineo;Una carreggiata a doppio senso;Bagnato (umidità in atto);Asfaltata;Verticale;Nuvoloso;Scarso;Sufficiente;Sufficiente;1;0;0;0;12,68271;41,86068;0;1;Autovettura privata;In marcia / fermata / arresto;Citroen;C3 Picasso;Conducente;1953;M;Rifiuta cure immediate;0;NON DECEDUTO;Non accertato;Esploso
3546293;5;09/11/2017 11:45:00;;VIA DEI MONTI TIBURTINI;da specificare;;;;fronte civico 428 (direzione Lanciani);Scontro laterale fra veicoli in marcia;;;;;;;;;;1;0;0;0;;;0;2;Motociclo a solo;In marcia / fermata / arresto;keeway;Outlook 150;Conducente;0;M;Rimandato;0;NON DECEDUTO;;
3546297;20;09/11/2017 21:10:00;Strada Urbana;GALLERIA GIOVANNI XXIII;da specificare;;;;pross. rampa immissione Via Trionfale;Veicolo in marcia contro ostacolo accidentale;Galleria illuminata;Una carreggiata a senso unico di marcia;Bagnato (pioggia);Asfaltata;Verticale ed orizzontale;Pioggia in atto;Normale;Sufficiente;Sufficiente;1;0;0;0;;;0;1;Autovettura privata;In marcia / fermata / arresto;Ford;Fiesta;Conducente;1998;F;Rimandato;0;NON DECEDUTO;;
3546305;17;09/11/2017 19:20:00;Strada Urbana;VIA ANDREA DORIA;all'intersezione con;VIA GIORDANO BRUNO;VIA GIORDANO BRUNO;;;Investimento di pedone;Intersezione non regolata/non segnalata;Una carreggiata a doppio senso;Bagnato (pioggia);Asfaltata;Verticale ed orizzontale;Pioggia in atto;Normale;Sufficiente;Sufficiente;1;0;0;1;12,45323;41,91002;0;;;;;;Pedone;1983;F;Rimandato;0;NON DECEDUTO;;
3546305;17;09/11/2017 19:20:00;Strada Urbana;VIA ANDREA DORIA;all'intersezione con;VIA GIORDANO BRUNO;VIA GIORDANO BRUNO;;;Investimento di pedone;Intersezione non regolata/non segnalata;Una carreggiata a doppio senso;Bagnato (pioggia);Asfaltata;Verticale ed orizzontale;Pioggia in atto;Normale;Sufficiente;Sufficiente;1;0;0;1;12,45323;41,91002;0;1;Motociclo a solo;In marcia / fermata / arresto;Kymco;Agility 125;Conducente;1979;M;Illeso;0;;;
3546307;20;09/11/2017 10:00:00;Regionale entro l'abitato;VIA FLAMINIA;in corrispondenza;;del civico n.;857;;Tamponamento Multiplo;Rettilineo;Due carreggiate;Asciutto;Asfaltata;Orizzontale;Sereno;Intenso;Buona;Ore Diurne;2;0;0;5;;;0;1;Autovettura privata;In marcia / fermata / arresto;Opel;AGILA;Conducente;1952;M;Illeso;0;;;
3546307;20;09/11/2017 10:00:00;Regionale entro l'abitato;VIA FLAMINIA;in corrispondenza;;del civico n.;857;;Tamponamento Multiplo;Rettilineo;Due carreggiate;Asciutto;Asfaltata;Orizzontale;Sereno;Intenso;Buona;Ore Diurne;2;0;0;5;;;0;1;Autovettura privata;In marcia / fermata / arresto;Opel;AGILA;Passeggero;1961;F;Illeso;0;;;
3546307;20;09/11/2017 10:00:00;Regionale entro l'abitato;VIA FLAMINIA;in corrispondenza;;del civico n.;857;;Tamponamento Multiplo;Rettilineo;Due carreggiate;Asciutto;Asfaltata;Orizzontale;Sereno;Intenso;Buona;Ore Diurne;2;0;0;5;;;0;2;Autovettura privata;In marcia / fermata / arresto;Fiat;Panda;Conducente;1985;F;Rimandato;0;NON DECEDUTO;Non accertato;
3546307;20;09/11/2017 10:00:00;Regionale entro l'abitato;VIA FLAMINIA;in corrispondenza;;del civico n.;857;;Tamponamento Multiplo;Rettilineo;Due carreggiate;Asciutto;Asfaltata;Orizzontale;Sereno;Intenso;Buona;Ore Diurne;2;0;0;5;;;0;2;Autovettura privata;In marcia / fermata / arresto;Fiat;Panda;Passeggero;1996;M;Illeso;0;;;
3546307;20;09/11/2017 10:00:00;Regionale entro l'abitato;VIA FLAMINIA;in corrispondenza;;del civico n.;857;;Tamponamento Multiplo;Rettilineo;Due carreggiate;Asciutto;Asfaltata;Orizzontale;Sereno;Intenso;Buona;Ore Diurne;2;0;0;5;;;0;2;Autovettura privata;In marcia / fermata / arresto;Fiat;Panda;Passeggero;1997;M;Illeso;0;;;
3546307;20;09/11/2017 10:00:00;Regionale entro l'abitato;VIA FLAMINIA;in corrispondenza;;del civico n.;857;;Tamponamento Multiplo;Rettilineo;Due carreggiate;Asciutto;Asfaltata;Orizzontale;Sereno;Intenso;Buona;Ore Diurne;2;0;0;5;;;0;2;Autovettura privata;In marcia / fermata / arresto;Fiat;Panda;Passeggero;1999;M;Rifiuta cure immediate;0;NON DECEDUTO;;
3546307;20;09/11/2017 10:00:00;Regionale entro l'abitato;VIA FLAMINIA;in corrispondenza;;del civico n.;857;;Tamponamento Multiplo;Rettilineo;Due carreggiate;Asciutto;Asfaltata;Orizzontale;Sereno;Intenso;Buona;Ore Diurne;2;0;0;5;;;0;3;Autovettura privata;In marcia / fermata / arresto;Toyota;Yaris;Conducente;1977;M;Illeso;0;;;
3546316;1;08/11/2017 18:10:00;Strada Urbana;VIA CESARE BATTISTI;in prossimità;;del civico n.;129;;Infortunio per sola frenata improvvisa;Rettilineo;Una carreggiata a doppio senso;Bagnato (pioggia);In cubetti di porfido;Verticale ed orizzontale;Nuvoloso;Intenso;Sufficiente;Sufficiente;1;0;0;0;;;0;1;Motociclo a solo;In marcia / fermata / arresto;Malaguti;(non accertato);Conducente;1964;M;Rimandato;0;NON DECEDUTO;;
3546318;6;10/11/2017 00:10:00;Strada Urbana;VIA AUGUSTO DULCERI;all'intersezione con;VIA ANTONIO TEMPESTA;VIA ANTONIO TEMPESTA;;;Scontro frontale/laterale DX fra veicoli in marcia;Intersezione stradale segnalata;Una carreggiata a doppio senso;Bagnato (pioggia);Asfaltata;Verticale;Nuvoloso;Normale;Sufficiente;Sufficiente;0;0;0;4;12,54045;41,88393;0;1;Autovettura privata;In marcia / fermata / arresto;Nissan;Serena;Conducente;1990;M;Illeso;0;;;
3546318;6;10/11/2017 00:10:00;Strada Urbana;VIA AUGUSTO DULCERI;all'intersezione con;VIA ANTONIO TEMPESTA;VIA ANTONIO TEMPESTA;;;Scontro frontale/laterale DX fra veicoli in marcia;Intersezione stradale segnalata;Una carreggiata a doppio senso;Bagnato (pioggia);Asfaltata;Verticale;Nuvoloso;Normale;Sufficiente;Sufficiente;0;0;0;4;12,54045;41,88393;0;1;Autovettura privata;In marcia / fermata / arresto;Nissan;Serena;Passeggero;1993;F;Illeso;0;;;
3546318;6;10/11/2017 00:10:00;Strada Urbana;VIA AUGUSTO DULCERI;all'intersezione con;VIA ANTONIO TEMPESTA;VIA ANTONIO TEMPESTA;;;Scontro frontale/laterale DX fra veicoli in marcia;Intersezione stradale segnalata;Una carreggiata a doppio senso;Bagnato (pioggia);Asfaltata;Verticale;Nuvoloso;Normale;Sufficiente;Sufficiente;0;0;0;4;12,54045;41,88393;0;1;Autovettura privata;In marcia / fermata / arresto;Nissan;Serena;Passeggero;1995;F;Illeso;0;;;
3546318;6;10/11/2017 00:10:00;Strada Urbana;VIA AUGUSTO DULCERI;all'intersezione con;VIA ANTONIO TEMPESTA;VIA ANTONIO TEMPESTA;;;Scontro frontale/laterale DX fra veicoli in marcia;Intersezione stradale segnalata;Una carreggiata a doppio senso;Bagnato (pioggia);Asfaltata;Verticale;Nuvoloso;Normale;Sufficiente;Sufficiente;0;0;0;4;12,54045;41,88393;0;2;Autovettura privata;In marcia / fermata / arresto;Mercedes;Classe A 150;Conducente;1979;F;Illeso;0;;;
3546330;19;09/11/2017 20:00:00;Strada Urbana;VIA GIUSEPPE ROSSO;all'intersezione con;VIA UGO DE CAROLIS;VIA UGO DE CAROLIS;;;Scontro frontale/laterale SX fra veicoli in marcia;Incrocio;Una carreggiata a doppio senso;Bagnato (pioggia);Asfaltata;Verticale ed orizzontale;Pioggia in atto;Normale;Buona;Sufficiente;1;0;0;1;12,4382;41,91966;0;1;Motociclo a solo;In marcia / fermata / arresto;Yamaha;(ignoto);Conducente;1976;M;Rimandato;0;NON DECEDUTO;Non accertato;
3546330;19;09/11/2017 20:00:00;Strada Urbana;VIA GIUSEPPE ROSSO;all'intersezione con;VIA UGO DE CAROLIS;VIA UGO DE CAROLIS;;;Scontro frontale/laterale SX fra veicoli in marcia;Incrocio;Una carreggiata a doppio senso;Bagnato (pioggia);Asfaltata;Verticale ed orizzontale;Pioggia in atto;Normale;Buona;Sufficiente;1;0;0;1;12,4382;41,91966;0;2;Autovettura privata;In marcia / fermata / arresto;Fiat;Panda;Conducente;1939;F;Illeso;0;;Non accertato;Inesploso
3546350;7;09/11/2017 23:00:00;Strada Urbana;VIA TOR DE' SCHIAVI;all'intersezione con;VIA DEI PLATANI;VIA DEI PLATANI;;;Scontro frontale/laterale SX fra veicoli in marcia;Incrocio;Una carreggiata a doppio senso;Bagnato (pioggia);Asfaltata;Verticale ed orizzontale;Nuvoloso;Scarso;Buona;Sufficiente;1;0;0;2;;;0;1;Autovettura privata;In marcia / fermata / arresto;Citroen;C 3;Conducente;1966;F;Illeso;0;;Non accertato;Inesploso
3546350;7;09/11/2017 23:00:00;Strada Urbana;VIA TOR DE' SCHIAVI;all'intersezione con;VIA DEI PLATANI;VIA DEI PLATANI;;;Scontro frontale/laterale SX fra veicoli in marcia;Incrocio;Una carreggiata a doppio senso;Bagnato (pioggia);Asfaltata;Verticale ed orizzontale;Nuvoloso;Scarso;Buona;Sufficiente;1;0;0;2;;;0;1;Autovettura privata;In marcia / fermata / arresto;Citroen;C 3;Passeggero;1965;F;Illeso;0;;Non accertato;Inesploso
3546350;7;09/11/2017 23:00:00;Strada Urbana;VIA TOR DE' SCHIAVI;all'intersezione con;VIA DEI PLATANI;VIA DEI PLATANI;;;Scontro frontale/laterale SX fra veicoli in marcia;Incrocio;Una carreggiata a doppio senso;Bagnato (pioggia);Asfaltata;Verticale ed orizzontale;Nuvoloso;Scarso;Buona;Sufficiente;1;0;0;2;;;0;2;Autovettura privata;In marcia / fermata / arresto;Fiat;600;Conducente;1981;F;Rimandato;0;NON DECEDUTO;;Esploso
3546360;13;10/11/2017 07:25:00;Strada Urbana;VIALE VEGA;da specificare;;;;civ. 3;Infortunio per caduta del veicolo;Rettilineo;Due carreggiate;Bagnato (pioggia);Asfaltata;Verticale ed orizzontale;Nuvoloso;Normale;Buona;Ore Diurne;1;0;0;1;12,29527;41,72579;0;1;Autobus di linea;In marcia / fermata / arresto; Mercedes ;(non accertato);Conducente;1971;M;Illeso;0;;;
3546360;13;10/11/2017 07:25:00;Strada Urbana;VIALE VEGA;da specificare;;;;civ. 3;Infortunio per caduta del veicolo;Rettilineo;Due carreggiate;Bagnato (pioggia);Asfaltata;Verticale ed orizzontale;Nuvoloso;Normale;Buona;Ore Diurne;1;0;0;1;12,29527;41,72579;0;2;Motociclo a solo;In marcia / fermata / arresto;Honda;@125;Conducente;2000;M;Rimandato;0;NON DECEDUTO;Utilizzato;
3546365;10;10/11/2017 00:30:00;;VIA TUSCOLANA;in prossimità;;del civico n.;716;;Veicolo in marcia contro veicolo fermo;;;;;;;;;;0;0;0;1;;;0;1;Autovettura privata;In marcia / fermata / arresto;Volkswagen;Polo;Conducente;1997;M;Illeso;0;;;
3546366;19;09/11/2017 23:30:00;Strada Urbana;VIALE DI TOR DI QUINTO;in prossimità;;del civico n.;155;;Veicolo in marcia contro ostacolo fisso;Rettilineo;Due carreggiate;Bagnato (umidità in atto);Asfaltata;Orizzontale;Nuvoloso;Scarso;Buona;Sufficiente;0;0;0;1;;;0;1;Autovettura privata;In marcia / fermata / arresto;Opel;Corsa;Conducente;1995;M;Illeso;0;;Non accertato;Inesploso
3546370;9;09/11/2017 20:10:00;;VIA LA SPEZIA;all'intersezione semaforizzata con;VIA MONZA;VIA MONZA;;;Scontro laterale fra veicoli in marcia;;;;;;;;;;1;0;0;1;12,51543;41,88634;0;1;Autovettura privata;In marcia / fermata / arresto;Toyota;Avensis;Conducente;1988;F;Illeso;0;;;
3546370;9;09/11/2017 20:10:00;;VIA LA SPEZIA;all'intersezione semaforizzata con;VIA MONZA;VIA MONZA;;;Scontro laterale fra veicoli in marcia;;;;;;;;;;1;0;0;1;12,51543;41,88634;0;2;Motociclo a solo;In marcia / fermata / arresto;Peugeot;(ignoto);Conducente;1976;M;Rimandato;0;NON DECEDUTO;;
3546371;20;09/11/2017 18:10:00;Provinciale entro l'abitato;VIA CASSIA;da specificare;;;;pross. palo Acea nr. 275;Investimento di pedone;Rettilineo;Una carreggiata a doppio senso;Bagnato (pioggia);Asfaltata;Orizzontale;Pioggia in atto;Normale;Sufficiente;Insufficiente;2;0;0;0;;;0;;;;;;Pedone;1997;F;Ricoverato;0;NON DECEDUTO;;
3546371;20;09/11/2017 18:10:00;Provinciale entro l'abitato;VIA CASSIA;da specificare;;;;pross. palo Acea nr. 275;Investimento di pedone;Rettilineo;Una carreggiata a doppio senso;Bagnato (pioggia);Asfaltata;Orizzontale;Pioggia in atto;Normale;Sufficiente;Insufficiente;2;0;0;0;;;0;1;Motociclo a solo;In marcia / fermata / arresto;Kymco;Like;Conducente;1967;M;Rimandato;0;NON DECEDUTO;;
3546376;5;09/11/2017 20:30:00;;VIA TIBURTINA;all'intersezione con;VIA BENIAMINO DE RITIS;VIA BENIAMINO DE RITIS;;;Investimento di pedone;;;;;;;;;;0;0;0;1;12,53816;41,90856;0;;;;;;Pedone;0;M;Illeso;0;;;
3546389;9;09/11/2017 20:45:00;;VIA TUSCOLANA;all'intersezione semaforizzata con;VIA DI PORTA FURBA;VIA DI PORTA FURBA;;;Scontro frontale/laterale DX fra veicoli in marcia;;;;;;;;;;0;0;0;3;12,57891;41,84636;0;1;Autovettura privata;In marcia / fermata / arresto;Hyundai;i20;Conducente;1981;M;Illeso;0;;;
3546389;9;09/11/2017 20:45:00;;VIA TUSCOLANA;all'intersezione semaforizzata con;VIA DI PORTA FURBA;VIA DI PORTA FURBA;;;Scontro frontale/laterale DX fra veicoli in marcia;;;;;;;;;;0;0;0;3;12,57891;41,84636;0;2;Autovettura privata;In marcia / fermata / arresto;Subaru;Forester;Conducente;1963;M;Illeso;0;;;
3546389;9;09/11/2017 20:45:00;;VIA TUSCOLANA;all'intersezione semaforizzata con;VIA DI PORTA FURBA;VIA DI PORTA FURBA;;;Scontro frontale/laterale DX fra veicoli in marcia;;;;;;;;;;0;0;0;3;12,57891;41,84636;0;3;Autovettura privata;In marcia / fermata / arresto;Renault;Clio;Conducente;1982;M;Illeso;0;;;