Protocollo;Gruppo;DataOraIncidente;Localizzazione1;STRADA1;Localizzazione2;STRADA2;Strada02;Chilometrica;DaSpecificare;NaturaIncidente;particolaritastrade;TipoStrada;FondoStradale;Pavimentazione;Segnaletica;CondizioneAtmosferica;Traffico;Visibilita;Illuminazione;NUM_FERITI;NUM_RISERVATA;NUM_MORTI;NUM_ILLESI;Longitudine;Latitudine;Confermato;Progressivo;TipoVeicolo;StatoVeicolo;Marca;Modello;TipoPersona;AnnoNascita;Sesso;Tipolesione;Deceduto;DecedutoDopo;CinturaCascoUtilizzato;Airbag;
3546391;4;09/11/2017 15:10:00;;VIA DELLE ISOLE CURZOLANE;all'intersezione semaforizzata con;VIA CAPRAIA;VIA CAPRAIA;;;Tamponamento;;;;;;;;;;1;0;0;1;;;0;1;Autovettura privata;In marcia / fermata / arresto;Fiat;Multipla;Conducente;1979;F;Rimandato;0;NON DECEDUTO;;
3546391;4;09/11/2017 15:10:00;;VIA DELLE ISOLE CURZOLANE;all'intersezione semaforizzata con;VIA CAPRAIA;VIA CAPRAIA;;;Tamponamento;;;;;;;;;;1;0;0;1;;;0;2;Autovettura privata;In marcia / fermata / arresto;Toyota;Yaris;Conducente;1964;F;Illeso;0;;;
3546395;1;09/11/2017 09:40:00;Strada Urbana;VIA DEL TEATRO DI MARCELLO;in corrispondenza;;del civico n.;24;;Scontro laterale fra veicoli in marcia;Rettilineo;Una carreggiata a doppio senso;Asciutto;In cubetti di porfido;Orizzontale;Sereno;Normale;Buona;Ore Diurne;1;0;0;1;;;0;1;Autovettura pubblica;In marcia / fermata / arresto;Ford;Focus;Conducente;1966;M;Illeso;0;;Non accertato;Inesploso
3546395;1;09/11/2017 09:40:00;Strada Urbana;VIA DEL TEATRO DI MARCELLO;in corrispondenza;;del civico n.;24;;Scontro laterale fra veicoli in marcia;Rettilineo;Una carreggiata a doppio senso;Asciutto;In cubetti di porfido;Orizzontale;Sereno;Normale;Buona;Ore Diurne;1;0;0;1;;;0;2;Motociclo a solo;In marcia / fermata / arresto;Piaggio;Beverly;Conducente;1980;M;Rimandato;0;NON DECEDUTO;;
3546399;20;09/11/2017 12:00:00;Strada Urbana;SALITA DEL CREMATORIO;da specificare;;;;pross. ingresso Tiberina;Veicolo in marcia contro ostacolo accidentale;Curva a visuale libera;Due carreggiate;Asciutto;Asfaltata;Verticale ed orizzontale;Sereno;Scarso;Buona;Ore Diurne;0;0;0;2;12,49662;42,02017;-1;1;Autovettura privata;In marcia / fermata / arresto;Honda;Jazz;Conducente;1945;M;Illeso;0;;;
3546399;20;09/11/2017 12:00:00;Strada Urbana;SALITA DEL CREMATORIO;da specificare;;;;pross. ingresso Tiberina;Veicolo in marcia contro ostacolo accidentale;Curva a visuale libera;Due carreggiate;Asciutto;Asfaltata;Verticale ed orizzontale;Sereno;Scarso;Buona;Ore Diurne;0;0;0;2;12,49662;42,02017;-1;1;Autovettura privata;In marcia / fermata / arresto;Honda;Jazz;Passeggero;1946;F;Illeso;0;;;
3546403;18;09/11/2017 23:15:00;Strada Urbana;VIALE VATICANO;in corrispondenza;;del civico n.;66;;Veicolo in marcia contro ostacolo fisso;Curva senza visuale libera;Una carreggiata a doppio senso;Bagnato (pioggia);Asfaltata;Verticale ed orizzontale;Pioggia in atto;Scarso;Sufficiente;Sufficiente;0;0;0;2;12,44888;41,90509;0;1;Autocarro inferiore 35 q.;In marcia / fermata / arresto;Fiat;Ducato;Conducente;1979;M;Illeso;0;;;
3546403;18;09/11/2017 23:15:00;Strada Urbana;VIALE VATICANO;in corrispondenza;;del civico n.;66;;Veicolo in marcia contro ostacolo fisso;Curva senza visuale libera;Una carreggiata a doppio senso;Bagnato (pioggia);Asfaltata;Verticale ed orizzontale;Pioggia in atto;Scarso;Sufficiente;Sufficiente;0;0;0;2;12,44888;41,90509;0;1;Autocarro inferiore 35 q.;In marcia / fermata / arresto;Fiat;Ducato;Passeggero;1983;M;Illeso;0;;;
3546412;20;09/11/2017 18:20:00;Strada Urbana;VIA FORNACE VIGNOLO;da specificare;;;;pross. Via Flaminia;Scontro frontale fra veicoli in marcia;Curva a visuale libera;Una carreggiata a doppio senso;Bagnato (pioggia);Asfaltata;Orizzontale;Pioggia in atto;Normale;Sufficiente;Sufficiente;0;0;0;2;12,49914;41,98925;-1;1;Autovettura privata;In marcia / fermata / arresto;Fiat;Punto;Conducente;1986;M;Illeso;0;;;
3546412;20;09/11/2017 18:20:00;Strada Urbana;VIA FORNACE VIGNOLO;da specificare;;;;pross. Via Flaminia;Scontro frontale fra veicoli in marcia;Curva a visuale libera;Una carreggiata a doppio senso;Bagnato (pioggia);Asfaltata;Orizzontale;Pioggia in atto;Normale;Sufficiente;Sufficiente;0;0;0;2;12,49914;41,98925;-1;2;Autovettura privata;In marcia / fermata / arresto;Peugeot;206;Conducente;1977;M;Illeso;0;;;
3546424;7;09/11/2017 20:15:00;;PIAZZA DELLE CAMELIE;all'intersezione con;VIA TOR DE' SCHIAVI;VIA TOR DE' SCHIAVI;;;Scontro frontale/laterale SX fra veicoli in marcia;;;;;;;;;;1;0;0;3;;;0;1;Autovettura privata;In marcia / fermata / arresto;Peugeot;307SW;Conducente;1965;F;Illeso;0;;Non accertato;Inesploso
3546424;7;09/11/2017 20:15:00;;PIAZZA DELLE CAMELIE;all'intersezione con;VIA TOR DE' SCHIAVI;VIA TOR DE' SCHIAVI;;;Scontro frontale/laterale SX fra veicoli in marcia;;;;;;;;;;1;0;0;3;;;0;1;Autovettura privata;In marcia / fermata / arresto;Peugeot;307SW;Passeggero;1950;M;Illeso;0;;Non accertato;Inesploso
3546424;7;09/11/2017 20:15:00;;PIAZZA DELLE CAMELIE;all'intersezione con;VIA TOR DE' SCHIAVI;VIA TOR DE' SCHIAVI;;;Scontro frontale/laterale SX fra veicoli in marcia;;;;;;;;;;1;0;0;3;;;0;2;Autovettura privata;In marcia / fermata / arresto;Volkswagen;Polo;Conducente;1985;M;Illeso;0;;Non accertato;Inesploso
3546424;7;09/11/2017 20:15:00;;PIAZZA DELLE CAMELIE;all'intersezione con;VIA TOR DE' SCHIAVI;VIA TOR DE' SCHIAVI;;;Scontro frontale/laterale SX fra veicoli in marcia;;;;;;;;;;1;0;0;3;;;0;2;Autovettura privata;In marcia / fermata / arresto;Volkswagen;Polo;Passeggero;1990;M;Rimandato;0;NON DECEDUTO;Non accertato;Inesploso
3546425;7;09/11/2017 17:30:00;Strada Urbana;VIALE ALESSANDRINO;in prossimità;;del civico n.;592;;Veicolo in marcia contro ostacolo accidentale;Rettilineo;Una carreggiata a doppio senso;Bagnato (pioggia);Asfaltata;Assente;Pioggia in atto;Normale;Buona;Sufficiente;0;0;0;1;12,5773;41,88229;-1;1;Autovettura privata;In marcia / fermata / arresto;Hyundai;Tucson;Conducente;1955;M;Illeso;0;;Non accertato;Inesploso
3546433;1;09/11/2017 10:15:00;Strada Urbana;VIA MERULANA;in corrispondenza;;del civico n.;2;;Veicolo in marcia contro ostacolo accidentale;Rettilineo;Una carreggiata a doppio senso;Asciutto;Asfaltata;Assente;Nuvoloso;Normale;Buona;Ore Diurne;0;0;0;1;;;0;1;Motociclo a solo;In marcia / fermata / arresto;Honda;SH 300;Conducente;1950;M;Illeso;0;;;
3546440;17;09/11/2017 22:30:00;Strada Urbana;PONTE SUBLICIO;all'intersezione semaforizzata con;LUNGOTEVERE TESTACCIO;LUNGOTEVERE TESTACCIO;;;Scontro frontale/laterale SX fra veicoli in marcia;Intersezione semaforizzata;Una carreggiata a senso unico di marcia;Bagnato (pioggia);Asfaltata;Verticale ed orizzontale;Pioggia in atto;Normale;Sufficiente;Sufficiente;1;0;0;1;12,47564;41,88279;0;1;Autovettura privata;In marcia / fermata / arresto;Mercedes;Smart Fortwo Coupè;Conducente;1993;M;Rifiuta cure immediate;0;NON DECEDUTO;;
3546440;17;09/11/2017 22:30:00;Strada Urbana;PONTE SUBLICIO;all'intersezione semaforizzata con;LUNGOTEVERE TESTACCIO;LUNGOTEVERE TESTACCIO;;;Scontro frontale/laterale SX fra veicoli in marcia;Intersezione semaforizzata;Una carreggiata a senso unico di marcia;Bagnato (pioggia);Asfaltata;Verticale ed orizzontale;Pioggia in atto;Normale;Sufficiente;Sufficiente;1;0;0;1;12,47564;41,88279;0;2;Autovettura privata;In marcia / fermata / arresto;Volkswagen;Golf;Conducente;1983;M;Illeso;0;;;
3546447;12;09/11/2017 12:00:00;Strada Urbana;VIA DELLA SETA;da specificare;;;;Piazza Cina prossimità civ. 1;Tamponamento;Rettilineo;Una carreggiata a senso unico di marcia;Asciutto;Asfaltata;Verticale ed orizzontale;Sereno;Normale;Buona;Ore Diurne;1;0;0;2;;;0;1;Autovettura privata;In marcia / fermata / arresto;Mercedes;Smart Fortwo Coupè;Conducente;1990;F;Rimandato;0;NON DECEDUTO;;Inesploso
3546447;12;09/11/2017 12:00:00;Strada Urbana;VIA DELLA SETA;da specificare;;;;Piazza Cina prossimità civ. 1;Tamponamento;Rettilineo;Una carreggiata a senso unico di marcia;Asciutto;Asfaltata;Verticale ed orizzontale;Sereno;Normale;Buona;Ore Diurne;1;0;0;2;;;0;1;Autovettura privata;In marcia / fermata / arresto;Mercedes;Smart Fortwo Coupè;Passeggero;1992;F;Illeso;0;;;Inesploso
3546447;12;09/11/2017 12:00:00;Strada Urbana;VIA DELLA SETA;da specificare;;;;Piazza Cina prossimità civ. 1;Tamponamento;Rettilineo;Una carreggiata a senso unico di marcia;Asciutto;Asfaltata;Verticale ed orizzontale;Sereno;Normale;Buona;Ore Diurne;1;0;0;2;;;0;2;Autovettura privata;In marcia / fermata / arresto;Fiat;Seicento;Conducente;1931;F;Illeso;0;;;Esploso
3546451;20;10/11/2017 08:00:00;Regionale;VIA FLAMINIA;in prossimità;;della chilometrica;21.7;;Fuoriuscita dalla sede stradale;Curva a visuale libera;Una carreggiata a doppio senso;Bagnato (pioggia);Asfaltata;Verticale ed orizzontale;Nuvoloso;Scarso;Buona;Ore Diurne;0;0;0;1;;;0;1;Autovettura privata;In marcia / fermata / arresto;Fiat;Panda;Conducente;1979;M;Illeso;0;;Non accertato;Inesploso
3546456;6;10/11/2017 07:00:00;Strada Urbana;VIA DI TOR PIGNATTARA;in prossimità;;del civico n.;117b;;Scontro frontale/laterale SX fra veicoli in marcia;Rettilineo;Una carreggiata a doppio senso;Asciutto;Asfaltata;Orizzontale;Nuvoloso;Normale;Buona;Ore Diurne;1;0;0;1;12,54176;41,87723;0;1;Motociclo a solo;In marcia / fermata / arresto;Suzuki;GSR;Conducente;1966;M;Rimandato;0;NON DECEDUTO;;
3546456;6;10/11/2017 07:00:00;Strada Urbana;VIA DI TOR PIGNATTARA;in prossimità;;del civico n.;117b;;Scontro frontale/laterale SX fra veicoli in marcia;Rettilineo;Una carreggiata a doppio senso;Asciutto;Asfaltata;Orizzontale;Nuvoloso;Normale;Buona;Ore Diurne;1;0;0;1;12,54176;41,87723;0;2;Autovettura privata;In marcia / fermata / arresto;Fiat;Panda;Conducente;1956;F;Illeso;0;;Non accertato;Inesploso
3546487;1;09/11/2017 12:15:00;Strada Urbana;VIA NAZIONALE;all'intersezione semaforizzata con;VIA QUATTRO NOVEMBRE;VIA QUATTRO NOVEMBRE;;;Scontro frontale/laterale DX fra veicoli in marcia;Intersezione semaforizzata;Una carreggiata a doppio senso;Asciutto;In cubetti di porfido;Verticale ed orizzontale;Nuvoloso;Normale;Buona;Ore Diurne;1;0;0;2;;;0;1;Autovettura di polizia;In marcia / fermata / arresto;Alfa Romeo;Giulietta;Conducente;1977;M;Illeso;0;;;
3546487;1;09/11/2017 12:15:00;Strada Urbana;VIA NAZIONALE;all'intersezione semaforizzata con;VIA QUATTRO NOVEMBRE;VIA QUATTRO NOVEMBRE;;;Scontro frontale/laterale DX fra veicoli in marcia;Intersezione semaforizzata;Una carreggiata a doppio senso;Asciutto;In cubetti di porfido;Verticale ed orizzontale;Nuvoloso;Normale;Buona;Ore Diurne;1;0;0;2;;;0;1;Autovettura di polizia;In marcia / fermata / arresto;Alfa Romeo;Giulietta;Passeggero;1965;M;Illeso;0;;;
3546487;1;09/11/2017 12:15:00;Strada Urbana;VIA NAZIONALE;all'intersezione semaforizzata con;VIA QUATTRO NOVEMBRE;VIA QUATTRO NOVEMBRE;;;Scontro frontale/laterale DX fra veicoli in marcia;Intersezione semaforizzata;Una carreggiata a doppio senso;Asciutto;In cubetti di porfido;Verticale ed orizzontale;Nuvoloso;Normale;Buona;Ore Diurne;1;0;0;2;;;0;2;Motociclo a solo;In marcia / fermata / arresto;Triumph;(non accertato);Conducente;1983;M;Rifiuta cure immediate;0;NON DECEDUTO;;
3546489;4;09/11/2017 12:00:00;;PIAZZA GIUSEPPE PRIMOLI;all'intersezione con;VIA UGO OJETTI;VIA UGO OJETTI;;;Scontro laterale fra veicoli in marcia;;;;;;;;;;0;0;0;3;;;0;1;Autovettura privata;In marcia / fermata / arresto;Toyota;Rav 4;Conducente;1955;M;Illeso;0;;;
3546489;4;09/11/2017 12:00:00;;PIAZZA GIUSEPPE PRIMOLI;all'intersezione con;VIA UGO OJETTI;VIA UGO OJETTI;;;Scontro laterale fra veicoli in marcia;;;;;;;;;;0;0;0;3;;;0;1;Autovettura privata;In marcia / fermata / arresto;Toyota;Rav 4;Passeggero;0;M;Illeso;0;;;
3546489;4;09/11/2017 12:00:00;;PIAZZA GIUSEPPE PRIMOLI;all'intersezione con;VIA UGO OJETTI;VIA UGO OJETTI;;;Scontro laterale fra veicoli in marcia;;;;;;;;;;0;0;0;3;;;0;2;Autovettura privata;In marcia / fermata / arresto;Ford;Fiesta;Conducente;1978;M;Illeso;0;;;
3546505;9;10/11/2017 08:17:00;Strada Urbana;VIA FRASCATI;all'intersezione con;VIA ANZIO;VIA ANZIO;;;Scontro laterale fra veicoli in marcia;Incrocio;Una carreggiata a senso unico di marcia;Asciutto;Asfaltata;Verticale ed orizzontale;Nuvoloso;Normale;Buona;Ore Diurne;0;0;0;3;;;0;1;Autovettura privata;In marcia / fermata / arresto;Alfa Romeo;MITO;Conducente;1990;F;Illeso;0;;;
3546505;9;10/11/2017 08:17:00;Strada Urbana;VIA FRASCATI;all'intersezione con;VIA ANZIO;VIA ANZIO;;;Scontro laterale fra veicoli in marcia;Incrocio;Una carreggiata a senso unico di marcia;Asciutto;Asfaltata;Verticale ed orizzontale;Nuvoloso;Normale;Buona;Ore Diurne;0;0;0;3;;;0;2;Motociclo con passeggero;In marcia / fermata / arresto;Kymco;xciting;Conducente;1963;M;Illeso;0;;;
3546505;9;10/11/2017 08:17:00;Strada Urbana;VIA FRASCATI;all'intersezione con;VIA ANZIO;VIA ANZIO;;;Scontro laterale fra veicoli in marcia;Incrocio;Una carreggiata a senso unico di marcia;Asciutto;Asfaltata;Verticale ed orizzontale;Nuvoloso;Normale;Buona;Ore Diurne;0;0;0;3;;;0;2;Motociclo con passeggero;In marcia / fermata / arresto;Kymco;xciting;Passeggero;2001;F;Illeso;0;;;
3546520;4;09/11/2017 14:10:00;;VIA NOMENTANA;all'intersezione con;VIA ETTORE ROMAGNOLI;VIA ETTORE ROMAGNOLI;;;Scontro frontale/laterale DX fra veicoli in marcia;;;;;;;;;;1;0;0;1;;;0;1;Autovettura privata;In marcia / fermata / arresto;Renault;Clio;Conducente;1957;M;Illeso;0;;;
3546520;4;09/11/2017 14:10:00;;VIA NOMENTANA;all'intersezione con;VIA ETTORE ROMAGNOLI;VIA ETTORE ROMAGNOLI;;;Scontro frontale/laterale DX fra veicoli in marcia;;;;;;;;;;1;0;0;1;;;0;2;Motociclo a solo;In marcia / fermata / arresto;Honda;SH 125;Conducente;1970;M;Rifiuta cure immediate;0;NON DECEDUTO;;
3546521;12;09/11/2017 14:40:00;Strada Urbana;VIALE BARTOLOMEO CAVACEPPI;all'intersezione con;PIAZZA ENRICO MARTINI;PIAZZA ENRICO MARTINI;;;Scontro frontale/laterale SX fra veicoli in marcia;Incrocio;Due carreggiate;Bagnato (pioggia);Asfaltata;Verticale ed orizzontale;Pioggia in atto;Normale;Buona;Ore Diurne;1;0;0;1;12,43127;41,7967;-1;1;Autovettura privata;In marcia / fermata / arresto;Mazda;CX 7;Conducente;1981;M;Rimandato;0;NON DECEDUTO;Utilizzato;Esploso
3546521;12;09/11/2017 14:40:00;Strada Urbana;VIALE BARTOLOMEO CAVACEPPI;all'intersezione con;PIAZZA ENRICO MARTINI;PIAZZA ENRICO MARTINI;;;Scontro frontale/laterale SX fra veicoli in marcia;Incrocio;Due carreggiate;Bagnato (pioggia);Asfaltata;Verticale ed orizzontale;Pioggia in atto;Normale;Buona;Ore Diurne;1;0;0;1;12,43127;41,7967;-1;2;Autocarro inferiore 35 q.;In marcia / fermata / arresto;Fiat;Ducato;Conducente;1972;M;Illeso;0;;;Inesploso
3546544;1;09/11/2017 17:05:00;Strada Urbana;VIA MARMORATA;in prossimità;;del palo luce n.;9;;Tamponamento;Rettilineo;Due carreggiate;Bagnato (pioggia);Asfaltata;Verticale ed orizzontale;Pioggia in atto;Intenso;Sufficiente;Sufficiente;0;0;0;3;;;0;1;Autovettura di polizia;In marcia / fermata / arresto;Land Rover;Defender;Conducente;1979;M;Illeso;0;;;
3546544;1;09/11/2017 17:05:00;Strada Urbana;VIA MARMORATA;in prossimità;;del palo luce n.;9;;Tamponamento;Rettilineo;Due carreggiate;Bagnato (pioggia);Asfaltata;Verticale ed orizzontale;Pioggia in atto;Intenso;Sufficiente;Sufficiente;0;0;0;3;;;0;1;Autovettura di polizia;In marcia / fermata / arresto;Land Rover;Defender;Passeggero;1991;M;Illeso;0;;;
3546544;1;09/11/2017 17:05:00;Strada Urbana;VIA MARMORATA;in prossimità;;del palo luce n.;9;;Tamponamento;Rettilineo;Due carreggiate;Bagnato (pioggia);Asfaltata;Verticale ed orizzontale;Pioggia in atto;Intenso;Sufficiente;Sufficiente;0;0;0;3;;;0;2;Autovettura privata;In marcia / fermata / arresto;Fiat;Punto;Conducente;1967;F;Illeso;0;;;
3546555;4;09/11/2017 07:20:00;;VIA DEI PRATI FISCALI;da specificare;;;;fronte Via Val di Sangro;Scontro laterale fra veicoli in marcia;;;;;;;;;;0;0;0;2;;;0;1;Autovettura privata;In marcia / fermata / arresto;Volkswagen;Passat;Conducente;1973;M;Illeso;0;;;
3546555;4;09/11/2017 07:20:00;;VIA DEI PRATI FISCALI;da specificare;;;;fronte Via Val di Sangro;Scontro laterale fra veicoli in marcia;;;;;;;;;;0;0;0;2;;;0;2;Autovettura privata;In marcia / fermata / arresto;Lancia;Ypsilon;Conducente;1963;M;Illeso;0;;;
3546562;10;10/11/2017 00:10:00;Strada Urbana;VIALE SPARTACO;in corrispondenza;;del civico n.;57;;Veicolo in marcia contro veicoli in sosta;Rettilineo;Due carreggiate;Bagnato (pioggia);Asfaltata;Assente;Nuvoloso;Scarso;Buona;Sufficiente;0;0;0;1;;;0;1;Autovettura privata;In marcia / fermata / arresto;Toyota;Yaris Verso;Conducente;1991;M;Illeso;0;;Non accertato;Inesploso
3546577;1;09/11/2017 17:05:00;Strada Urbana;PONTE REGINA MARGHERITA;da specificare;;;;CIRCA A META';Tamponamento;Rettilineo;Una carreggiata a doppio senso;Bagnato (pioggia);Asfaltata;Verticale ed orizzontale;Pioggia in atto;Intenso;Buona;Sufficiente;0;0;0;2;;;0;1;Autovettura privata;In marcia / fermata / arresto;Alfa Romeo;Giulietta;Conducente;1995;M;Illeso;0;;;
3546577;1;09/11/2017 17:05:00;Strada Urbana;PONTE REGINA MARGHERITA;da specificare;;;;CIRCA A META';Tamponamento;Rettilineo;Una carreggiata a doppio senso;Bagnato (pioggia);Asfaltata;Verticale ed orizzontale;Pioggia in atto;Intenso;Buona;Sufficiente;0;0;0;2;;;0;2;Autovettura privata;In marcia / fermata / arresto;Ford;Fiesta;Conducente;1975;F;Illeso;0;;;
3546600;18;10/11/2017 07:50:00;Strada Urbana;CIRCONVALLAZIONE AURELIA;da specificare;;;;PROSSIMITA' PIAZZA DI VILLA CARPEGNA;Scontro laterale fra veicoli in marcia;Rettilineo;Una carreggiata a senso unico di marcia;Bagnato (umidità in atto);Asfaltata;Verticale ed orizzontale;Nuvoloso;Intenso;Buona;Ore Diurne;0;0;0;2;12,42851;41,89706;0;1;Autovettura privata;In marcia / fermata / arresto;Mercedes;A180;Conducente;1979;M;Illeso;0;;;
3546600;18;10/11/2017 07:50:00;Strada Urbana;CIRCONVALLAZIONE AURELIA;da specificare;;;;PROSSIMITA' PIAZZA DI VILLA CARPEGNA;Scontro laterale fra veicoli in marcia;Rettilineo;Una carreggiata a senso unico di marcia;Bagnato (umidità in atto);Asfaltata;Verticale ed orizzontale;Nuvoloso;Intenso;Buona;Ore Diurne;0;0;0;2;12,42851;41,89706;0;2;Autovettura privata;In marcia / fermata / arresto;Chevrolet;Aveo;Conducente;1967;F;Illeso;0;;;
3546612;12;09/11/2017 20:00:00;Strada Urbana;VIA DEL MARE;in corrispondenza;;della chilometrica;9.5;;Tamponamento;Rettilineo;Una carreggiata a doppio senso;Bagnato (pioggia);Asfaltata;Verticale ed orizzontale;Pioggia in atto;Intenso;Insufficiente;Insufficiente;0;0;0;4;12,46263;41,83975;0;1;Autovettura di polizia;In marcia / fermata / arresto;Seat;Leon;Conducente;1987;M;Illeso;0;;Non accertato;Inesistente
3546612;12;09/11/2017 20:00:00;Strada Urbana;VIA DEL MARE;in corrispondenza;;della chilometrica;9.5;;Tamponamento;Rettilineo;Una carreggiata a doppio senso;Bagnato (pioggia);Asfaltata;Verticale ed orizzontale;Pioggia in atto;Intenso;Insufficiente;Insufficiente;0;0;0;4;12,46263;41,83975;0;1;Autovettura di polizia;In marcia / fermata / arresto;Seat;Leon;Passeggero;1982;M;Illeso;0;;Non accertato;Inesistente
3546612;12;09/11/2017 20:00:00;Strada Urbana;VIA DEL MARE;in corrispondenza;;della chilometrica;9.5;;Tamponamento;Rettilineo;Una carreggiata a doppio senso;Bagnato (pioggia);Asfaltata;Verticale ed orizzontale;Pioggia in atto;Intenso;Insufficiente;Insufficiente;0;0;0;4;12,46263;41,83975;0;2;Autovettura privata;In marcia / fermata / arresto;Fiat;500 L;Conducente;1953;M;Illeso;0;;Non accertato;Inesistente
3546612;12;09/11/2017 20:00:00;Strada Urbana;VIA DEL MARE;in corrispondenza;;della chilometrica;9.5;;Tamponamento;Rettilineo;Una carreggiata a doppio senso;Bagnato (pioggia);Asfaltata;Verticale ed orizzontale;Pioggia in atto;Intenso;Insufficiente;Insufficiente;0;0;0;4;12,46263;41,83975;0;2;Autovettura privata;In marcia / fermata / arresto;Fiat;500 L;Passeggero;2003;F;Illeso;0;;Non accertato;Inesistente
3546623;1;09/11/2017 17:15:00;Strada Urbana;VIALE MARCO POLO;in prossimità;;del palo luce n.;90;;Infortunio per caduta del veicolo;Pendenza;Due carreggiate;Bagnato (pioggia);Asfaltata;Orizzontale;Pioggia in atto;Normale;Buona;Sufficiente;1;0;0;0;;;0;1;Motociclo a solo;In marcia / fermata / arresto;Piaggio;Beverly;Conducente;1974;M;Rimandato;0;NON DECEDUTO;;
3546648;1;09/11/2017 18:00:00;Strada Urbana;PIAZZA DEI CINQUECENTO;in prossimità;;del palo luce n.;24;;Scontro laterale fra veicoli in marcia;Rettilineo;Una carreggiata a doppio senso;Bagnato (pioggia);Asfaltata;Verticale ed orizzontale;Pioggia in atto;Intenso;Sufficiente;Sufficiente;0;0;0;2;;;0;1;Autobus turistico;In marcia / fermata / arresto;Irizar;Scania;Conducente;1969;M;Illeso;0;;;
3546648;1;09/11/2017 18:00:00;Strada Urbana;PIAZZA DEI CINQUECENTO;in prossimità;;del palo luce n.;24;;Scontro laterale fra veicoli in marcia;Rettilineo;Una carreggiata a doppio senso;Bagnato (pioggia);Asfaltata;Verticale ed orizzontale;Pioggia in atto;Intenso;Sufficiente;Sufficiente;0;0;0;2;;;0;2;Autobus di linea;In marcia / fermata / arresto;IRIBUS;491E;Conducente;1968;M;Illeso;0;;;
3546689;1;09/11/2017 21:50:00;Strada Urbana;PIAZZALE OSTIENSE;in prossimità;;del palo luce n.;20;;Scontro laterale fra veicoli in marcia;Rettilineo;Una carreggiata a senso unico di marcia;Bagnato (pioggia);Asfaltata;Verticale ed orizzontale;Pioggia in atto;Normale;Sufficiente;Sufficiente;0;0;0;2;;;0;1;Autovettura privata;In marcia / fermata / arresto;Fiat;Punto;Conducente;1992;F;Illeso;0;;;
3546689;1;09/11/2017 21:50:00;Strada Urbana;PIAZZALE OSTIENSE;in prossimità;;del palo luce n.;20;;Scontro laterale fra veicoli in marcia;Rettilineo;Una carreggiata a senso unico di marcia;Bagnato (pioggia);Asfaltata;Verticale ed orizzontale;Pioggia in atto;Normale;Sufficiente;Sufficiente;0;0;0;2;;;0;2;Autovettura pubblica;In marcia / fermata / arresto;Toyota;Prius Plus;Conducente;1962;M;Illeso;0;;;
3546693;6;10/11/2017 09:10:00;Strada Urbana;VIA DI PORTONACCIO;da specificare;;;;altezza Palo ACEA 131 dir. Tiburtina;Scontro frontale/laterale SX fra veicoli in marcia;Rettilineo;Due carreggiate;Bagnato (pioggia);Asfaltata;Assente;Pioggia in atto;Intenso;Buona;Ore Diurne;1;0;0;2;12,53755;41,89927;0;1;Motociclo a solo;In marcia / fermata / arresto;Piaggio;Beverly;Conducente;1977;M;Rimandato;0;NON DECEDUTO;;
3546693;6;10/11/2017 09:10:00;Strada Urbana;VIA DI PORTONACCIO;da specificare;;;;altezza Palo ACEA 131 dir. Tiburtina;Scontro frontale/laterale SX fra veicoli in marcia;Rettilineo;Due carreggiate;Bagnato (pioggia);Asfaltata;Assente;Pioggia in atto;Intenso;Buona;Ore Diurne;1;0;0;2;12,53755;41,89927;0;2;Autovettura privata;In marcia / fermata / arresto;Opel;Corsa;Conducente;1941;M;Illeso;0;;;
3546693;6;10/11/2017 09:10:00;Strada Urbana;VIA DI PORTONACCIO;da specificare;;;;altezza Palo ACEA 131 dir. Tiburtina;Scontro frontale/laterale SX fra veicoli in marcia;Rettilineo;Due carreggiate;Bagnato (pioggia);Asfaltata;Assente;Pioggia in atto;Intenso;Buona;Ore Diurne;1;0;0;2;12,53755;41,89927;0;2;Autovettura privata;In marcia / fermata / arresto;Opel;Corsa;Passeggero;1945;F;Illeso;0;;;
3546694;2;09/11/2017 17:00:00;;VIA DEL FORO ITALICO;da specificare;;;;svincolo Salaria Centro dir. San Giovanni;Veicolo in marcia contro ostacolo fisso;;;;;;;;;;0;0;0;1;;;0;1;Autovettura privata;In marcia / fermata / arresto;Volkswagen;(ignoto);Conducente;1945;M;Illeso;0;;;
3546696;3;09/11/2017 08:35:00;;VIALE REGINA ELENA;in prossimità;;del civico n.;324;;Scontro laterale fra veicoli in marcia;;;;;;;;;;0;0;0;3;;;0;1;Autovettura privata;In marcia / fermata / arresto;Fiat;Punto;Conducente;0;M;Illeso;0;;;
3546696;3;09/11/2017 08:35:00;;VIALE REGINA ELENA;in prossimità;;del civico n.;324;;Scontro laterale fra veicoli in marcia;;;;;;;;;;0;0;0;3;;;0;2;Autovettura pubblica;In marcia / fermata / arresto;Peugeot;Boxer;Conducente;0;M;Illeso;0;;;
3546696;3;09/11/2017 08:35:00;;VIALE REGINA ELENA;in prossimità;;del civico n.;324;;Scontro laterale fra veicoli in marcia;;;;;;;;;;0;0;0;3;;;0;3;Autovettura privata;In marcia / fermata / arresto;Mercedes;Smart;Conducente;0;M;Illeso;0;;;
3546699;3;09/11/2017 20:45:00;Strada Urbana;VIA UGO OJETTI;in prossimità;;del civico n.;498;;Investimento di pedone;Rettilineo;Due carreggiate;Bagnato (pioggia);Asfaltata;Verticale;Pioggia in atto;Normale;Insufficiente;Insufficiente;1;0;0;2;12,55645;41,94914;0;;;;;;Pedone;1960;F;Rimandato;0;NON DECEDUTO;;