Protocollo;Gruppo;DataOraIncidente;Localizzazione1;STRADA1;Localizzazione2;STRADA2;Strada02;Chilometrica;DaSpecificare;NaturaIncidente;particolaritastrade;TipoStrada;FondoStradale;Pavimentazione;Segnaletica;CondizioneAtmosferica;Traffico;Visibilita;Illuminazione;NUM_FERITI;NUM_RISERVATA;NUM_MORTI;NUM_ILLESI;Longitudine;Latitudine;Confermato;Progressivo;TipoVeicolo;StatoVeicolo;Marca;Modello;TipoPersona;AnnoNascita;Sesso;Tipolesione;Deceduto;DecedutoDopo;CinturaCascoUtilizzato;Airbag;
3547437;9;10/11/2017 16:45:00;Strada Urbana;LARGO VOLUMNIA;da specificare;;;;ALTEZZA VIA ALBANO;Scontro laterale fra veicoli in marcia;Rettilineo;Due carreggiate;Asciutto;Asfaltata;Verticale ed orizzontale;Nuvoloso;Intenso;Buona;Ore Diurne;0;0;0;2;;;0;1;Autocarro superiore 35 q.;In marcia / fermata / arresto;Iveco;Magirus 260 S/E4;Conducente;1959;M;Illeso;0;;Utilizzato;Inesploso
3547437;9;10/11/2017 16:45:00;Strada Urbana;LARGO VOLUMNIA;da specificare;;;;ALTEZZA VIA ALBANO;Scontro laterale fra veicoli in marcia;Rettilineo;Due carreggiate;Asciutto;Asfaltata;Verticale ed orizzontale;Nuvoloso;Intenso;Buona;Ore Diurne;0;0;0;2;;;0;2;Autovettura privata;In marcia / fermata / arresto;Fiat;Panda;Conducente;1958;F;Illeso;0;;Utilizzato;Inesploso
3547490;7;10/11/2017 16:10:00;Strada Urbana;VIA PRENESTINA;in prossimità;;del civico n.;1023;;Scontro frontale/laterale SX fra veicoli in marcia;Rettilineo;Una carreggiata a doppio senso;Asciutto;Asfaltata;Verticale ed orizzontale;Nuvoloso;Normale;Buona;Ore Diurne;0;0;0;4;12,60852;41,89357;0;1;Autovettura privata;In marcia / fermata / arresto;Mercedes;B180;Conducente;1971;M;Illeso;0;;Non accertato;Inesploso
3547490;7;10/11/2017 16:10:00;Strada Urbana;VIA PRENESTINA;in prossimità;;del civico n.;1023;;Scontro frontale/laterale SX fra veicoli in marcia;Rettilineo;Una carreggiata a doppio senso;Asciutto;Asfaltata;Verticale ed orizzontale;Nuvoloso;Normale;Buona;Ore Diurne;0;0;0;4;12,60852;41,89357;0;1;Autovettura privata;In marcia / fermata / arresto;Mercedes;B180;Passeggero;2003;M;Illeso;0;;;Inesploso
3547490;7;10/11/2017 16:10:00;Strada Urbana;VIA PRENESTINA;in prossimità;;del civico n.;1023;;Scontro frontale/laterale SX fra veicoli in marcia;Rettilineo;Una carreggiata a doppio senso;Asciutto;Asfaltata;Verticale ed orizzontale;Nuvoloso;Normale;Buona;Ore Diurne;0;0;0;4;12,60852;41,89357;0;1;Autovettura privata;In marcia / fermata / arresto;Mercedes;B180;Passeggero;2009;M;Illeso;0;;;Inesploso
3547490;7;10/11/2017 16:10:00;Strada Urbana;VIA PRENESTINA;in prossimità;;del civico n.;1023;;Scontro frontale/laterale SX fra veicoli in marcia;Rettilineo;Una carreggiata a doppio senso;Asciutto;Asfaltata;Verticale ed orizzontale;Nuvoloso;Normale;Buona;Ore Diurne;0;0;0;4;12,60852;41,89357;0;2;Autocarro inferiore 35 q.;In marcia / fermata / arresto;Iveco;Magirus;Conducente;1962;M;Illeso;0;;;
3547510;7;10/11/2017 11:30:00;Strada Urbana;VIA TOR DE' SCHIAVI;in prossimità;;del civico n.;76;;Scontro frontale/laterale SX fra veicoli in marcia;Rettilineo;Una carreggiata a doppio senso;Asciutto;Asfaltata;Orizzontale;Sereno;Normale;Buona;Ore Diurne;0;0;0;2;12,56421;41,87791;0;1;Autocarro inferiore 35 q.;In marcia / fermata / arresto;Fiat Iveco;Unic;Conducente;1963;M;Illeso;0;;Non accertato;
3547510;7;10/11/2017 11:30:00;Strada Urbana;VIA TOR DE' SCHIAVI;in prossimità;;del civico n.;76;;Scontro frontale/laterale SX fra veicoli in marcia;Rettilineo;Una carreggiata a doppio senso;Asciutto;Asfaltata;Orizzontale;Sereno;Normale;Buona;Ore Diurne;0;0;0;2;12,56421;41,87791;0;3;Autovettura privata;In marcia / fermata / arresto;Fiat;Doblò;Conducente;1963;M;Illeso;0;;Non accertato;Inesploso
3547512;18;10/11/2017 18:00:00;Statale;VIA AURELIA;in prossimità;;della chilometrica;14.2;;Scontro laterale fra veicoli in marcia;Pendenza;Due carreggiate;Asciutto;Asfaltata;Verticale ed orizzontale;Sereno;Normale;Sufficiente;Sufficiente;1;0;0;2;12,34067;41,88286;-1;1;Autovettura privata;In marcia / fermata / arresto;Fiat;Panda;Conducente;1957;F;Illeso;0;;Non accertato;Inesploso
3547512;18;10/11/2017 18:00:00;Statale;VIA AURELIA;in prossimità;;della chilometrica;14.2;;Scontro laterale fra veicoli in marcia;Pendenza;Due carreggiate;Asciutto;Asfaltata;Verticale ed orizzontale;Sereno;Normale;Sufficiente;Sufficiente;1;0;0;2;12,34067;41,88286;-1;1;Autovettura privata;In marcia / fermata / arresto;Fiat;Panda;Passeggero;2027;F;Illeso;0;;Non accertato;Inesploso
3547512;18;10/11/2017 18:00:00;Statale;VIA AURELIA;in prossimità;;della chilometrica;14.2;;Scontro laterale fra veicoli in marcia;Pendenza;Due carreggiate;Asciutto;Asfaltata;Verticale ed orizzontale;Sereno;Normale;Sufficiente;Sufficiente;1;0;0;2;12,34067;41,88286;-1;2;Velocipede;In marcia / fermata / arresto;Bianchi;(ignoto);Conducente;1987;M;Rifiuta cure immediate;0;NON DECEDUTO;Esente;
3547540;17;10/11/2017 09:20:00;Strada Urbana;VIALE DEI CAVALIERI DI VITTORIO VENETO;in prossimità;;del palo luce n.;6;;Ribaltamento senza urto contro ostacolo fisso;Curva a visuale libera;Due carreggiate;Bagnato (umidità in atto);Asfaltata;Verticale ed orizzontale;Nuvoloso;Scarso;Buona;Ore Diurne;0;0;0;1;;;0;1;Motociclo a solo;In marcia / fermata / arresto;Kimco;X - citing;Conducente;1981;M;Illeso;0;;;
3547547;6;10/11/2017 16:30:00;Strada Urbana;VIA PISONIANO;all'intersezione con;VIALE DELLA STAZIONE PRENESTINA;VIALE DELLA STAZIONE PRENESTINA;;;Scontro frontale/laterale DX fra veicoli in marcia;Incrocio;Due carreggiate;Asciutto;Asfaltata;Verticale;Nuvoloso;Normale;Buona;Ore Diurne;0;0;0;1;12,5462;41,89546;0;2;Autovettura privata;In marcia / fermata / arresto;Volkswagen;Golf;Conducente;1973;M;Illeso;0;;Non accertato;Inesploso
3547563;17;10/11/2017 10:15:00;Strada Urbana;VIA CIRO MENOTTI;in prossimità;;del civico n.;16;;Tamponamento;Rettilineo;Una carreggiata a senso unico di marcia;Asciutto;Asfaltata;Verticale ed orizzontale;Sereno;Scarso;Buona;Ore Diurne;0;0;0;2;;;0;1;Autocarro inferiore 35 q.;In marcia / fermata / arresto;Peugeot;Bipper;Conducente;1989;M;Illeso;0;;;
3547563;17;10/11/2017 10:15:00;Strada Urbana;VIA CIRO MENOTTI;in prossimità;;del civico n.;16;;Tamponamento;Rettilineo;Una carreggiata a senso unico di marcia;Asciutto;Asfaltata;Verticale ed orizzontale;Sereno;Scarso;Buona;Ore Diurne;0;0;0;2;;;0;2;Autovettura privata;In marcia / fermata / arresto;Mercedes;ML 350;Conducente;0;M;Illeso;0;;;
3547580;6;10/11/2017 15:30:00;Strada Urbana;VIA CASILINA;da specificare;;;;altezza Via Capua;Veicolo in marcia contro veicolo in sosta;Rettilineo;Più di due carreggiate;Asciutto;Asfaltata;Verticale ed orizzontale;Nuvoloso;Normale;Buona;Ore Diurne;0;0;0;2;12,54429;41,87934;-1;1;Autocarro inferiore 35 q.;In marcia / fermata / arresto;Fiat;Ducato;Conducente;1971;M;Illeso;0;;;
3547580;6;10/11/2017 15:30:00;Strada Urbana;VIA CASILINA;da specificare;;;;altezza Via Capua;Veicolo in marcia contro veicolo in sosta;Rettilineo;Più di due carreggiate;Asciutto;Asfaltata;Verticale ed orizzontale;Nuvoloso;Normale;Buona;Ore Diurne;0;0;0;2;12,54429;41,87934;-1;2;Autovettura privata;Sosta;Lancia;Y;Passeggero;1966;F;Illeso;0;;;
3547605;18;10/11/2017 12:30:00;Strada Urbana;VIA PAOLO EMILIO SFONDRATI;in prossimità;;del civico n.;139;;Scontro frontale/laterale SX fra veicoli in marcia;Rettilineo;Una carreggiata a doppio senso;Asciutto;Asfaltata;Assente;Nuvoloso;Scarso;Buona;Ore Diurne;0;0;0;1;;;0;1;Autovettura privata;In marcia / fermata / arresto;Ford;Fiesta;Conducente;1938;M;Illeso;0;;;
3547609;18;10/11/2017 14:00:00;Strada Urbana;VIA DI BOCCEA;in corrispondenza;;del civico n.;234;;Investimento di pedone;Rettilineo;Una carreggiata a doppio senso;Asciutto;Asfaltata;Verticale ed orizzontale;Nuvoloso;Intenso;Buona;Ore Diurne;1;0;0;1;;;0;;;;;;Pedone;1959;F;Rimandato;0;NON DECEDUTO;;
3547609;18;10/11/2017 14:00:00;Strada Urbana;VIA DI BOCCEA;in corrispondenza;;del civico n.;234;;Investimento di pedone;Rettilineo;Una carreggiata a doppio senso;Asciutto;Asfaltata;Verticale ed orizzontale;Nuvoloso;Intenso;Buona;Ore Diurne;1;0;0;1;;;0;1;Autovettura privata;In marcia / fermata / arresto;Fiat-Lancia;YPSILON;Conducente;1989;M;Illeso;0;;;
3547642;7;10/11/2017 08:15:00;Strada Urbana;VIA DEI CASTANI;all'intersezione con;VIA DEI GELSI;VIA DEI GELSI;;;Scontro frontale/laterale SX fra veicoli in marcia;Incrocio;Una carreggiata a doppio senso;Asciutto;Asfaltata;Verticale ed orizzontale;Sereno;Normale;Buona;Ore Diurne;0;0;0;3;12,56536;41,88851;0;1;Autovettura privata;In marcia / fermata / arresto;Volvo;540;Conducente;1958;M;Illeso;0;;Non accertato;Inesploso
3547642;7;10/11/2017 08:15:00;Strada Urbana;VIA DEI CASTANI;all'intersezione con;VIA DEI GELSI;VIA DEI GELSI;;;Scontro frontale/laterale SX fra veicoli in marcia;Incrocio;Una carreggiata a doppio senso;Asciutto;Asfaltata;Verticale ed orizzontale;Sereno;Normale;Buona;Ore Diurne;0;0;0;3;12,56536;41,88851;0;2;Motociclo a solo;In marcia / fermata / arresto;BMW;650;Conducente;1975;M;Illeso;0;;Non accertato;
3547642;7;10/11/2017 08:15:00;Strada Urbana;VIA DEI CASTANI;all'intersezione con;VIA DEI GELSI;VIA DEI GELSI;;;Scontro frontale/laterale SX fra veicoli in marcia;Incrocio;Una carreggiata a doppio senso;Asciutto;Asfaltata;Verticale ed orizzontale;Sereno;Normale;Buona;Ore Diurne;0;0;0;3;12,56536;41,88851;0;2;Motociclo a solo;In marcia / fermata / arresto;BMW;650;Passeggero;2008;M;Illeso;0;;Non accertato;
3547839;8;10/11/2017 11:30:00;Strada Urbana;VIALE FRANCESCO CALTAGIRONE;in prossimità;;del civico n.;199;;Scontro laterale fra veicoli in marcia;Curva a visuale libera;Due carreggiate;Asciutto;Asfaltata;Orizzontale;Nuvoloso;Scarso;Buona;Ore Diurne;0;0;0;2;12,65621;41,90806;0;1;Autocarro inferiore 35 q.;In marcia / fermata / arresto;Fiat;Doblò;Conducente;1993;M;Illeso;0;;Non accertato;Inesploso
3547839;8;10/11/2017 11:30:00;Strada Urbana;VIALE FRANCESCO CALTAGIRONE;in prossimità;;del civico n.;199;;Scontro laterale fra veicoli in marcia;Curva a visuale libera;Due carreggiate;Asciutto;Asfaltata;Orizzontale;Nuvoloso;Scarso;Buona;Ore Diurne;0;0;0;2;12,65621;41,90806;0;2;Autocarro inferiore 35 q.;In marcia / fermata / arresto;Fiat;Fiorino;Conducente;1944;M;Illeso;0;;Non accertato;Inesploso
3547861;11;10/11/2017 09:30:00;Strada Urbana;VIA BARTOLOMEO DIAZ;all'intersezione con;VIA FERNANDO COLOMBO;VIA FERNANDO COLOMBO;;;Scontro frontale fra veicoli in marcia;Incrocio;Una carreggiata a doppio senso;Asciutto;Asfaltata;Verticale ed orizzontale;Nuvoloso;Scarso;Buona;Ore Diurne;0;0;0;2;12,49064;41,86946;-1;1;Autovettura privata;In marcia / fermata / arresto;Nissan;Micra;Conducente;1983;F;Illeso;0;;Non accertato;
3547861;11;10/11/2017 09:30:00;Strada Urbana;VIA BARTOLOMEO DIAZ;all'intersezione con;VIA FERNANDO COLOMBO;VIA FERNANDO COLOMBO;;;Scontro frontale fra veicoli in marcia;Incrocio;Una carreggiata a doppio senso;Asciutto;Asfaltata;Verticale ed orizzontale;Nuvoloso;Scarso;Buona;Ore Diurne;0;0;0;2;12,49064;41,86946;-1;2;Autovettura privata;In marcia / fermata / arresto;Opel;Corsa;Conducente;1962;F;Illeso;0;;Non accertato;
3547869;8;10/11/2017 10:30:00;Strada Urbana;VIA DI TOR BELLA MONACA;in corrispondenza;;del civico n.;280;;Tamponamento;Rettilineo;Due carreggiate;Asciutto;Asfaltata;Verticale ed orizzontale;Sereno;Normale;Buona;Ore Diurne;0;0;0;2;12,62037;41,88047;-1;1;Autovettura privata;In marcia / fermata / arresto;Ford;Escort;Conducente;1959;M;Illeso;0;;Non accertato;Inesploso
3547869;8;10/11/2017 10:30:00;Strada Urbana;VIA DI TOR BELLA MONACA;in corrispondenza;;del civico n.;280;;Tamponamento;Rettilineo;Due carreggiate;Asciutto;Asfaltata;Verticale ed orizzontale;Sereno;Normale;Buona;Ore Diurne;0;0;0;2;12,62037;41,88047;-1;2;Autovettura privata;In marcia / fermata / arresto;Suzuki;Gran Vitara;Conducente;1948;M;Illeso;0;;Non accertato;Inesploso
3547870;6;10/11/2017 16:15:00;Strada Urbana;VIA PRENESTINA;in prossimità;;del civico n.;369b;;Veicolo in marcia contro veicolo fermo;Rettilineo;Due carreggiate;Asciutto;Asfaltata;Verticale ed orizzontale;Sereno;Normale;Buona;Ore Diurne;0;0;0;3;;;0;1;Autovettura privata;In marcia / fermata / arresto;Ford;Focus;Conducente;1959;M;Illeso;0;;;
3547870;6;10/11/2017 16:15:00;Strada Urbana;VIA PRENESTINA;in prossimità;;del civico n.;369b;;Veicolo in marcia contro veicolo fermo;Rettilineo;Due carreggiate;Asciutto;Asfaltata;Verticale ed orizzontale;Sereno;Normale;Buona;Ore Diurne;0;0;0;3;;;0;1;Autovettura privata;In marcia / fermata / arresto;Ford;Focus;Passeggero;1983;F;Illeso;0;;;
3547870;6;10/11/2017 16:15:00;Strada Urbana;VIA PRENESTINA;in prossimità;;del civico n.;369b;;Veicolo in marcia contro veicolo fermo;Rettilineo;Due carreggiate;Asciutto;Asfaltata;Verticale ed orizzontale;Sereno;Normale;Buona;Ore Diurne;0;0;0;3;;;0;1;Autovettura privata;In marcia / fermata / arresto;Ford;Focus;Passeggero;2014;M;Illeso;0;;;
3547878;11;10/11/2017 13:10:00;Strada Urbana;PIAZZA DEI NAVIGATORI;in corrispondenza;;del palo luce n.;17;;Scontro laterale fra veicoli in marcia;Rettilineo;Due carreggiate;Asciutto;Asfaltata;Verticale ed orizzontale;Nuvoloso;Normale;Buona;Ore Diurne;0;0;0;3;;;0;1;Autovettura privata;In marcia / fermata / arresto;Opel;AGILA;Conducente;1955;F;Illeso;0;;Non accertato;Inesploso
3547878;11;10/11/2017 13:10:00;Strada Urbana;PIAZZA DEI NAVIGATORI;in corrispondenza;;del palo luce n.;17;;Scontro laterale fra veicoli in marcia;Rettilineo;Due carreggiate;Asciutto;Asfaltata;Verticale ed orizzontale;Nuvoloso;Normale;Buona;Ore Diurne;0;0;0;3;;;0;1;Autovettura privata;In marcia / fermata / arresto;Opel;AGILA;Passeggero;1985;F;Illeso;0;;Non accertato;
3547878;11;10/11/2017 13:10:00;Strada Urbana;PIAZZA DEI NAVIGATORI;in corrispondenza;;del palo luce n.;17;;Scontro laterale fra veicoli in marcia;Rettilineo;Due carreggiate;Asciutto;Asfaltata;Verticale ed orizzontale;Nuvoloso;Normale;Buona;Ore Diurne;0;0;0;3;;;0;2;Autocarro inferiore 35 q.;In marcia / fermata / arresto; Mercedes ;(ignoto);Conducente;1981;M;Illeso;0;;Non accertato;Inesploso
3547882;11;10/11/2017 18:15:00;Strada Urbana;VIALE GUGLIELMO MARCONI;in corrispondenza;;del civico n.;455;;Tamponamento;Rettilineo;Due carreggiate;Asciutto;Asfaltata;Verticale ed orizzontale;Sereno;Intenso;Buona;Sufficiente;0;0;0;3;12,47207;41,85571;0;1;Autovettura privata;In marcia / fermata / arresto;Nissan;Note;Conducente;1969;M;Illeso;0;;;
3547882;11;10/11/2017 18:15:00;Strada Urbana;VIALE GUGLIELMO MARCONI;in corrispondenza;;del civico n.;455;;Tamponamento;Rettilineo;Due carreggiate;Asciutto;Asfaltata;Verticale ed orizzontale;Sereno;Intenso;Buona;Sufficiente;0;0;0;3;12,47207;41,85571;0;2;Autovettura privata;In marcia / fermata / arresto;Ford;Fiesta;Conducente;1938;F;Illeso;0;;;
3547882;11;10/11/2017 18:15:00;Strada Urbana;VIALE GUGLIELMO MARCONI;in corrispondenza;;del civico n.;455;;Tamponamento;Rettilineo;Due carreggiate;Asciutto;Asfaltata;Verticale ed orizzontale;Sereno;Intenso;Buona;Sufficiente;0;0;0;3;12,47207;41,85571;0;2;Autovettura privata;In marcia / fermata / arresto;Ford;Fiesta;Passeggero;1933;M;Illeso;0;;;
3547891;11;09/11/2017 21:00:00;Strada Urbana;VIA ROSA RAIMONDI GARIBALDI;in prossimità;;del civico n.;30;;Tamponamento;Rettilineo;Una carreggiata a senso unico di marcia;Bagnato (pioggia);Asfaltata;Verticale ed orizzontale;Pioggia in atto;Normale;Sufficiente;Sufficiente;2;0;0;1;12,49172;41,85818;0;1;Motociclo a solo;In marcia / fermata / arresto;Honda;-;Conducente;1992;M;Rifiuta cure immediate;0;NON DECEDUTO;;
3547891;11;09/11/2017 21:00:00;Strada Urbana;VIA ROSA RAIMONDI GARIBALDI;in prossimità;;del civico n.;30;;Tamponamento;Rettilineo;Una carreggiata a senso unico di marcia;Bagnato (pioggia);Asfaltata;Verticale ed orizzontale;Pioggia in atto;Normale;Sufficiente;Sufficiente;2;0;0;1;12,49172;41,85818;0;1;Motociclo a solo;In marcia / fermata / arresto;Honda;-;Passeggero;1982;F;Rifiuta cure immediate;0;NON DECEDUTO;;
3547891;11;09/11/2017 21:00:00;Strada Urbana;VIA ROSA RAIMONDI GARIBALDI;in prossimità;;del civico n.;30;;Tamponamento;Rettilineo;Una carreggiata a senso unico di marcia;Bagnato (pioggia);Asfaltata;Verticale ed orizzontale;Pioggia in atto;Normale;Sufficiente;Sufficiente;2;0;0;1;12,49172;41,85818;0;2;Autovettura privata;In marcia / fermata / arresto;Smart ;ForTwo Coupé;Conducente;1984;M;Illeso;0;;;
3547893;13;08/11/2017 11:35:00;Strada Urbana;VIALE GUGLIELMO MARCONI;da specificare;;;;tratto tra p.le Edison e l.tevere di San Paolo;Tamponamento;Rettilineo;Due carreggiate;Asciutto;Asfaltata;Verticale ed orizzontale;Sereno;Normale;Buona;Ore Diurne;0;0;0;2;12,47099;41,85852;0;1;Veicolo speciale;In marcia / fermata / arresto;Autocarro Fiat;Iveco 50;Conducente;1961;M;Illeso;0;;;
3547893;13;08/11/2017 11:35:00;Strada Urbana;VIALE GUGLIELMO MARCONI;da specificare;;;;tratto tra p.le Edison e l.tevere di San Paolo;Tamponamento;Rettilineo;Due carreggiate;Asciutto;Asfaltata;Verticale ed orizzontale;Sereno;Normale;Buona;Ore Diurne;0;0;0;2;12,47099;41,85852;0;2;Motociclo con passeggero;In marcia / fermata / arresto;Kawasaki;Heavy;Conducente;1990;M;Illeso;0;;Utilizzato;
3547894;13;10/11/2017 14:30:00;;VIA AMEDEO BOCCHI;da specificare;;;;parcheggio adiacente Posta;Scontro laterale fra veicoli in marcia;;;;;;;;;;0;0;0;2;12,35042;41,77603;0;1;Autovettura privata;In marcia / fermata / arresto;Ford;Focus;Conducente;1965;M;Illeso;0;;;
3547894;13;10/11/2017 14:30:00;;VIA AMEDEO BOCCHI;da specificare;;;;parcheggio adiacente Posta;Scontro laterale fra veicoli in marcia;;;;;;;;;;0;0;0;2;12,35042;41,77603;0;2;Autovettura privata;In marcia / fermata / arresto;Peugeot;107;Conducente;1972;M;Illeso;0;;;
3547895;8;10/11/2017 09:00:00;Strada Urbana;VIA DI FONTANA CANDIDA;in prossimità;;del civico n.;387;;Veicolo in marcia contro ostacolo accidentale;Rettilineo;Una carreggiata a doppio senso;Asciutto;Asfaltata;Orizzontale;Nuvoloso;Scarso;Buona;Ore Diurne;0;0;0;1;12,70599;41,83878;0;1;Autovettura privata;In marcia / fermata / arresto;Fiat;Cinquecento;Conducente;1961;M;Illeso;0;;Non accertato;Inesploso
3547897;13;10/11/2017;;VIA VINCENZO VANNUTELLI;da specificare;;;;altezza giostre;Scontro laterale fra veicoli in marcia;;;;;;;;;;0;0;0;1;12,28083;41,7326;0;1;Autovettura privata;In marcia / fermata / arresto;Ford;Focus;Conducente;1958;;Illeso;0;;;
3547898;20;11/11/2017 07:00:00;Strada Urbana;VIA DEL FORO ITALICO;da specificare;;;;dir. Salaria alt. via A.S. Giuliano;Veicolo in marcia contro ostacolo fisso;Curva a visuale libera;Due carreggiate;Bagnato (umidità in atto);Asfaltata;Orizzontale;Sereno;Normale;Buona;Ore Diurne;0;0;0;3;;;0;1;Autovettura privata;In marcia / fermata / arresto;Renault;Twingo;Conducente;1993;M;Illeso;0;;Non accertato;Inesploso
3547898;20;11/11/2017 07:00:00;Strada Urbana;VIA DEL FORO ITALICO;da specificare;;;;dir. Salaria alt. via A.S. Giuliano;Veicolo in marcia contro ostacolo fisso;Curva a visuale libera;Due carreggiate;Bagnato (umidità in atto);Asfaltata;Orizzontale;Sereno;Normale;Buona;Ore Diurne;0;0;0;3;;;0;1;Autovettura privata;In marcia / fermata / arresto;Renault;Twingo;Passeggero;1992;M;Illeso;0;;Non accertato;Inesploso
3547900;13;10/11/2017 17:00:00;;VIA DI ACILIA;all'intersezione con;PIAZZA S. LEONARDO DA PORTO MAURIZIO;PIAZZA S. LEONARDO DA PORTO MAURIZIO;;;Scontro laterale fra veicoli in marcia;;;;;;;;;;0;0;0;3;12,36541;41,78319;0;1;Autovettura privata;In marcia / fermata / arresto;Smart ;ForFour;Conducente;1955;M;Illeso;0;;;
3547900;13;10/11/2017 17:00:00;;VIA DI ACILIA;all'intersezione con;PIAZZA S. LEONARDO DA PORTO MAURIZIO;PIAZZA S. LEONARDO DA PORTO MAURIZIO;;;Scontro laterale fra veicoli in marcia;;;;;;;;;;0;0;0;3;12,36541;41,78319;0;2;Autovettura privata;In marcia / fermata / arresto;Mercedes;A 180;Conducente;1964;M;Illeso;0;;;
3547900;13;10/11/2017 17:00:00;;VIA DI ACILIA;all'intersezione con;PIAZZA S. LEONARDO DA PORTO MAURIZIO;PIAZZA S. LEONARDO DA PORTO MAURIZIO;;;Scontro laterale fra veicoli in marcia;;;;;;;;;;0;0;0;3;12,36541;41,78319;0;2;Autovettura privata;In marcia / fermata / arresto;Mercedes;A 180;Passeggero;1975;M;Illeso;0;;;
3547904;6;10/11/2017 23:50:00;Strada Urbana;PIAZZALE PRENESTINO;in prossimità;;del civico n.;33;;Scontro laterale fra veicoli in marcia;Rettilineo;Una carreggiata a senso unico di marcia;Asciutto;Asfaltata;Verticale ed orizzontale;Sereno;Normale;Sufficiente;Sufficiente;0;0;0;2;12,52696;41,89101;0;1;Autocarro inferiore 35 q.;In marcia / fermata / arresto;Fiat;Iveco;Conducente;1966;M;Illeso;0;;;
3547904;6;10/11/2017 23:50:00;Strada Urbana;PIAZZALE PRENESTINO;in prossimità;;del civico n.;33;;Scontro laterale fra veicoli in marcia;Rettilineo;Una carreggiata a senso unico di marcia;Asciutto;Asfaltata;Verticale ed orizzontale;Sereno;Normale;Sufficiente;Sufficiente;0;0;0;2;12,52696;41,89101;0;2;Autovettura privata;In marcia / fermata / arresto;Peugeot;207;Conducente;1987;M;Illeso;0;;;
3547906;13;11/11/2017;;VIA OSTERIA DI DRAGONCELLO;da specificare;;;;prox. Via Ottaviani;Veicolo in marcia contro ostacolo fisso;;;;;;;;;;0;0;0;2;12,34461;41,7894;0;1;Autovettura privata;In marcia / fermata / arresto;Lancia;Lybra;Conducente;1960;M;Illeso;0;;;
3547906;13;11/11/2017;;VIA OSTERIA DI DRAGONCELLO;da specificare;;;;prox. Via Ottaviani;Veicolo in marcia contro ostacolo fisso;;;;;;;;;;0;0;0;2;12,34461;41,7894;0;1;Autovettura privata;In marcia / fermata / arresto;Lancia;Lybra;Passeggero;1957;F;Illeso;0;;Non accertato;
3547909;1;11/11/2017 04:10:00;Strada Urbana;VIA GIOVANNI GIOLITTI;in corrispondenza;;del civico n.;293;;Investimento di pedone;Rettilineo;Una carreggiata a senso unico di marcia;Asciutto;Asfaltata;Verticale ed orizzontale;Nuvoloso;Normale;Sufficiente;Sufficiente;1;0;0;0;;;0;;;;;;Pedone;1997;M;Ricoverato;0;NON DECEDUTO;;
3547929;15;10/11/2017 07:45:00;;VIA PORTUENSE;in prossimità;;del civico n.;471;;Infortunio per sola frenata improvvisa;;;;;;;;;;1;0;0;0;;;0;1;Motociclo a solo;In marcia / fermata / arresto;Honda;SH 125;Conducente;0;M;Rifiuta cure immediate;0;NON DECEDUTO;;
3547934;8;10/11/2017 09:20:00;Strada Urbana;VIA WALTER TOBAGI;all'intersezione con;VIA CASILINA;VIA CASILINA;;;Veicolo in marcia contro ostacolo fisso;Passaggio a livello (incustodito);Una carreggiata a senso unico di marcia;Bagnato (umidità in atto);Asfaltata;Verticale ed orizzontale;Nuvoloso;Normale;Buona;Ore Diurne;1;0;0;0;12,59721;41,87545;0;1;Autovettura privata;In marcia / fermata / arresto;Fiat;Seicento;Conducente;1935;M;Rifiuta cure immediate;0;NON DECEDUTO;Non accertato;Inesploso
3547938;15;10/11/2017 18:30:00;;VIA ODERISI DA GUBBIO;all'intersezione semaforizzata con;PIAZZA ANTONIO MEUCCI;PIAZZA ANTONIO MEUCCI;;;Scontro laterale fra veicoli in marcia;;;;;;;;;;0;0;0;2;;;0;1;Autovettura privata;In marcia / fermata / arresto;Fiat;Panda;Conducente;0;M;Illeso;0;;;
3547938;15;10/11/2017 18:30:00;;VIA ODERISI DA GUBBIO;all'intersezione semaforizzata con;PIAZZA ANTONIO MEUCCI;PIAZZA ANTONIO MEUCCI;;;Scontro laterale fra veicoli in marcia;;;;;;;;;;0;0;0;2;;;0;2;Autovettura privata;In marcia / fermata / arresto;Fiat;Punto;Conducente;0;F;Illeso;0;;;
3547942;15;10/11/2017 17:30:00;;VIA DELL'IMBRECCIATO;da specificare;;;;fronte civico 71/A;Veicolo in marcia contro veicolo in sosta;;;;;;;;;;0;0;0;2;;;0;2;Autovettura privata;In marcia / fermata / arresto;Chevrolet;Matiz;Conducente;0;F;Illeso;0;;;
3547942;15;10/11/2017 17:30:00;;VIA DELL'IMBRECCIATO;da specificare;;;;fronte civico 71/A;Veicolo in marcia contro veicolo in sosta;;;;;;;;;;0;0;0;2;;;0;2;Autovettura privata;In marcia / fermata / arresto;Chevrolet;Matiz;Passeggero;0;M;Illeso;0;;;
3547953;15;10/11/2017 07:10:00;;PIAZZA AUGUSTO RIGHI;all'intersezione semaforizzata con;PONTE GUGLIELMO MARCONI;PONTE GUGLIELMO MARCONI;;;Scontro frontale fra veicoli in marcia;;;;;;;;;;1;0;0;0;;;0;1;Motociclo a solo;In marcia / fermata / arresto;Aprilia;Scarabeo;Conducente;1976;M;Rifiuta cure immediate;0;NON DECEDUTO;Utilizzato;
3547958;8;10/11/2017 18:20:00;Strada Urbana;VIA CASTELVETRANO;all'intersezione con;VIA CALATABIANO;VIA CALATABIANO;;;Tamponamento;Incrocio;Una carreggiata a doppio senso;Asciutto;Asfaltata;Verticale ed orizzontale;Nuvoloso;Normale;Sufficiente;Sufficiente;2;0;0;1;12,66614;41,85652;0;1;Autovettura privata;In marcia / fermata / arresto;Renault;Clio;Conducente;1972;M;Illeso;0;;Non accertato;Inesploso