Protocollo;Gruppo;DataOraIncidente;Localizzazione1;STRADA1;Localizzazione2;STRADA2;Strada02;Chilometrica;DaSpecificare;NaturaIncidente;particolaritastrade;TipoStrada;FondoStradale;Pavimentazione;Segnaletica;CondizioneAtmosferica;Traffico;Visibilita;Illuminazione;NUM_FERITI;NUM_RISERVATA;NUM_MORTI;NUM_ILLESI;Longitudine;Latitudine;Confermato;Progressivo;TipoVeicolo;StatoVeicolo;Marca;Modello;TipoPersona;AnnoNascita;Sesso;Tipolesione;Deceduto;DecedutoDopo;CinturaCascoUtilizzato;Airbag;
3548555;1;11/11/2017 01:55:00;Strada Urbana;VIA DI PORTA MAGGIORE;all'intersezione semaforizzata con;VIALE MANZONI;VIALE MANZONI;;;Scontro frontale/laterale SX fra veicoli in marcia;Intersezione semaforizzata;Due carreggiate;Asciutto;Asfaltata;Verticale ed orizzontale;Nuvoloso;Normale;Buona;Sufficiente;0;0;0;5;12,50977;41,89319;0;1;Autovettura pubblica;In marcia / fermata / arresto;Citroen;Picasso;Conducente;1951;M;Illeso;0;;Utilizzato;Inesploso
3548555;1;11/11/2017 01:55:00;Strada Urbana;VIA DI PORTA MAGGIORE;all'intersezione semaforizzata con;VIALE MANZONI;VIALE MANZONI;;;Scontro frontale/laterale SX fra veicoli in marcia;Intersezione semaforizzata;Due carreggiate;Asciutto;Asfaltata;Verticale ed orizzontale;Nuvoloso;Normale;Buona;Sufficiente;0;0;0;5;12,50977;41,89319;0;2;Autovettura privata;In marcia / fermata / arresto;Fiat;Punto;Conducente;1999;M;Illeso;0;;Utilizzato;Inesploso
3548555;1;11/11/2017 01:55:00;Strada Urbana;VIA DI PORTA MAGGIORE;all'intersezione semaforizzata con;VIALE MANZONI;VIALE MANZONI;;;Scontro frontale/laterale SX fra veicoli in marcia;Intersezione semaforizzata;Due carreggiate;Asciutto;Asfaltata;Verticale ed orizzontale;Nuvoloso;Normale;Buona;Sufficiente;0;0;0;5;12,50977;41,89319;0;2;Autovettura privata;In marcia / fermata / arresto;Fiat;Punto;Passeggero;1999;M;Illeso;0;;Non accertato;Inesistente
3548555;1;11/11/2017 01:55:00;Strada Urbana;VIA DI PORTA MAGGIORE;all'intersezione semaforizzata con;VIALE MANZONI;VIALE MANZONI;;;Scontro frontale/laterale SX fra veicoli in marcia;Intersezione semaforizzata;Due carreggiate;Asciutto;Asfaltata;Verticale ed orizzontale;Nuvoloso;Normale;Buona;Sufficiente;0;0;0;5;12,50977;41,89319;0;2;Autovettura privata;In marcia / fermata / arresto;Fiat;Punto;Passeggero;1999;M;Illeso;0;;Non accertato;Inesploso
3548555;1;11/11/2017 01:55:00;Strada Urbana;VIA DI PORTA MAGGIORE;all'intersezione semaforizzata con;VIALE MANZONI;VIALE MANZONI;;;Scontro frontale/laterale SX fra veicoli in marcia;Intersezione semaforizzata;Due carreggiate;Asciutto;Asfaltata;Verticale ed orizzontale;Nuvoloso;Normale;Buona;Sufficiente;0;0;0;5;12,50977;41,89319;0;2;Autovettura privata;In marcia / fermata / arresto;Fiat;Punto;Passeggero;1999;M;Illeso;0;;Utilizzato;Inesploso
3548591;12;10/11/2017 17:40:00;Provinciale entro l'abitato;VIA ARDEATINA;in prossimità;;della chilometrica;17.5;;Scontro frontale/laterale SX fra veicoli in marcia;Rettilineo;Una carreggiata a doppio senso;Bagnato (umidità in atto);Asfaltata;Verticale ed orizzontale;Nuvoloso;Intenso;Insufficiente;Inesistente;0;0;0;4;12,56072;41,74837;0;1;Motociclo con passeggero;In marcia / fermata / arresto;Yamaha;T- MAX;Passeggero;0;M;Illeso;0;;;
3548591;12;10/11/2017 17:40:00;Provinciale entro l'abitato;VIA ARDEATINA;in prossimità;;della chilometrica;17.5;;Scontro frontale/laterale SX fra veicoli in marcia;Rettilineo;Una carreggiata a doppio senso;Bagnato (umidità in atto);Asfaltata;Verticale ed orizzontale;Nuvoloso;Intenso;Insufficiente;Inesistente;0;0;0;4;12,56072;41,74837;0;2;Autovettura privata;In marcia / fermata / arresto;Peugeot;208;Conducente;1998;M;Illeso;0;;Non accertato;Inesploso
3548591;12;10/11/2017 17:40:00;Provinciale entro l'abitato;VIA ARDEATINA;in prossimità;;della chilometrica;17.5;;Scontro frontale/laterale SX fra veicoli in marcia;Rettilineo;Una carreggiata a doppio senso;Bagnato (umidità in atto);Asfaltata;Verticale ed orizzontale;Nuvoloso;Intenso;Insufficiente;Inesistente;0;0;0;4;12,56072;41,74837;0;3;Autovettura privata;In marcia / fermata / arresto;Chevrolet;spark;Conducente;1999;F;Illeso;0;;Utilizzato;Esploso
3548591;12;10/11/2017 17:40:00;Provinciale entro l'abitato;VIA ARDEATINA;in prossimità;;della chilometrica;17.5;;Scontro frontale/laterale SX fra veicoli in marcia;Rettilineo;Una carreggiata a doppio senso;Bagnato (umidità in atto);Asfaltata;Verticale ed orizzontale;Nuvoloso;Intenso;Insufficiente;Inesistente;0;0;0;4;12,56072;41,74837;0;3;Autovettura privata;In marcia / fermata / arresto;Chevrolet;spark;Passeggero;2012;F;Illeso;0;;Utilizzato;
3548636;12;10/11/2017 06:30:00;Strada Urbana;VIA DI TRIGORIA;da specificare;;;;prox civ. 251 fronte pino n. 2;Veicolo in marcia contro ostacolo fisso;Rettilineo;Una carreggiata a doppio senso;Bagnato (pioggia);Con buche;Orizzontale;Nuvoloso;Scarso;Sufficiente;Insufficiente;0;0;0;1;12,45881;41,73744;0;1;Autovettura privata;In marcia / fermata / arresto;Toyota;Aygo;Conducente;1979;F;Illeso;0;;;
3548642;12;10/11/2017 10:00:00;Strada Urbana;VIA SEVERINO DELOGU;da specificare;;;;fronte civ. 6 (area park);Scontro laterale fra veicoli in marcia;Rettilineo;Una carreggiata a doppio senso;Asciutto;Asfaltata;Verticale ed orizzontale;Nuvoloso;Scarso;Buona;Ore Diurne;0;0;0;2;12,4532;41,81554;0;1;Autovettura privata;In marcia / fermata / arresto;Chrysler;Voyager;Conducente;1960;M;Illeso;0;;Utilizzato;Inesploso
3548642;12;10/11/2017 10:00:00;Strada Urbana;VIA SEVERINO DELOGU;da specificare;;;;fronte civ. 6 (area park);Scontro laterale fra veicoli in marcia;Rettilineo;Una carreggiata a doppio senso;Asciutto;Asfaltata;Verticale ed orizzontale;Nuvoloso;Scarso;Buona;Ore Diurne;0;0;0;2;12,4532;41,81554;0;2;Motrice;In marcia / fermata / arresto;Daf;(non accertato);Conducente;1960;M;Illeso;0;;Utilizzato;Inesploso
3548668;13;11/11/2017 10:30:00;;VIA COSTANZO CASANA;all'intersezione con;VIA CARLO BOSIO;VIA CARLO BOSIO;;;Scontro frontale/laterale SX fra veicoli in marcia;;;;;;;;;;0;0;0;3;12,26864;41,73867;0;1;Autovettura privata;In marcia / fermata / arresto;Fiat;Punto;Conducente;1964;M;Illeso;0;;Non accertato;Inesploso
3548668;13;11/11/2017 10:30:00;;VIA COSTANZO CASANA;all'intersezione con;VIA CARLO BOSIO;VIA CARLO BOSIO;;;Scontro frontale/laterale SX fra veicoli in marcia;;;;;;;;;;0;0;0;3;12,26864;41,73867;0;2;Autovettura privata;In marcia / fermata / arresto;Opel;Corsa;Conducente;1938;M;Illeso;0;;Non accertato;Inesploso
3548668;13;11/11/2017 10:30:00;;VIA COSTANZO CASANA;all'intersezione con;VIA CARLO BOSIO;VIA CARLO BOSIO;;;Scontro frontale/laterale SX fra veicoli in marcia;;;;;;;;;;0;0;0;3;12,26864;41,73867;0;2;Autovettura privata;In marcia / fermata / arresto;Opel;Corsa;Passeggero;1931;M;Illeso;0;;Non accertato;Inesploso
3548673;20;11/11/2017 08:00:00;Provinciale entro l'abitato;VIA VINCENZO TIERI;all'intersezione con;VIA BRACCIANENSE;VIA BRACCIANENSE;;;Scontro frontale/laterale DX fra veicoli in marcia;Incrocio;Una carreggiata a senso unico di marcia;Asciutto;Asfaltata;Verticale ed orizzontale;Sereno;Scarso;Buona;Ore Diurne;1;0;0;2;;;0;1;Autovettura privata;In marcia / fermata / arresto;Audi;4;Conducente;1969;M;Illeso;0;;Non accertato;
3548673;20;11/11/2017 08:00:00;Provinciale entro l'abitato;VIA VINCENZO TIERI;all'intersezione con;VIA BRACCIANENSE;VIA BRACCIANENSE;;;Scontro frontale/laterale DX fra veicoli in marcia;Incrocio;Una carreggiata a senso unico di marcia;Asciutto;Asfaltata;Verticale ed orizzontale;Sereno;Scarso;Buona;Ore Diurne;1;0;0;2;;;0;2;Autovettura privata;In marcia / fermata / arresto;Suzuki;Swift;Conducente;1970;M;Illeso;0;;Non accertato;
3548673;20;11/11/2017 08:00:00;Provinciale entro l'abitato;VIA VINCENZO TIERI;all'intersezione con;VIA BRACCIANENSE;VIA BRACCIANENSE;;;Scontro frontale/laterale DX fra veicoli in marcia;Incrocio;Una carreggiata a senso unico di marcia;Asciutto;Asfaltata;Verticale ed orizzontale;Sereno;Scarso;Buona;Ore Diurne;1;0;0;2;;;0;3;Velocipede;In marcia / fermata / arresto;(non accertato);(non accertato);Conducente;1972;M;Rimandato;0;NON DECEDUTO;Esente;
3548698;7;10/11/2017 22:15:00;;VIA PRENESTINA;all'intersezione con;VIA DELLA RISERVA NUOVA;VIA DELLA RISERVA NUOVA;;;Scontro frontale/laterale SX fra veicoli in marcia;;;;;;;;;;2;0;0;0;;;0;1;Autovettura privata;In marcia / fermata / arresto;Hyundai;Atos;Conducente;1973;M;Rimandato;0;NON DECEDUTO;;
3548698;7;10/11/2017 22:15:00;;VIA PRENESTINA;all'intersezione con;VIA DELLA RISERVA NUOVA;VIA DELLA RISERVA NUOVA;;;Scontro frontale/laterale SX fra veicoli in marcia;;;;;;;;;;2;0;0;0;;;0;2;Autovettura privata;In marcia / fermata / arresto;Alfa Romeo;Giulietta;Conducente;1988;M;Rimandato;0;NON DECEDUTO;;
3548701;12;10/11/2017 18:35:00;Altra strada;VIA DI PORTA MEDAGLIA;in prossimità;;del civico n.;2;;Veicolo in marcia contro ostacolo accidentale;Curva a visuale libera;Una carreggiata a doppio senso;Asciutto;Asfaltata;Assente;Sereno;Scarso;Insufficiente;Insufficiente;0;0;0;1;12,54018;41,75554;-1;1;Autovettura privata;In marcia / fermata / arresto;Volkswagen;Polo;Conducente;1983;M;Illeso;0;;Non accertato;Inesploso
3548739;20;11/11/2017 12:20:00;Altra strada;VIALE DELL'OSSARIO;da specificare;;;;interno Cimitero Flaminio lotto 88;Investimento di pedone;Rettilineo;Una carreggiata a doppio senso;Asciutto;Asfaltata;Assente;Sereno;Scarso;Buona;Ore Diurne;1;0;0;4;;;0;;;;;;Pedone;1943;F;Rimandato;0;NON DECEDUTO;;
3548739;20;11/11/2017 12:20:00;Altra strada;VIALE DELL'OSSARIO;da specificare;;;;interno Cimitero Flaminio lotto 88;Investimento di pedone;Rettilineo;Una carreggiata a doppio senso;Asciutto;Asfaltata;Assente;Sereno;Scarso;Buona;Ore Diurne;1;0;0;4;;;0;1;Autovettura privata;In marcia / fermata / arresto;BMW;--;Conducente;1973;M;Illeso;0;;Non accertato;
3548739;20;11/11/2017 12:20:00;Altra strada;VIALE DELL'OSSARIO;da specificare;;;;interno Cimitero Flaminio lotto 88;Investimento di pedone;Rettilineo;Una carreggiata a doppio senso;Asciutto;Asfaltata;Assente;Sereno;Scarso;Buona;Ore Diurne;1;0;0;4;;;0;1;Autovettura privata;In marcia / fermata / arresto;BMW;--;Passeggero;1942;F;Illeso;0;;Non accertato;
3548739;20;11/11/2017 12:20:00;Altra strada;VIALE DELL'OSSARIO;da specificare;;;;interno Cimitero Flaminio lotto 88;Investimento di pedone;Rettilineo;Una carreggiata a doppio senso;Asciutto;Asfaltata;Assente;Sereno;Scarso;Buona;Ore Diurne;1;0;0;4;;;0;1;Autovettura privata;In marcia / fermata / arresto;BMW;--;Passeggero;1980;F;Illeso;0;;Non accertato;
3548739;20;11/11/2017 12:20:00;Altra strada;VIALE DELL'OSSARIO;da specificare;;;;interno Cimitero Flaminio lotto 88;Investimento di pedone;Rettilineo;Una carreggiata a doppio senso;Asciutto;Asfaltata;Assente;Sereno;Scarso;Buona;Ore Diurne;1;0;0;4;;;0;1;Autovettura privata;In marcia / fermata / arresto;BMW;--;Passeggero;2015;M;Illeso;0;;Non accertato;
3548751;7;11/11/2017 11:30:00;Strada Urbana;VIA ADRIANO CECIONI;in prossimità;;del civico n.;11;;Scontro laterale fra veicoli in marcia;Rettilineo;Una carreggiata a senso unico di marcia;Asciutto;Asfaltata;Verticale ed orizzontale;Sereno;Normale;Buona;Ore Diurne;0;0;0;4;12,59082;41,90224;0;1;Autovettura privata;In marcia / fermata / arresto;Ford;KA;Conducente;1945;F;Illeso;0;;Non accertato;Inesploso
3548751;7;11/11/2017 11:30:00;Strada Urbana;VIA ADRIANO CECIONI;in prossimità;;del civico n.;11;;Scontro laterale fra veicoli in marcia;Rettilineo;Una carreggiata a senso unico di marcia;Asciutto;Asfaltata;Verticale ed orizzontale;Sereno;Normale;Buona;Ore Diurne;0;0;0;4;12,59082;41,90224;0;2;Autovettura privata;In marcia / fermata / arresto;Ford;Focus;Conducente;1960;M;Illeso;0;;Non accertato;Inesploso
3548751;7;11/11/2017 11:30:00;Strada Urbana;VIA ADRIANO CECIONI;in prossimità;;del civico n.;11;;Scontro laterale fra veicoli in marcia;Rettilineo;Una carreggiata a senso unico di marcia;Asciutto;Asfaltata;Verticale ed orizzontale;Sereno;Normale;Buona;Ore Diurne;0;0;0;4;12,59082;41,90224;0;2;Autovettura privata;In marcia / fermata / arresto;Ford;Focus;Passeggero;1977;M;Illeso;0;;Non utilizzato;Inesploso
3548751;7;11/11/2017 11:30:00;Strada Urbana;VIA ADRIANO CECIONI;in prossimità;;del civico n.;11;;Scontro laterale fra veicoli in marcia;Rettilineo;Una carreggiata a senso unico di marcia;Asciutto;Asfaltata;Verticale ed orizzontale;Sereno;Normale;Buona;Ore Diurne;0;0;0;4;12,59082;41,90224;0;2;Autovettura privata;In marcia / fermata / arresto;Ford;Focus;Passeggero;2001;M;Illeso;0;;Non accertato;Inesploso
3548772;20;11/11/2017 15:00:00;Regionale entro l'abitato;VIA CASSIA;in corrispondenza;;del civico n.;1778;;Veicolo in marcia contro veicolo fermo;Rettilineo;Una carreggiata a doppio senso;Asciutto;Asfaltata;Orizzontale;Sereno;Intenso;Buona;Ore Diurne;0;0;0;3;;;0;1;Autovettura privata;In marcia / fermata / arresto;Jeep;Wrangler;Conducente;1966;M;Illeso;0;;Non accertato;Inesploso
3548772;20;11/11/2017 15:00:00;Regionale entro l'abitato;VIA CASSIA;in corrispondenza;;del civico n.;1778;;Veicolo in marcia contro veicolo fermo;Rettilineo;Una carreggiata a doppio senso;Asciutto;Asfaltata;Orizzontale;Sereno;Intenso;Buona;Ore Diurne;0;0;0;3;;;0;1;Autovettura privata;In marcia / fermata / arresto;Jeep;Wrangler;Passeggero;2009;M;Illeso;0;;Non accertato;Inesploso
3548772;20;11/11/2017 15:00:00;Regionale entro l'abitato;VIA CASSIA;in corrispondenza;;del civico n.;1778;;Veicolo in marcia contro veicolo fermo;Rettilineo;Una carreggiata a doppio senso;Asciutto;Asfaltata;Orizzontale;Sereno;Intenso;Buona;Ore Diurne;0;0;0;3;;;0;2;Autovettura privata;In marcia / fermata / arresto;Fiat;Panda;Conducente;1937;M;Illeso;0;;Non accertato;Inesistente
3548775;20;11/11/2017 16:00:00;Strada Urbana;VIA CONCESIO;da specificare;;;;alt. civ 64 (fronte centro sportivo Jolly);Investimento di pedone;Rettilineo;Una carreggiata a doppio senso;Asciutto;Asfaltata;Verticale ed orizzontale;Sereno;Normale;Buona;Ore Diurne;1;0;0;1;12,48346;42,0078;0;;;;;;Pedone;2002;M;Ricoverato;0;NON DECEDUTO;;
3548775;20;11/11/2017 16:00:00;Strada Urbana;VIA CONCESIO;da specificare;;;;alt. civ 64 (fronte centro sportivo Jolly);Investimento di pedone;Rettilineo;Una carreggiata a doppio senso;Asciutto;Asfaltata;Verticale ed orizzontale;Sereno;Normale;Buona;Ore Diurne;1;0;0;1;12,48346;42,0078;0;1;Motociclo a solo;In marcia / fermata / arresto;BMW;R 1150 R;Conducente;1970;M;Illeso;0;;Non accertato;
3548779;13;11/11/2017 12:35:00;Strada Urbana;LUNGOMARE PAOLO TOSCANELLI;in prossimità;;del civico n.;140;;Tamponamento Multiplo;Rettilineo;Due carreggiate;Asciutto;Asfaltata;Verticale ed orizzontale;Sereno;Normale;Buona;Ore Diurne;0;0;0;5;12,27459;41,73044;0;1;Autovettura privata;In marcia / fermata / arresto;Smart ;FORTWO;Conducente;1982;M;Illeso;0;;Non accertato;Inesploso
3548779;13;11/11/2017 12:35:00;Strada Urbana;LUNGOMARE PAOLO TOSCANELLI;in prossimità;;del civico n.;140;;Tamponamento Multiplo;Rettilineo;Due carreggiate;Asciutto;Asfaltata;Verticale ed orizzontale;Sereno;Normale;Buona;Ore Diurne;0;0;0;5;12,27459;41,73044;0;2;Autovettura privata;In marcia / fermata / arresto;Fiat;Seicento;Conducente;1975;M;Illeso;0;;Non accertato;Inesploso
3548779;13;11/11/2017 12:35:00;Strada Urbana;LUNGOMARE PAOLO TOSCANELLI;in prossimità;;del civico n.;140;;Tamponamento Multiplo;Rettilineo;Due carreggiate;Asciutto;Asfaltata;Verticale ed orizzontale;Sereno;Normale;Buona;Ore Diurne;0;0;0;5;12,27459;41,73044;0;2;Autovettura privata;In marcia / fermata / arresto;Fiat;Seicento;Passeggero;2007;M;Illeso;0;;Non accertato;Inesploso
3548779;13;11/11/2017 12:35:00;Strada Urbana;LUNGOMARE PAOLO TOSCANELLI;in prossimità;;del civico n.;140;;Tamponamento Multiplo;Rettilineo;Due carreggiate;Asciutto;Asfaltata;Verticale ed orizzontale;Sereno;Normale;Buona;Ore Diurne;0;0;0;5;12,27459;41,73044;0;2;Autovettura privata;In marcia / fermata / arresto;Fiat;Seicento;Passeggero;2009;M;Illeso;0;;Non accertato;Inesploso
3548779;13;11/11/2017 12:35:00;Strada Urbana;LUNGOMARE PAOLO TOSCANELLI;in prossimità;;del civico n.;140;;Tamponamento Multiplo;Rettilineo;Due carreggiate;Asciutto;Asfaltata;Verticale ed orizzontale;Sereno;Normale;Buona;Ore Diurne;0;0;0;5;12,27459;41,73044;0;2;Autovettura privata;In marcia / fermata / arresto;Fiat;Seicento;Passeggero;2012;F;Illeso;0;;Non accertato;Inesploso
3548817;1;11/11/2017 15:30:00;Strada Urbana;VIA PRINCIPE EUGENIO;in corrispondenza;;del civico n.;77;;Veicolo in marcia contro ostacolo fisso;Rettilineo;Una carreggiata a doppio senso;Asciutto;Asfaltata;Verticale ed orizzontale;Sereno;Normale;Buona;Ore Diurne;0;0;0;1;12,5086;41,89351;0;1;Macchina operatrice;In marcia / fermata / arresto;Iveco;Ravo 540;Conducente;1969;F;Illeso;0;;Non utilizzato;Inesploso
3548852;1;11/11/2017 14:15:00;Strada Urbana;VIA DELLA FERRATELLA IN LATERANO;all'intersezione semaforizzata con;VIA DEI LATERANI;VIA DEI LATERANI;;;Scontro laterale fra veicoli in marcia;Intersezione semaforizzata;Una carreggiata a senso unico di marcia;Asciutto;Asfaltata;Verticale ed orizzontale;Sereno;Normale;Buona;Ore Diurne;0;0;0;2;12,50298;41,88348;0;1;Autocarro inferiore 35 q.;In marcia / fermata / arresto;Peugeot;(ignoto);Conducente;1977;M;Illeso;0;;Utilizzato;Inesploso
3548852;1;11/11/2017 14:15:00;Strada Urbana;VIA DELLA FERRATELLA IN LATERANO;all'intersezione semaforizzata con;VIA DEI LATERANI;VIA DEI LATERANI;;;Scontro laterale fra veicoli in marcia;Intersezione semaforizzata;Una carreggiata a senso unico di marcia;Asciutto;Asfaltata;Verticale ed orizzontale;Sereno;Normale;Buona;Ore Diurne;0;0;0;2;12,50298;41,88348;0;2;Autovettura privata;In marcia / fermata / arresto;BMW;X 3;Conducente;1963;M;Illeso;0;;Utilizzato;Inesploso
3549174;17;11/11/2017 21:00:00;Strada Urbana;VIA TRIONFALE;all'intersezione con;VIA TOMMASO CAMPANELLA;VIA TOMMASO CAMPANELLA;;;Scontro frontale/laterale DX fra veicoli in marcia;Incrocio;Una carreggiata a senso unico di marcia;Asciutto;Asfaltata;Verticale ed orizzontale;Sereno;Normale;Sufficiente;Sufficiente;0;0;0;2;12,42294;41,94086;0;1;Autovettura privata;In marcia / fermata / arresto;Daimler Chrysler Mercedes;Classe  A180;Conducente;1958;M;Illeso;0;;Non accertato;
3549174;17;11/11/2017 21:00:00;Strada Urbana;VIA TRIONFALE;all'intersezione con;VIA TOMMASO CAMPANELLA;VIA TOMMASO CAMPANELLA;;;Scontro frontale/laterale DX fra veicoli in marcia;Incrocio;Una carreggiata a senso unico di marcia;Asciutto;Asfaltata;Verticale ed orizzontale;Sereno;Normale;Sufficiente;Sufficiente;0;0;0;2;12,42294;41,94086;0;2;Motociclo a solo;In marcia / fermata / arresto;Honda;SH150;Conducente;1980;M;Illeso;0;;Non accertato;
3549184;1;11/11/2017 20:30:00;Strada Urbana;VIA GUERRIERI;all'intersezione con;LARGO GIOVANNI CHIARINI;LARGO GIOVANNI CHIARINI;;;Veicolo in marcia contro veicolo arresto;Incrocio;Una carreggiata a doppio senso;Asciutto;Asfaltata;Verticale ed orizzontale;Sereno;Normale;Sufficiente;Sufficiente;1;0;0;2;12,48958;41,87677;-1;1;Motociclo con passeggero;In marcia / fermata / arresto;Kymco;Downtown;Conducente;1960;M;Illeso;0;;Utilizzato;
3549184;1;11/11/2017 20:30:00;Strada Urbana;VIA GUERRIERI;all'intersezione con;LARGO GIOVANNI CHIARINI;LARGO GIOVANNI CHIARINI;;;Veicolo in marcia contro veicolo arresto;Incrocio;Una carreggiata a doppio senso;Asciutto;Asfaltata;Verticale ed orizzontale;Sereno;Normale;Sufficiente;Sufficiente;1;0;0;2;12,48958;41,87677;-1;1;Motociclo con passeggero;In marcia / fermata / arresto;Kymco;Downtown;Passeggero;1993;F;Rimandato;0;NON DECEDUTO;;
3549184;1;11/11/2017 20:30:00;Strada Urbana;VIA GUERRIERI;all'intersezione con;LARGO GIOVANNI CHIARINI;LARGO GIOVANNI CHIARINI;;;Veicolo in marcia contro veicolo arresto;Incrocio;Una carreggiata a doppio senso;Asciutto;Asfaltata;Verticale ed orizzontale;Sereno;Normale;Sufficiente;Sufficiente;1;0;0;2;12,48958;41,87677;-1;2;Autovettura privata;In marcia / fermata / arresto;Toyota;Corolla;Conducente;1955;M;Illeso;0;;Utilizzato;Inesploso
3549197;1;11/11/2017 18:50:00;Strada Urbana;LUNGOTEVERE IN AUGUSTA;all'intersezione semaforizzata con;VIA FERDINANDO DI SAVOIA;VIA FERDINANDO DI SAVOIA;;;Scontro laterale fra veicoli in marcia;Intersezione semaforizzata;Una carreggiata a senso unico di marcia;Asciutto;Asfaltata;Verticale ed orizzontale;Sereno;Normale;Sufficiente;Sufficiente;0;0;0;2;12,47308;41,90987;-1;1;Autovettura privata;In marcia / fermata / arresto;Smart ;FORTWO;Conducente;1981;F;Illeso;0;;Utilizzato;Inesploso
3549197;1;11/11/2017 18:50:00;Strada Urbana;LUNGOTEVERE IN AUGUSTA;all'intersezione semaforizzata con;VIA FERDINANDO DI SAVOIA;VIA FERDINANDO DI SAVOIA;;;Scontro laterale fra veicoli in marcia;Intersezione semaforizzata;Una carreggiata a senso unico di marcia;Asciutto;Asfaltata;Verticale ed orizzontale;Sereno;Normale;Sufficiente;Sufficiente;0;0;0;2;12,47308;41,90987;-1;2;Autocarro inferiore 35 q.;In marcia / fermata / arresto;Fiat;Iveco;Conducente;1975;M;Illeso;0;;Utilizzato;Inesploso
3549211;17;12/11/2017 01:00:00;Strada Urbana;VIA DURAZZO;in corrispondenza;;del civico n.;12;;Veicoli in marcia contro veicoli fermi;Rettilineo;Una carreggiata a doppio senso;Asciutto;Asfaltata;Verticale ed orizzontale;Sereno;Scarso;Buona;Sufficiente;0;0;0;1;12,4572;41,92129;0;1;Autovettura privata;In marcia / fermata / arresto;Renault;Clio;Conducente;1989;M;Illeso;0;;;
3549233;1;11/11/2017 23:00:00;Strada Urbana;LUNGOTEVERE DEI TEBALDI;in prossimità;;del civico n.;5;;Scontro laterale fra veicoli in marcia;Rettilineo;Una carreggiata a senso unico di marcia;Asciutto;Asfaltata;Verticale ed orizzontale;Sereno;Normale;Buona;Sufficiente;0;0;0;4;12,47046;41,89343;-1;1;Autovettura privata;In marcia / fermata / arresto;Smart ;ForTwo Coupé;Conducente;1995;M;Illeso;0;;Utilizzato;Inesploso
3549233;1;11/11/2017 23:00:00;Strada Urbana;LUNGOTEVERE DEI TEBALDI;in prossimità;;del civico n.;5;;Scontro laterale fra veicoli in marcia;Rettilineo;Una carreggiata a senso unico di marcia;Asciutto;Asfaltata;Verticale ed orizzontale;Sereno;Normale;Buona;Sufficiente;0;0;0;4;12,47046;41,89343;-1;1;Autovettura privata;In marcia / fermata / arresto;Smart ;ForTwo Coupé;Passeggero;1990;F;Illeso;0;;Utilizzato;Inesploso
3549233;1;11/11/2017 23:00:00;Strada Urbana;LUNGOTEVERE DEI TEBALDI;in prossimità;;del civico n.;5;;Scontro laterale fra veicoli in marcia;Rettilineo;Una carreggiata a senso unico di marcia;Asciutto;Asfaltata;Verticale ed orizzontale;Sereno;Normale;Buona;Sufficiente;0;0;0;4;12,47046;41,89343;-1;2;Autovettura privata;In marcia / fermata / arresto;Audi;A 4 Avant;Conducente;1961;M;Illeso;0;;Utilizzato;Inesploso
3549233;1;11/11/2017 23:00:00;Strada Urbana;LUNGOTEVERE DEI TEBALDI;in prossimità;;del civico n.;5;;Scontro laterale fra veicoli in marcia;Rettilineo;Una carreggiata a senso unico di marcia;Asciutto;Asfaltata;Verticale ed orizzontale;Sereno;Normale;Buona;Sufficiente;0;0;0;4;12,47046;41,89343;-1;2;Autovettura privata;In marcia / fermata / arresto;Audi;A 4 Avant;Passeggero;1965;F;Illeso;0;;Utilizzato;Inesploso
3549269;1;12/11/2017 00:15:00;Strada Urbana;VIA MERULANA;all'intersezione con;LARGO LEOPARDI;LARGO LEOPARDI;;;Tamponamento;Incrocio;Una carreggiata a doppio senso;Asciutto;Asfaltata;Verticale ed orizzontale;Sereno;Normale;Buona;Sufficiente;0;0;0;3;12,50109;41,8935;0;1;Autovettura privata;In marcia / fermata / arresto;Smart ;ForTwo Coupé;Conducente;1995;F;Illeso;0;;Utilizzato;Inesploso
3549269;1;12/11/2017 00:15:00;Strada Urbana;VIA MERULANA;all'intersezione con;LARGO LEOPARDI;LARGO LEOPARDI;;;Tamponamento;Incrocio;Una carreggiata a doppio senso;Asciutto;Asfaltata;Verticale ed orizzontale;Sereno;Normale;Buona;Sufficiente;0;0;0;3;12,50109;41,8935;0;1;Autovettura privata;In marcia / fermata / arresto;Smart ;ForTwo Coupé;Passeggero;1995;F;Illeso;0;;Utilizzato;Inesploso
3549269;1;12/11/2017 00:15:00;Strada Urbana;VIA MERULANA;all'intersezione con;LARGO LEOPARDI;LARGO LEOPARDI;;;Tamponamento;Incrocio;Una carreggiata a doppio senso;Asciutto;Asfaltata;Verticale ed orizzontale;Sereno;Normale;Buona;Sufficiente;0;0;0;3;12,50109;41,8935;0;2;Autovettura privata;In marcia / fermata / arresto;Fiat;Panda;Conducente;1990;M;Illeso;0;;Utilizzato;Inesploso