Protocollo;Gruppo;DataOraIncidente;Localizzazione1;STRADA1;Localizzazione2;STRADA2;Strada02;Chilometrica;DaSpecificare;NaturaIncidente;particolaritastrade;TipoStrada;FondoStradale;Pavimentazione;Segnaletica;CondizioneAtmosferica;Traffico;Visibilita;Illuminazione;NUM_FERITI;NUM_RISERVATA;NUM_MORTI;NUM_ILLESI;Longitudine;Latitudine;Confermato;Progressivo;TipoVeicolo;StatoVeicolo;Marca;Modello;TipoPersona;AnnoNascita;Sesso;Tipolesione;Deceduto;DecedutoDopo;CinturaCascoUtilizzato;Airbag;
3549290;1;11/11/2017 23:30:00;Strada Urbana;VIA EMANUELE FILIBERTO;da specificare;;;;in prossimità VIA AMEDEO VIII;Investimento di pedone;Rettilineo;Una carreggiata a doppio senso;Asciutto;Asfaltata;Verticale ed orizzontale;Sereno;Normale;Buona;Sufficiente;2;0;0;3;12,50789;41,88815;0;;;;;;Pedone;1992;M;Rimandato;0;NON DECEDUTO;;
3549290;1;11/11/2017 23:30:00;Strada Urbana;VIA EMANUELE FILIBERTO;da specificare;;;;in prossimità VIA AMEDEO VIII;Investimento di pedone;Rettilineo;Una carreggiata a doppio senso;Asciutto;Asfaltata;Verticale ed orizzontale;Sereno;Normale;Buona;Sufficiente;2;0;0;3;12,50789;41,88815;0;;;;;;Pedone;1993;M;Rimandato;0;NON DECEDUTO;;
3549290;1;11/11/2017 23:30:00;Strada Urbana;VIA EMANUELE FILIBERTO;da specificare;;;;in prossimità VIA AMEDEO VIII;Investimento di pedone;Rettilineo;Una carreggiata a doppio senso;Asciutto;Asfaltata;Verticale ed orizzontale;Sereno;Normale;Buona;Sufficiente;2;0;0;3;12,50789;41,88815;0;1;Autovettura privata;In marcia / fermata / arresto;Fiat;Punto;Conducente;1998;M;Illeso;0;;Utilizzato;Inesploso
3549290;1;11/11/2017 23:30:00;Strada Urbana;VIA EMANUELE FILIBERTO;da specificare;;;;in prossimità VIA AMEDEO VIII;Investimento di pedone;Rettilineo;Una carreggiata a doppio senso;Asciutto;Asfaltata;Verticale ed orizzontale;Sereno;Normale;Buona;Sufficiente;2;0;0;3;12,50789;41,88815;0;1;Autovettura privata;In marcia / fermata / arresto;Fiat;Punto;Passeggero;1993;M;Illeso;0;;Non accertato;
3549290;1;11/11/2017 23:30:00;Strada Urbana;VIA EMANUELE FILIBERTO;da specificare;;;;in prossimità VIA AMEDEO VIII;Investimento di pedone;Rettilineo;Una carreggiata a doppio senso;Asciutto;Asfaltata;Verticale ed orizzontale;Sereno;Normale;Buona;Sufficiente;2;0;0;3;12,50789;41,88815;0;1;Autovettura privata;In marcia / fermata / arresto;Fiat;Punto;Passeggero;1996;M;Illeso;0;;Utilizzato;Inesploso
3549314;12;12/11/2017 06:40:00;Strada Urbana;VIA ALVARO DEL PORTILLO;in prossimità;;del civico n.;99;;Veicolo in marcia contro ostacolo fisso;Curva senza visuale libera;Una carreggiata a doppio senso;Bagnato (umidità in atto);Asfaltata;Verticale ed orizzontale;Sereno;Normale;Buona;Sufficiente;0;0;0;1;12,47093;41,76857;-1;1;Autovettura privata;In marcia / fermata / arresto;Ford;Fiesta;Conducente;1993;M;Illeso;0;;Utilizzato;Inesploso
3549359;23;11/11/2017 20:00:00;Comunale extraurbana;VIA CRISTOFORO COLOMBO;in corrispondenza;;della chilometrica;22.45;;Veicolo in marcia contro ostacolo accidentale;Rettilineo;Più di due carreggiate;Asciutto;Asfaltata;Orizzontale;Nuvoloso;Scarso;Sufficiente;Insufficiente;0;0;0;1;12,41155;41,78584;0;1;Autovettura privata;In marcia / fermata / arresto;Volkswagen;Polo;Conducente;1986;M;Illeso;0;;Non accertato;Inesploso
3549539;1;12/11/2017 10:30:00;Strada Urbana;PONTE SUBLICIO;da specificare;;;;PONTE SUBLICIO;Infortunio per caduta del veicolo;Rettilineo;Una carreggiata a doppio senso;Asciutto;Asfaltata;Verticale ed orizzontale;Sereno;Normale;Buona;Ore Diurne;1;0;0;0;;;0;1;Velocipede;In marcia / fermata / arresto;De Rosa;tipo donna;Conducente;1964;F;Rimandato;0;NON DECEDUTO;Esente;
3549561;20;12/11/2017 12:45:00;Strada Urbana;VIALE DI TOR DI QUINTO;in prossimità;;del civico n.;64;;Tamponamento Multiplo;Curva a visuale libera;Una carreggiata a doppio senso;Asciutto;Asfaltata;Verticale ed orizzontale;Nuvoloso;Normale;Buona;Ore Diurne;3;0;0;4;12,4786;41,93832;0;1;Autovettura privata;In marcia / fermata / arresto;Audi;A 3;Conducente;1979;M;Illeso;0;;Non accertato;Inesploso
3549561;20;12/11/2017 12:45:00;Strada Urbana;VIALE DI TOR DI QUINTO;in prossimità;;del civico n.;64;;Tamponamento Multiplo;Curva a visuale libera;Una carreggiata a doppio senso;Asciutto;Asfaltata;Verticale ed orizzontale;Nuvoloso;Normale;Buona;Ore Diurne;3;0;0;4;12,4786;41,93832;0;2;Autovettura privata;In marcia / fermata / arresto;Toyota;Rav 4;Conducente;1983;F;Illeso;0;;Non accertato;Inesploso
3549561;20;12/11/2017 12:45:00;Strada Urbana;VIALE DI TOR DI QUINTO;in prossimità;;del civico n.;64;;Tamponamento Multiplo;Curva a visuale libera;Una carreggiata a doppio senso;Asciutto;Asfaltata;Verticale ed orizzontale;Nuvoloso;Normale;Buona;Ore Diurne;3;0;0;4;12,4786;41,93832;0;2;Autovettura privata;In marcia / fermata / arresto;Toyota;Rav 4;Passeggero;1979;M;Rimandato;0;NON DECEDUTO;Non accertato;Inesploso
3549561;20;12/11/2017 12:45:00;Strada Urbana;VIALE DI TOR DI QUINTO;in prossimità;;del civico n.;64;;Tamponamento Multiplo;Curva a visuale libera;Una carreggiata a doppio senso;Asciutto;Asfaltata;Verticale ed orizzontale;Nuvoloso;Normale;Buona;Ore Diurne;3;0;0;4;12,4786;41,93832;0;2;Autovettura privata;In marcia / fermata / arresto;Toyota;Rav 4;Passeggero;1993;M;Illeso;0;;Non accertato;Inesploso
3549561;20;12/11/2017 12:45:00;Strada Urbana;VIALE DI TOR DI QUINTO;in prossimità;;del civico n.;64;;Tamponamento Multiplo;Curva a visuale libera;Una carreggiata a doppio senso;Asciutto;Asfaltata;Verticale ed orizzontale;Nuvoloso;Normale;Buona;Ore Diurne;3;0;0;4;12,4786;41,93832;0;2;Autovettura privata;In marcia / fermata / arresto;Toyota;Rav 4;Passeggero;2005;F;Rimandato;0;NON DECEDUTO;Non accertato;Inesploso
3549561;20;12/11/2017 12:45:00;Strada Urbana;VIALE DI TOR DI QUINTO;in prossimità;;del civico n.;64;;Tamponamento Multiplo;Curva a visuale libera;Una carreggiata a doppio senso;Asciutto;Asfaltata;Verticale ed orizzontale;Nuvoloso;Normale;Buona;Ore Diurne;3;0;0;4;12,4786;41,93832;0;2;Autovettura privata;In marcia / fermata / arresto;Toyota;Rav 4;Passeggero;2012;M;Rimandato;0;NON DECEDUTO;Non accertato;Inesploso
3549561;20;12/11/2017 12:45:00;Strada Urbana;VIALE DI TOR DI QUINTO;in prossimità;;del civico n.;64;;Tamponamento Multiplo;Curva a visuale libera;Una carreggiata a doppio senso;Asciutto;Asfaltata;Verticale ed orizzontale;Nuvoloso;Normale;Buona;Ore Diurne;3;0;0;4;12,4786;41,93832;0;3;Autovettura privata;In marcia / fermata / arresto;Mercedes;Smart For Two;Conducente;1956;M;Illeso;0;;Non accertato;Esploso
3549565;9;11/11/2017 23:10:00;;VIA BERNARDINO ALIMENA;da specificare;;;;fronte via Tancredi Canonico;Veicolo in marcia contro ostacolo fisso;;;;;;;;;;0;0;0;1;;;0;1;Autovettura privata;In marcia / fermata / arresto;Fiat;500 L;Conducente;1989;M;Illeso;0;;;
3549572;9;11/11/2017 23:30:00;;VIA FERDINANDO UGHELLI;da specificare;;;;fronte 6/b;Veicolo in marcia contro veicolo fermo;;;;;;;;;;0;0;0;3;;;0;1;Autovettura privata;In marcia / fermata / arresto;Alfa Lancia;Mito;Conducente;1981;M;Illeso;0;;;
3549572;9;11/11/2017 23:30:00;;VIA FERDINANDO UGHELLI;da specificare;;;;fronte 6/b;Veicolo in marcia contro veicolo fermo;;;;;;;;;;0;0;0;3;;;0;1;Autovettura privata;In marcia / fermata / arresto;Alfa Lancia;Mito;Passeggero;1974;F;Illeso;0;;;
3549572;9;11/11/2017 23:30:00;;VIA FERDINANDO UGHELLI;da specificare;;;;fronte 6/b;Veicolo in marcia contro veicolo fermo;;;;;;;;;;0;0;0;3;;;0;2;Autovettura privata;In marcia / fermata / arresto;Fiat;Panda;Conducente;1989;M;Illeso;0;;;
3549584;9;11/11/2017 14:00:00;;VIA APPIA NUOVA;da specificare;;;;prossimità via Saluzzo;Tamponamento;;;;;;;;;;0;0;0;2;;;0;1;Autovettura privata;In marcia / fermata / arresto;Nissan;Juke;Conducente;1986;M;Illeso;0;;;
3549584;9;11/11/2017 14:00:00;;VIA APPIA NUOVA;da specificare;;;;prossimità via Saluzzo;Tamponamento;;;;;;;;;;0;0;0;2;;;0;2;Autovettura privata;In marcia / fermata / arresto;Hyundai;GETZ;Conducente;1983;M;Illeso;0;;;
3549604;13;11/11/2017 12:10:00;;VIALE ALESSANDRO MAGNO;da specificare;;;;altezza Via Pittaco;Tamponamento;;;;;;;;;;3;0;0;2;12,34882;41,74566;0;1;Autovettura privata;In marcia / fermata / arresto;Ford;Focus;Conducente;1977;M;Rimandato;0;NON DECEDUTO;;
3549604;13;11/11/2017 12:10:00;;VIALE ALESSANDRO MAGNO;da specificare;;;;altezza Via Pittaco;Tamponamento;;;;;;;;;;3;0;0;2;12,34882;41,74566;0;1;Autovettura privata;In marcia / fermata / arresto;Ford;Focus;Passeggero;1984;F;Illeso;0;;Non accertato;
3549604;13;11/11/2017 12:10:00;;VIALE ALESSANDRO MAGNO;da specificare;;;;altezza Via Pittaco;Tamponamento;;;;;;;;;;3;0;0;2;12,34882;41,74566;0;1;Autovettura privata;In marcia / fermata / arresto;Ford;Focus;Passeggero;2014;F;Rimandato;0;NON DECEDUTO;;
3549604;13;11/11/2017 12:10:00;;VIALE ALESSANDRO MAGNO;da specificare;;;;altezza Via Pittaco;Tamponamento;;;;;;;;;;3;0;0;2;12,34882;41,74566;0;1;Autovettura privata;In marcia / fermata / arresto;Ford;Focus;Passeggero;2017;M;Rimandato;0;NON DECEDUTO;;
3549604;13;11/11/2017 12:10:00;;VIALE ALESSANDRO MAGNO;da specificare;;;;altezza Via Pittaco;Tamponamento;;;;;;;;;;3;0;0;2;12,34882;41,74566;0;2;Autovettura privata;In marcia / fermata / arresto;Toyota;Yaris;Conducente;1966;M;Illeso;0;;;
3549606;13;11/11/2017 17:40:00;;VIA GIULIANO DA SANGALLO;all'intersezione con;VIA S. PIER DAMIANI;VIA S. PIER DAMIANI;;;Scontro frontale/laterale DX fra veicoli in marcia;;;;;;;;;;0;0;0;2;12,27314;41,73192;0;1;Autovettura privata;In marcia / fermata / arresto;Volkswagen;Polo;Conducente;1974;M;Illeso;0;;;
3549606;13;11/11/2017 17:40:00;;VIA GIULIANO DA SANGALLO;all'intersezione con;VIA S. PIER DAMIANI;VIA S. PIER DAMIANI;;;Scontro frontale/laterale DX fra veicoli in marcia;;;;;;;;;;0;0;0;2;12,27314;41,73192;0;2;Autovettura privata;In marcia / fermata / arresto;Renault;Megane;Conducente;1965;M;Illeso;0;;;
3549608;13;11/11/2017 16:00:00;;VIALE DEI ROMAGNOLI;in corrispondenza;;del civico n.;2179;;Veicolo in marcia contro ostacolo accidentale;;;;;;;;;;0;0;0;1;12,36486;41,7858;0;1;Autovettura privata;In marcia / fermata / arresto;Mercedes;A200;Conducente;1968;M;Illeso;0;;;
3549610;13;11/11/2017 13:30:00;;VIA VIGGIU';in corrispondenza;;del civico n.;9;;Scontro laterale fra veicoli in marcia;;;;;;;;;;0;0;0;2;12,3725;41,78602;0;1;Autovettura privata;In marcia / fermata / arresto;Volkswagen;Golf;Conducente;1977;M;Illeso;0;;;
3549610;13;11/11/2017 13:30:00;;VIA VIGGIU';in corrispondenza;;del civico n.;9;;Scontro laterale fra veicoli in marcia;;;;;;;;;;0;0;0;2;12,3725;41,78602;0;2;Autovettura privata;In marcia / fermata / arresto;Opel;Corsa;Conducente;1956;M;Illeso;0;;;
3549613;13;12/11/2017 04:15:00;;VIA TANCREDI CHIARALUCE;all'intersezione con;VIA DEL PONTE DI TOR BOACCIANA;VIA DEL PONTE DI TOR BOACCIANA;;;Fuoriuscita dalla sede stradale;;;;;;;;;;1;0;0;1;12,27778;41,75224;0;1;Autovettura privata;In marcia / fermata / arresto;Mercedes;A180;Conducente;1974;M;Illeso;0;;;
3549613;13;12/11/2017 04:15:00;;VIA TANCREDI CHIARALUCE;all'intersezione con;VIA DEL PONTE DI TOR BOACCIANA;VIA DEL PONTE DI TOR BOACCIANA;;;Fuoriuscita dalla sede stradale;;;;;;;;;;1;0;0;1;12,27778;41,75224;0;1;Autovettura privata;In marcia / fermata / arresto;Mercedes;A180;Passeggero;1971;M;Rimandato;0;NON DECEDUTO;Non accertato;Esploso
3549617;13;12/11/2017 10:45:00;Strada Urbana;PIAZZA MARCO VIPSANIO AGRIPPA;in corrispondenza;;del civico n.;21;;Scontro laterale fra veicoli in marcia;Rettilineo;Una carreggiata a doppio senso;Asciutto;Asfaltata;Assente;Sereno;Normale;Buona;Ore Diurne;0;0;0;2;12,26498;41,73605;0;1;Autovettura privata;In marcia / fermata / arresto;BMW;320;Conducente;1972;M;Illeso;0;;;
3549617;13;12/11/2017 10:45:00;Strada Urbana;PIAZZA MARCO VIPSANIO AGRIPPA;in corrispondenza;;del civico n.;21;;Scontro laterale fra veicoli in marcia;Rettilineo;Una carreggiata a doppio senso;Asciutto;Asfaltata;Assente;Sereno;Normale;Buona;Ore Diurne;0;0;0;2;12,26498;41,73605;0;2;Autovettura privata;In marcia / fermata / arresto;Fiat;Punto;Conducente;1950;M;Illeso;0;;;
3549620;13;12/11/2017 10:15:00;;VIA OSTIENSE;all'intersezione con;VIA DELLA STAZIONE DI ACILIA;VIA DELLA STAZIONE DI ACILIA;;;Scontro laterale fra veicoli in marcia;;;;;;;;;;0;0;0;4;12,35812;41,7828;0;1;Autovettura privata;In marcia / fermata / arresto;Fiat;Panda;Conducente;1937;M;Illeso;0;;;
3549620;13;12/11/2017 10:15:00;;VIA OSTIENSE;all'intersezione con;VIA DELLA STAZIONE DI ACILIA;VIA DELLA STAZIONE DI ACILIA;;;Scontro laterale fra veicoli in marcia;;;;;;;;;;0;0;0;4;12,35812;41,7828;0;1;Autovettura privata;In marcia / fermata / arresto;Fiat;Panda;Passeggero;1943;M;Illeso;0;;;
3549620;13;12/11/2017 10:15:00;;VIA OSTIENSE;all'intersezione con;VIA DELLA STAZIONE DI ACILIA;VIA DELLA STAZIONE DI ACILIA;;;Scontro laterale fra veicoli in marcia;;;;;;;;;;0;0;0;4;12,35812;41,7828;0;2;Autovettura privata;In marcia / fermata / arresto;Volkswagen;Golf;Conducente;1986;M;Illeso;0;;;
3549620;13;12/11/2017 10:15:00;;VIA OSTIENSE;all'intersezione con;VIA DELLA STAZIONE DI ACILIA;VIA DELLA STAZIONE DI ACILIA;;;Scontro laterale fra veicoli in marcia;;;;;;;;;;0;0;0;4;12,35812;41,7828;0;2;Autovettura privata;In marcia / fermata / arresto;Volkswagen;Golf;Passeggero;1983;M;Illeso;0;;;
3549659;6;11/11/2017 14:00:00;Strada Urbana;VIA L'AQUILA;da specificare;;;;altezza Via Ascoli Piceno;Scontro frontale/laterale SX fra veicoli in marcia;Rettilineo;Una carreggiata a senso unico di marcia;Asciutto;Asfaltata;Verticale ed orizzontale;Sereno;Scarso;Buona;Ore Diurne;1;0;0;1;12,52575;41,8907;0;1;Motociclo a solo;In marcia / fermata / arresto;Yamaha;MBK;Conducente;1976;M;Rimandato;0;NON DECEDUTO;;
3549659;6;11/11/2017 14:00:00;Strada Urbana;VIA L'AQUILA;da specificare;;;;altezza Via Ascoli Piceno;Scontro frontale/laterale SX fra veicoli in marcia;Rettilineo;Una carreggiata a senso unico di marcia;Asciutto;Asfaltata;Verticale ed orizzontale;Sereno;Scarso;Buona;Ore Diurne;1;0;0;1;12,52575;41,8907;0;2;Autovettura privata;In marcia / fermata / arresto;Ford;Focus;Conducente;1966;M;Illeso;0;;;
3549662;2;10/11/2017 09:20:00;;CORSO TRIESTE;in corrispondenza;;del civico n.;155;;Scontro laterale fra veicoli in marcia;;;;;;;;;;0;0;0;2;;;0;1;Autovettura privata;In marcia / fermata / arresto;Toyota;I Q;Conducente;1987;F;Illeso;0;;;
3549662;2;10/11/2017 09:20:00;;CORSO TRIESTE;in corrispondenza;;del civico n.;155;;Scontro laterale fra veicoli in marcia;;;;;;;;;;0;0;0;2;;;0;2;Motociclo a solo;In marcia / fermata / arresto;Kawasaki;Ninja;Conducente;1985;M;Illeso;0;;;
3549663;2;10/11/2017 10:55:00;;CIRCONVALLAZIONE SALARIA;da specificare;;;;alt. PONTE DELLE VALLI - direz. Stadio;Veicolo in marcia contro veicolo fermo;;;;;;;;;;1;0;0;2;;;0;1;Motociclo a solo;In marcia / fermata / arresto;Suzuki;AN 400;Conducente;1992;M;Rimandato;0;NON DECEDUTO;;
3549663;2;10/11/2017 10:55:00;;CIRCONVALLAZIONE SALARIA;da specificare;;;;alt. PONTE DELLE VALLI - direz. Stadio;Veicolo in marcia contro veicolo fermo;;;;;;;;;;1;0;0;2;;;0;2;Autovettura privata;In marcia / fermata / arresto;Fiat;ULYSSE;Conducente;1970;M;Illeso;0;;;
3549663;2;10/11/2017 10:55:00;;CIRCONVALLAZIONE SALARIA;da specificare;;;;alt. PONTE DELLE VALLI - direz. Stadio;Veicolo in marcia contro veicolo fermo;;;;;;;;;;1;0;0;2;;;0;2;Autovettura privata;In marcia / fermata / arresto;Fiat;ULYSSE;Passeggero;1998;M;Illeso;0;;;
3549665;2;10/11/2017 10:35:00;;VIALE TIZIANO;in corrispondenza;;del civico n.;80;;Veicolo in marcia contro veicolo arresto;;;;;;;;;;0;0;0;3;;;0;1;Autovettura privata;In marcia / fermata / arresto;Hyundai;i20;Conducente;1957;F;Illeso;0;;;
3549665;2;10/11/2017 10:35:00;;VIALE TIZIANO;in corrispondenza;;del civico n.;80;;Veicolo in marcia contro veicolo arresto;;;;;;;;;;0;0;0;3;;;0;1;Autovettura privata;In marcia / fermata / arresto;Hyundai;i20;Passeggero;1977;F;Illeso;0;;;
3549665;2;10/11/2017 10:35:00;;VIALE TIZIANO;in corrispondenza;;del civico n.;80;;Veicolo in marcia contro veicolo arresto;;;;;;;;;;0;0;0;3;;;0;2;Autovettura privata;In marcia / fermata / arresto;Ford;Fiesta;Conducente;1946;M;Illeso;0;;;
3549666;2;10/11/2017 16:25:00;;VIA NOMENTANA;in corrispondenza;;del civico n.;fr. 134;;Tamponamento;;;;;;;;;;1;0;0;1;;;0;1;Autovettura privata;In marcia / fermata / arresto;Seat;Ibiza;Conducente;1993;M;Illeso;0;;;
3549666;2;10/11/2017 16:25:00;;VIA NOMENTANA;in corrispondenza;;del civico n.;fr. 134;;Tamponamento;;;;;;;;;;1;0;0;1;;;0;2;Motociclo a solo;In marcia / fermata / arresto;Piaggio;Beverly;Conducente;1959;M;Rimandato;0;NON DECEDUTO;;
3549668;2;11/11/2017 08:40:00;Strada Urbana;VIA FLAMINIA;in corrispondenza;;del civico n.;355;;Veicolo in marcia contro veicolo fermo;Rettilineo;Più di due carreggiate;Bagnato (umidità in atto);Asfaltata;Verticale ed orizzontale;Sereno;Scarso;Buona;Ore Diurne;0;0;0;2;12,46878;41,92908;0;1;Autovettura privata;In marcia / fermata / arresto;Citroen;C 4;Conducente;1954;M;Illeso;0;;;
3549668;2;11/11/2017 08:40:00;Strada Urbana;VIA FLAMINIA;in corrispondenza;;del civico n.;355;;Veicolo in marcia contro veicolo fermo;Rettilineo;Più di due carreggiate;Bagnato (umidità in atto);Asfaltata;Verticale ed orizzontale;Sereno;Scarso;Buona;Ore Diurne;0;0;0;2;12,46878;41,92908;0;2;Autovettura privata;In marcia / fermata / arresto;Mini;Cooper;Conducente;1981;M;Illeso;0;;;
3549670;2;11/11/2017 18:25:00;;LUNGOTEVERE DELLE NAVI;da specificare;;;;alt. P.LE DELLE BELLE ARTI;Scontro laterale fra veicoli in marcia;;;;;;;;;;0;0;0;2;;;0;1;Autovettura privata;In marcia / fermata / arresto;Jeep;CRD;Conducente;1957;F;Illeso;0;;;
3549670;2;11/11/2017 18:25:00;;LUNGOTEVERE DELLE NAVI;da specificare;;;;alt. P.LE DELLE BELLE ARTI;Scontro laterale fra veicoli in marcia;;;;;;;;;;0;0;0;2;;;0;2;Autovettura privata;In marcia / fermata / arresto;Ford;Fiesta;Conducente;1979;M;Illeso;0;;;
3549671;2;11/11/2017 13:00:00;;PIAZZA BUENOS AIRES;all'intersezione con;VIALE REGINA MARGHERITA;VIALE REGINA MARGHERITA;;;Scontro frontale fra veicoli in marcia;;;;;;;;;;1;0;0;2;;;0;1;Motociclo a solo;In marcia / fermata / arresto;Honda;sh300;Conducente;1987;F;Rimandato;0;NON DECEDUTO;Non accertato;
3549671;2;11/11/2017 13:00:00;;PIAZZA BUENOS AIRES;all'intersezione con;VIALE REGINA MARGHERITA;VIALE REGINA MARGHERITA;;;Scontro frontale fra veicoli in marcia;;;;;;;;;;1;0;0;2;;;0;2;Autovettura privata;In marcia / fermata / arresto;Ford;Fiesta;Conducente;1992;M;Illeso;0;;;
3549671;2;11/11/2017 13:00:00;;PIAZZA BUENOS AIRES;all'intersezione con;VIALE REGINA MARGHERITA;VIALE REGINA MARGHERITA;;;Scontro frontale fra veicoli in marcia;;;;;;;;;;1;0;0;2;;;0;2;Autovettura privata;In marcia / fermata / arresto;Ford;Fiesta;Passeggero;1997;F;Illeso;0;;;
3549672;2;11/11/2017 03:30:00;;VIALE DELLO SCALO S. LORENZO;in prossimità;;del civico n.;29;;Scontro laterale fra veicoli in marcia;;;;;;;;;;2;0;0;2;;;0;1;Motociclo con passeggero;In marcia / fermata / arresto;Honda;sh300;Conducente;1992;M;Rifiuta cure immediate;0;NON DECEDUTO;;
3549672;2;11/11/2017 03:30:00;;VIALE DELLO SCALO S. LORENZO;in prossimità;;del civico n.;29;;Scontro laterale fra veicoli in marcia;;;;;;;;;;2;0;0;2;;;0;1;Motociclo con passeggero;In marcia / fermata / arresto;Honda;sh300;Passeggero;1992;M;Rifiuta cure immediate;0;NON DECEDUTO;;
3549672;2;11/11/2017 03:30:00;;VIALE DELLO SCALO S. LORENZO;in prossimità;;del civico n.;29;;Scontro laterale fra veicoli in marcia;;;;;;;;;;2;0;0;2;;;0;2;Autovettura privata;In marcia / fermata / arresto;Toyota;Aygo;Conducente;1977;M;Illeso;0;;;
3549672;2;11/11/2017 03:30:00;;VIALE DELLO SCALO S. LORENZO;in prossimità;;del civico n.;29;;Scontro laterale fra veicoli in marcia;;;;;;;;;;2;0;0;2;;;0;2;Autovettura privata;In marcia / fermata / arresto;Toyota;Aygo;Passeggero;1997;M;Illeso;0;;;
3549673;2;12/11/2017 02:45:00;;VIALE SAN PAOLO DEL BRASILE;all'intersezione con;VIALE DEL GALOPPATOIO;VIALE DEL GALOPPATOIO;;;Scontro laterale fra veicoli in marcia;;;;;;;;;;0;0;0;3;;;0;1;Autovettura privata;In marcia / fermata / arresto;BMW;Z 4;Conducente;1992;M;Illeso;0;;;
3549673;2;12/11/2017 02:45:00;;VIALE SAN PAOLO DEL BRASILE;all'intersezione con;VIALE DEL GALOPPATOIO;VIALE DEL GALOPPATOIO;;;Scontro laterale fra veicoli in marcia;;;;;;;;;;0;0;0;3;;;0;1;Autovettura privata;In marcia / fermata / arresto;BMW;Z 4;Passeggero;1988;F;Illeso;0;;;
3549673;2;12/11/2017 02:45:00;;VIALE SAN PAOLO DEL BRASILE;all'intersezione con;VIALE DEL GALOPPATOIO;VIALE DEL GALOPPATOIO;;;Scontro laterale fra veicoli in marcia;;;;;;;;;;0;0;0;3;;;0;2;Autovettura pubblica;In marcia / fermata / arresto;Lancia;Thema;Conducente;1970;M;Illeso;0;;;
3549675;2;12/11/2017 04:10:00;;VIA CHIANA;all'intersezione con;VIA FUCINO;VIA FUCINO;;;Scontro frontale/laterale SX fra veicoli in marcia;;;;;;;;;;1;0;0;7;;;0;1;Autovettura privata;In marcia / fermata / arresto;Toyota;Yaris;Conducente;1997;F;Illeso;0;;;
3549675;2;12/11/2017 04:10:00;;VIA CHIANA;all'intersezione con;VIA FUCINO;VIA FUCINO;;;Scontro frontale/laterale SX fra veicoli in marcia;;;;;;;;;;1;0;0;7;;;0;1;Autovettura privata;In marcia / fermata / arresto;Toyota;Yaris;Passeggero;1997;M;Illeso;0;;;
3549675;2;12/11/2017 04:10:00;;VIA CHIANA;all'intersezione con;VIA FUCINO;VIA FUCINO;;;Scontro frontale/laterale SX fra veicoli in marcia;;;;;;;;;;1;0;0;7;;;0;1;Autovettura privata;In marcia / fermata / arresto;Toyota;Yaris;Passeggero;1998;M;Illeso;0;;;
3549675;2;12/11/2017 04:10:00;;VIA CHIANA;all'intersezione con;VIA FUCINO;VIA FUCINO;;;Scontro frontale/laterale SX fra veicoli in marcia;;;;;;;;;;1;0;0;7;;;0;1;Autovettura privata;In marcia / fermata / arresto;Toyota;Yaris;Passeggero;2000;F;Illeso;0;;;
3549675;2;12/11/2017 04:10:00;;VIA CHIANA;all'intersezione con;VIA FUCINO;VIA FUCINO;;;Scontro frontale/laterale SX fra veicoli in marcia;;;;;;;;;;1;0;0;7;;;0;2;Autovettura privata;In marcia / fermata / arresto;Toyota;Aygo;Conducente;1998;F;Illeso;0;;;
3549675;2;12/11/2017 04:10:00;;VIA CHIANA;all'intersezione con;VIA FUCINO;VIA FUCINO;;;Scontro frontale/laterale SX fra veicoli in marcia;;;;;;;;;;1;0;0;7;;;0;2;Autovettura privata;In marcia / fermata / arresto;Toyota;Aygo;Passeggero;1999;F;Illeso;0;;;
3549675;2;12/11/2017 04:10:00;;VIA CHIANA;all'intersezione con;VIA FUCINO;VIA FUCINO;;;Scontro frontale/laterale SX fra veicoli in marcia;;;;;;;;;;1;0;0;7;;;0;2;Autovettura privata;In marcia / fermata / arresto;Toyota;Aygo;Passeggero;1999;F;Rimandato;0;NON DECEDUTO;;
3549677;6;11/11/2017 17:10:00;Strada Urbana;VIA DEI GORDIANI;in prossimità;;del civico n.;28;;Scontro laterale fra veicoli in marcia;Rettilineo;Una carreggiata a doppio senso;Asciutto;Asfaltata;Assente;Sereno;Normale;Sufficiente;Ore Diurne;0;0;0;3;12,55265;41,87898;-1;1;Autovettura privata;In marcia / fermata / arresto;Toyota;Yaris;Conducente;1992;M;Illeso;0;;;
3549677;6;11/11/2017 17:10:00;Strada Urbana;VIA DEI GORDIANI;in prossimità;;del civico n.;28;;Scontro laterale fra veicoli in marcia;Rettilineo;Una carreggiata a doppio senso;Asciutto;Asfaltata;Assente;Sereno;Normale;Sufficiente;Ore Diurne;0;0;0;3;12,55265;41,87898;-1;2;Autovettura privata;In marcia / fermata / arresto;Nissan;Micra;Conducente;1962;M;Illeso;0;;;
3549677;6;11/11/2017 17:10:00;Strada Urbana;VIA DEI GORDIANI;in prossimità;;del civico n.;28;;Scontro laterale fra veicoli in marcia;Rettilineo;Una carreggiata a doppio senso;Asciutto;Asfaltata;Assente;Sereno;Normale;Sufficiente;Ore Diurne;0;0;0;3;12,55265;41,87898;-1;2;Autovettura privata;In marcia / fermata / arresto;Nissan;Micra;Passeggero;1963;M;Illeso;0;;;
3549683;6;11/11/2017 17:30:00;Strada Urbana;VIALE DELLA SERENISSIMA;all'intersezione con;VIA CHERSO;VIA CHERSO;;;Scontro frontale/laterale SX fra veicoli in marcia;Incrocio;Due carreggiate;Asciutto;Asfaltata;Verticale ed orizzontale;Sereno;Normale;Buona;Sufficiente;0;0;0;2;12,55899;41,89588;-1;1;Autocarro inferiore 35 q.;In marcia / fermata / arresto;Fiat;Iveco;Conducente;1951;M;Illeso;0;;;
3549683;6;11/11/2017 17:30:00;Strada Urbana;VIALE DELLA SERENISSIMA;all'intersezione con;VIA CHERSO;VIA CHERSO;;;Scontro frontale/laterale SX fra veicoli in marcia;Incrocio;Due carreggiate;Asciutto;Asfaltata;Verticale ed orizzontale;Sereno;Normale;Buona;Sufficiente;0;0;0;2;12,55899;41,89588;-1;2;Autovettura privata;In marcia / fermata / arresto;Renault;Clio;Conducente;1974;M;Illeso;0;;;