Protocollo;Gruppo;DataOraIncidente;Localizzazione1;STRADA1;Localizzazione2;STRADA2;Strada02;Chilometrica;DaSpecificare;NaturaIncidente;particolaritastrade;TipoStrada;FondoStradale;Pavimentazione;Segnaletica;CondizioneAtmosferica;Traffico;Visibilita;Illuminazione;NUM_FERITI;NUM_RISERVATA;NUM_MORTI;NUM_ILLESI;Longitudine;Latitudine;Confermato;Progressivo;TipoVeicolo;StatoVeicolo;Marca;Modello;TipoPersona;AnnoNascita;Sesso;Tipolesione;Deceduto;DecedutoDopo;CinturaCascoUtilizzato;Airbag;
3551999;8;13/11/2017 08:20:00;Strada Urbana;VIA DEL TORRACCIO DI TORRENOVA;in prossimità;;del civico n.;216;;Tamponamento Multiplo;Rettilineo;Una carreggiata a doppio senso;Asciutto;Asfaltata;Assente;Nuvoloso;Intenso;Buona;Ore Diurne;3;0;0;4;12,61977;41,87326;0;2;Autovettura privata;In marcia / fermata / arresto;Renault;Clio;Passeggero;1984;M;Illeso;0;;Non accertato;Inesploso
3551999;8;13/11/2017 08:20:00;Strada Urbana;VIA DEL TORRACCIO DI TORRENOVA;in prossimità;;del civico n.;216;;Tamponamento Multiplo;Rettilineo;Una carreggiata a doppio senso;Asciutto;Asfaltata;Assente;Nuvoloso;Intenso;Buona;Ore Diurne;3;0;0;4;12,61977;41,87326;0;3;Autovettura privata;In marcia / fermata / arresto;Ford;Fusion;Conducente;1970;F;Rifiuta cure immediate;0;NON DECEDUTO;Non accertato;Inesploso
3551999;8;13/11/2017 08:20:00;Strada Urbana;VIA DEL TORRACCIO DI TORRENOVA;in prossimità;;del civico n.;216;;Tamponamento Multiplo;Rettilineo;Una carreggiata a doppio senso;Asciutto;Asfaltata;Assente;Nuvoloso;Intenso;Buona;Ore Diurne;3;0;0;4;12,61977;41,87326;0;3;Autovettura privata;In marcia / fermata / arresto;Ford;Fusion;Passeggero;2007;M;Rifiuta cure immediate;0;NON DECEDUTO;Non accertato;Inesploso
3551999;8;13/11/2017 08:20:00;Strada Urbana;VIA DEL TORRACCIO DI TORRENOVA;in prossimità;;del civico n.;216;;Tamponamento Multiplo;Rettilineo;Una carreggiata a doppio senso;Asciutto;Asfaltata;Assente;Nuvoloso;Intenso;Buona;Ore Diurne;3;0;0;4;12,61977;41,87326;0;4;Autovettura privata;In marcia / fermata / arresto;Renault;Scenic;Conducente;1982;M;Illeso;0;;Non accertato;Inesploso
3552006;8;13/11/2017 22:00:00;;VIA DELL'ACQUA VERGINE;in prossimità;;del palo luce n.;28;;Scontro frontale/laterale SX fra veicoli in marcia;;;;;;;;;;0;0;0;2;;;0;1;Autovettura privata;In marcia / fermata / arresto;Smart ;(non accertato);Conducente;1999;M;Illeso;0;;;
3552006;8;13/11/2017 22:00:00;;VIA DELL'ACQUA VERGINE;in prossimità;;del palo luce n.;28;;Scontro frontale/laterale SX fra veicoli in marcia;;;;;;;;;;0;0;0;2;;;0;2;Autovettura privata;In marcia / fermata / arresto;Ford;Fusion;Conducente;1981;;Illeso;0;;;
3552012;5;13/11/2017 12:30:00;;VIA TIBURTINA;all'intersezione con;VIA DELLE CAVE DI PIETRALATA;VIA DELLE CAVE DI PIETRALATA;;;Tamponamento;;;;;;;;;;1;0;0;0;;;0;1;Autovettura privata;In marcia / fermata / arresto;Fiat;Punto;Conducente;0;M;Rimandato;0;NON DECEDUTO;;
3552014;11;13/11/2017 06:30:00;Strada Urbana;VIA APPIA PIGNATELLI;da specificare;;;;fronte palo Acea 74;Scontro frontale fra veicoli in marcia;Rettilineo;Una carreggiata a doppio senso;Asciutto;Asfaltata;Assente;Nuvoloso;Normale;Buona;Ore Diurne;1;0;0;1;12,53577;41,84608;0;1;Autovettura privata;In marcia / fermata / arresto;Fiat;Punto;Conducente;1975;F;Rimandato;0;NON DECEDUTO;Non accertato;
3552014;11;13/11/2017 06:30:00;Strada Urbana;VIA APPIA PIGNATELLI;da specificare;;;;fronte palo Acea 74;Scontro frontale fra veicoli in marcia;Rettilineo;Una carreggiata a doppio senso;Asciutto;Asfaltata;Assente;Nuvoloso;Normale;Buona;Ore Diurne;1;0;0;1;12,53577;41,84608;0;2;Autovettura privata;In marcia / fermata / arresto;Citroen;C 4;Conducente;1971;M;Illeso;0;;Non accertato;
3552015;8;13/11/2017 13:00:00;;VIA GIOVANNI RIZZI;in corrispondenza;;del civico n.;47;;Veicolo in marcia contro veicolo in sosta;;;;;;;;;;0;0;0;1;;;0;1;Autovettura privata;In marcia / fermata / arresto;Ford;Mondeo;Conducente;1976;M;Illeso;0;;Non utilizzato;
3552016;4;13/11/2017 14:10:00;;VIA TEOFILO FOLENGO;all'intersezione con;VIA DOMENICO COMPARETTI;VIA DOMENICO COMPARETTI;;;Scontro frontale/laterale DX fra veicoli in marcia;;;;;;;;;;2;0;0;1;;;0;1;Autovettura privata;In marcia / fermata / arresto;Fiat;Multipla;Conducente;1960;F;Rifiuta cure immediate;0;NON DECEDUTO;;
3552016;4;13/11/2017 14:10:00;;VIA TEOFILO FOLENGO;all'intersezione con;VIA DOMENICO COMPARETTI;VIA DOMENICO COMPARETTI;;;Scontro frontale/laterale DX fra veicoli in marcia;;;;;;;;;;2;0;0;1;;;0;1;Autovettura privata;In marcia / fermata / arresto;Fiat;Multipla;Passeggero;2003;M;Rifiuta cure immediate;0;NON DECEDUTO;;
3552016;4;13/11/2017 14:10:00;;VIA TEOFILO FOLENGO;all'intersezione con;VIA DOMENICO COMPARETTI;VIA DOMENICO COMPARETTI;;;Scontro frontale/laterale DX fra veicoli in marcia;;;;;;;;;;2;0;0;1;;;0;2;Autovettura privata;In marcia / fermata / arresto;Renault;Clio;Conducente;1934;F;Illeso;0;;;
3552023;11;13/11/2017 20:30:00;Strada Urbana;VIALE DEL CAMPO BOARIO;all'intersezione con;PIAZZA VITTORIO BOTTEGO;PIAZZA VITTORIO BOTTEGO;;;Scontro frontale/laterale DX fra veicoli in marcia;Rotatoria;Una carreggiata a doppio senso;Asciutto;Asfaltata;Verticale ed orizzontale;Nuvoloso;Scarso;Buona;Sufficiente;1;0;0;1;12,47795;41,87471;0;1;Autovettura pubblica;In marcia / fermata / arresto;Fiat;Stilo;Conducente;1956;M;Illeso;0;;;
3552023;11;13/11/2017 20:30:00;Strada Urbana;VIALE DEL CAMPO BOARIO;all'intersezione con;PIAZZA VITTORIO BOTTEGO;PIAZZA VITTORIO BOTTEGO;;;Scontro frontale/laterale DX fra veicoli in marcia;Rotatoria;Una carreggiata a doppio senso;Asciutto;Asfaltata;Verticale ed orizzontale;Nuvoloso;Scarso;Buona;Sufficiente;1;0;0;1;12,47795;41,87471;0;2;Motociclo a solo;In marcia / fermata / arresto;Peugeot;Tweet;Conducente;1973;M;Rimandato;0;NON DECEDUTO;;
3552025;9;14/11/2017 07:05:00;Strada Urbana;VIA DELLE CAVE;in corrispondenza;;del civico n.;60b;;Veicolo in marcia contro veicolo in sosta;Rettilineo;Due carreggiate;Asciutto;Asfaltata;Verticale ed orizzontale;Nuvoloso;Scarso;Buona;Ore Diurne;0;0;0;1;;;0;1;Autovettura privata;In marcia / fermata / arresto;Ford;Focus;Conducente;1991;M;Illeso;0;;;
3552035;8;13/11/2017 19:30:00;;VIA DI TORRENOVA;all'intersezione con;VIA ENDIMIONE;VIA ENDIMIONE;;;Scontro frontale/laterale DX fra veicoli in marcia;;;;;;;;;;0;0;0;2;;;0;1;Autovettura privata;In marcia / fermata / arresto;Alfa Romeo;156;Conducente;1961;M;Illeso;0;;Non accertato;Inesploso
3552035;8;13/11/2017 19:30:00;;VIA DI TORRENOVA;all'intersezione con;VIA ENDIMIONE;VIA ENDIMIONE;;;Scontro frontale/laterale DX fra veicoli in marcia;;;;;;;;;;0;0;0;2;;;0;2;Autovettura privata;In marcia / fermata / arresto;Mercedes;Classe A;Conducente;1984;F;Illeso;0;;Non accertato;Inesploso
3552037;1;13/11/2017 14:10:00;Strada Urbana;PIAZZA DI S. MARIA LIBERATRICE;all'intersezione con;VIA GINORI;VIA GINORI;;;Scontro frontale/laterale DX fra veicoli in marcia;Incrocio;Una carreggiata a senso unico di marcia;Asciutto;Asfaltata;Verticale ed orizzontale;Sereno;Normale;Buona;Ore Diurne;0;0;0;2;;;0;1;Autovettura privata;In marcia / fermata / arresto;Fiat;500 L;Conducente;1963;M;Illeso;0;;;
3552037;1;13/11/2017 14:10:00;Strada Urbana;PIAZZA DI S. MARIA LIBERATRICE;all'intersezione con;VIA GINORI;VIA GINORI;;;Scontro frontale/laterale DX fra veicoli in marcia;Incrocio;Una carreggiata a senso unico di marcia;Asciutto;Asfaltata;Verticale ed orizzontale;Sereno;Normale;Buona;Ore Diurne;0;0;0;2;;;0;2;Autovettura privata;In marcia / fermata / arresto;Daimler AG;Smart Fortwo coupè;Conducente;1975;F;Illeso;0;;;
3552039;20;13/11/2017 08:05:00;Provinciale;VIA TIBERINA;da specificare;;;;pross. Via di Grotta Oscura;Tamponamento Multiplo;Rettilineo;Una carreggiata a doppio senso;Bagnato (umidità in atto);Asfaltata;Verticale ed orizzontale;Nuvoloso;Normale;Sufficiente;Ore Diurne;1;0;0;2;12,50219;42,01113;-1;1;Autovettura privata;In marcia / fermata / arresto;Opel;AGILA;Conducente;1976;M;Illeso;0;;;
3552039;20;13/11/2017 08:05:00;Provinciale;VIA TIBERINA;da specificare;;;;pross. Via di Grotta Oscura;Tamponamento Multiplo;Rettilineo;Una carreggiata a doppio senso;Bagnato (umidità in atto);Asfaltata;Verticale ed orizzontale;Nuvoloso;Normale;Sufficiente;Ore Diurne;1;0;0;2;12,50219;42,01113;-1;2;Autovettura privata;In marcia / fermata / arresto;Fiat;Punto;Conducente;1963;M;Rifiuta cure immediate;0;NON DECEDUTO;;
3552039;20;13/11/2017 08:05:00;Provinciale;VIA TIBERINA;da specificare;;;;pross. Via di Grotta Oscura;Tamponamento Multiplo;Rettilineo;Una carreggiata a doppio senso;Bagnato (umidità in atto);Asfaltata;Verticale ed orizzontale;Nuvoloso;Normale;Sufficiente;Ore Diurne;1;0;0;2;12,50219;42,01113;-1;3;Autovettura privata;In marcia / fermata / arresto;Fiat;Panda Van;Conducente;1984;M;Illeso;0;;;
3552040;13;13/11/2017 15:30:00;Strada Urbana;VIALE DI CASTEL PORZIANO;in prossimità;;del civico n.;308;;Veicolo in marcia contro veicolo in sosta;Rettilineo;Una carreggiata a doppio senso;Asciutto;Asfaltata;Verticale ed orizzontale;Sereno;Normale;Buona;Ore Diurne;0;0;0;1;12,35053;41,73206;-1;1;Autovettura privata;In marcia / fermata / arresto;Lancia;Y;Conducente;1961;M;Illeso;0;;Non accertato;Esploso
3552041;8;13/11/2017 19:25:00;Regionale entro l'abitato;VIA PRENESTINA;da specificare;;;;alt. svincolo GRA Prenestina carreggiata esterna;Scontro laterale fra veicoli in marcia;Rettilineo;Una carreggiata a doppio senso;Asciutto;Asfaltata;Verticale ed orizzontale;Nuvoloso;Intenso;Insufficiente;Insufficiente;0;0;0;4;;;0;1;Motrice;In marcia / fermata / arresto;Volvo;FH;Conducente;1975;M;Illeso;0;;Non accertato;Inesploso
3552041;8;13/11/2017 19:25:00;Regionale entro l'abitato;VIA PRENESTINA;da specificare;;;;alt. svincolo GRA Prenestina carreggiata esterna;Scontro laterale fra veicoli in marcia;Rettilineo;Una carreggiata a doppio senso;Asciutto;Asfaltata;Verticale ed orizzontale;Nuvoloso;Intenso;Insufficiente;Insufficiente;0;0;0;4;;;0;2;Autovettura privata;In marcia / fermata / arresto;Ford;Fiesta;Conducente;1983;F;Illeso;0;;Non accertato;Inesploso
3552041;8;13/11/2017 19:25:00;Regionale entro l'abitato;VIA PRENESTINA;da specificare;;;;alt. svincolo GRA Prenestina carreggiata esterna;Scontro laterale fra veicoli in marcia;Rettilineo;Una carreggiata a doppio senso;Asciutto;Asfaltata;Verticale ed orizzontale;Nuvoloso;Intenso;Insufficiente;Insufficiente;0;0;0;4;;;0;2;Autovettura privata;In marcia / fermata / arresto;Ford;Fiesta;Passeggero;2009;F;Illeso;0;;Non accertato;Inesploso
3552041;8;13/11/2017 19:25:00;Regionale entro l'abitato;VIA PRENESTINA;da specificare;;;;alt. svincolo GRA Prenestina carreggiata esterna;Scontro laterale fra veicoli in marcia;Rettilineo;Una carreggiata a doppio senso;Asciutto;Asfaltata;Verticale ed orizzontale;Nuvoloso;Intenso;Insufficiente;Insufficiente;0;0;0;4;;;0;2;Autovettura privata;In marcia / fermata / arresto;Ford;Fiesta;Passeggero;2014;M;Illeso;0;;Non accertato;Inesploso
3552046;8;13/11/2017 17:05:00;Strada Urbana;VIA DI TOR BELLA MONACA;in prossimità;;del civico n.;471;;Scontro frontale/laterale DX fra veicoli in marcia;Rettilineo;Due carreggiate;Asciutto;Asfaltata;Verticale ed orizzontale;Sereno;Normale;Buona;Sufficiente;1;0;0;2;12,63193;41,8726;0;1;Autovettura privata;In marcia / fermata / arresto;Hyundai;Terracan;Conducente;1968;M;Illeso;0;;Non accertato;Inesploso
3552046;8;13/11/2017 17:05:00;Strada Urbana;VIA DI TOR BELLA MONACA;in prossimità;;del civico n.;471;;Scontro frontale/laterale DX fra veicoli in marcia;Rettilineo;Due carreggiate;Asciutto;Asfaltata;Verticale ed orizzontale;Sereno;Normale;Buona;Sufficiente;1;0;0;2;12,63193;41,8726;0;1;Autovettura privata;In marcia / fermata / arresto;Hyundai;Terracan;Passeggero;1986;M;Illeso;0;;Non accertato;Inesploso
3552046;8;13/11/2017 17:05:00;Strada Urbana;VIA DI TOR BELLA MONACA;in prossimità;;del civico n.;471;;Scontro frontale/laterale DX fra veicoli in marcia;Rettilineo;Due carreggiate;Asciutto;Asfaltata;Verticale ed orizzontale;Sereno;Normale;Buona;Sufficiente;1;0;0;2;12,63193;41,8726;0;2;Motociclo a solo;In marcia / fermata / arresto;Yamaha;Fazer;Conducente;1988;M;Rifiuta cure immediate;0;NON DECEDUTO;Non accertato;
3552047;7;13/11/2017 10:00:00;;VIA DELLE ACACIE;in corrispondenza;;del civico n.;51;;Scontro laterale fra veicoli in marcia;;;;;;;;;;1;0;0;2;12,56799;41,88826;0;1;Autocarro inferiore 35 q.;In marcia / fermata / arresto;Isuzu;NPR 85;Conducente;1958;M;Illeso;0;;Non accertato;Inesploso
3552047;7;13/11/2017 10:00:00;;VIA DELLE ACACIE;in corrispondenza;;del civico n.;51;;Scontro laterale fra veicoli in marcia;;;;;;;;;;1;0;0;2;12,56799;41,88826;0;2;Motociclo con passeggero;In marcia / fermata / arresto;Honda;SH 150;Conducente;1955;M;Rimandato;0;NON DECEDUTO;Non accertato;
3552047;7;13/11/2017 10:00:00;;VIA DELLE ACACIE;in corrispondenza;;del civico n.;51;;Scontro laterale fra veicoli in marcia;;;;;;;;;;1;0;0;2;12,56799;41,88826;0;2;Motociclo con passeggero;In marcia / fermata / arresto;Honda;SH 150;Passeggero;1956;M;Illeso;0;;;
3552049;8;13/11/2017 07:00:00;Strada Urbana;VIALE PAOLO FERDINANDO QUAGLIA;in prossimità;;del civico n.;166;;Investimento di pedone;Rettilineo;Una carreggiata a doppio senso;Asciutto;Asfaltata;Verticale ed orizzontale;Nuvoloso;Normale;Buona;Ore Diurne;1;0;0;1;12,64244;41,86899;0;;;;;;Pedone;1964;F;Rimandato;0;NON DECEDUTO;;
3552049;8;13/11/2017 07:00:00;Strada Urbana;VIALE PAOLO FERDINANDO QUAGLIA;in prossimità;;del civico n.;166;;Investimento di pedone;Rettilineo;Una carreggiata a doppio senso;Asciutto;Asfaltata;Verticale ed orizzontale;Nuvoloso;Normale;Buona;Ore Diurne;1;0;0;1;12,64244;41,86899;0;1;Motociclo a solo;In marcia / fermata / arresto;Yamaha;TMAX 500;Conducente;1962;M;Illeso;0;;Non accertato;
3552051;12;13/11/2017 13:15:00;Provinciale;VIA LAURENTINA;in corrispondenza;;della chilometrica;21;;Scontro frontale fra veicoli in marcia;Curva a visuale libera;Una carreggiata a doppio senso;Bagnato (umidità in atto);Asfaltata;Verticale ed orizzontale;Nuvoloso;Scarso;Buona;Ore Diurne;1;1;0;1;;;0;1;Motrice;In marcia / fermata / arresto;Renault;(non accertato);Conducente;1978;M;Illeso;0;;Non accertato;Inesploso
3552051;12;13/11/2017 13:15:00;Provinciale;VIA LAURENTINA;in corrispondenza;;della chilometrica;21;;Scontro frontale fra veicoli in marcia;Curva a visuale libera;Una carreggiata a doppio senso;Bagnato (umidità in atto);Asfaltata;Verticale ed orizzontale;Nuvoloso;Scarso;Buona;Ore Diurne;1;1;0;1;;;0;2;Autovettura privata;In marcia / fermata / arresto;Audi;A 3;Conducente;1972;M;Rimandato;0;NON DECEDUTO;Non accertato;Esploso
3552051;12;13/11/2017 13:15:00;Provinciale;VIA LAURENTINA;in corrispondenza;;della chilometrica;21;;Scontro frontale fra veicoli in marcia;Curva a visuale libera;Una carreggiata a doppio senso;Bagnato (umidità in atto);Asfaltata;Verticale ed orizzontale;Nuvoloso;Scarso;Buona;Ore Diurne;1;1;0;1;;;0;2;Autovettura privata;In marcia / fermata / arresto;Audi;A 3;Passeggero;1978;F;Prognosi riservata;0;NON DECEDUTO;Non accertato;Esploso
3552053;8;13/11/2017 11:20:00;Strada Urbana;VIA CRACOVIA;da specificare;;;;alt. ingresso Laboratorio di Ecologia Sperimentale;Tamponamento Multiplo;Rettilineo;Una carreggiata a doppio senso;Asciutto;Asfaltata;Verticale ed orizzontale;Sereno;Normale;Buona;Ore Diurne;0;0;0;4;12,62925;41,85142;0;1;Autovettura privata;In marcia / fermata / arresto;Toyota;IQ;Conducente;1992;M;Illeso;0;;Non accertato;Inesploso
3552053;8;13/11/2017 11:20:00;Strada Urbana;VIA CRACOVIA;da specificare;;;;alt. ingresso Laboratorio di Ecologia Sperimentale;Tamponamento Multiplo;Rettilineo;Una carreggiata a doppio senso;Asciutto;Asfaltata;Verticale ed orizzontale;Sereno;Normale;Buona;Ore Diurne;0;0;0;4;12,62925;41,85142;0;1;Autovettura privata;In marcia / fermata / arresto;Toyota;IQ;Passeggero;1993;F;Illeso;0;;Non accertato;Inesploso
3552053;8;13/11/2017 11:20:00;Strada Urbana;VIA CRACOVIA;da specificare;;;;alt. ingresso Laboratorio di Ecologia Sperimentale;Tamponamento Multiplo;Rettilineo;Una carreggiata a doppio senso;Asciutto;Asfaltata;Verticale ed orizzontale;Sereno;Normale;Buona;Ore Diurne;0;0;0;4;12,62925;41,85142;0;2;Autovettura privata;In marcia / fermata / arresto;Audi;A1;Conducente;1977;M;Illeso;0;;Non accertato;Inesploso
3552053;8;13/11/2017 11:20:00;Strada Urbana;VIA CRACOVIA;da specificare;;;;alt. ingresso Laboratorio di Ecologia Sperimentale;Tamponamento Multiplo;Rettilineo;Una carreggiata a doppio senso;Asciutto;Asfaltata;Verticale ed orizzontale;Sereno;Normale;Buona;Ore Diurne;0;0;0;4;12,62925;41,85142;0;3;Autovettura privata;In marcia / fermata / arresto;Opel;Corsa;Conducente;1996;M;Illeso;0;;Non accertato;Inesploso
3552058;8;13/11/2017 10:55:00;Statale entro l'abitato;VIA CASILINA;in prossimità;;del civico n.;1625;;Scontro laterale fra veicoli in marcia;Rettilineo;Due carreggiate;Bagnato (umidità in atto);Asfaltata;Verticale ed orizzontale;Nuvoloso;Normale;Sufficiente;Ore Diurne;0;0;0;2;12,64155;41,863;0;1;Motociclo a solo;In marcia / fermata / arresto;Yamaha;X - MAX;Conducente;1983;M;Illeso;0;;Non accertato;
3552058;8;13/11/2017 10:55:00;Statale entro l'abitato;VIA CASILINA;in prossimità;;del civico n.;1625;;Scontro laterale fra veicoli in marcia;Rettilineo;Due carreggiate;Bagnato (umidità in atto);Asfaltata;Verticale ed orizzontale;Nuvoloso;Normale;Sufficiente;Ore Diurne;0;0;0;2;12,64155;41,863;0;2;Autovettura privata;In marcia / fermata / arresto;Fiat;Panda;Conducente;1958;M;Illeso;0;;Non accertato;Inesploso
3552059;7;13/11/2017 17:50:00;Strada Urbana;VIA MOLFETTA;all'intersezione con;VIA MANFREDONIA;VIA MANFREDONIA;;;Scontro frontale/laterale DX fra veicoli in marcia;Incrocio;Una carreggiata a doppio senso;Asciutto;Asfaltata;Verticale ed orizzontale;Sereno;Normale;Buona;Sufficiente;0;0;0;2;12,57636;41,89002;-1;1;Autovettura privata;In marcia / fermata / arresto;Peugeot;206;Conducente;1993;M;Illeso;0;;Non accertato;Inesploso
3552059;7;13/11/2017 17:50:00;Strada Urbana;VIA MOLFETTA;all'intersezione con;VIA MANFREDONIA;VIA MANFREDONIA;;;Scontro frontale/laterale DX fra veicoli in marcia;Incrocio;Una carreggiata a doppio senso;Asciutto;Asfaltata;Verticale ed orizzontale;Sereno;Normale;Buona;Sufficiente;0;0;0;2;12,57636;41,89002;-1;2;Autovettura privata;In marcia / fermata / arresto;Opel;Zafira;Conducente;1963;M;Illeso;0;;;Inesploso
3552061;8;13/11/2017 10:15:00;Autostrada;CIRCONVALLAZIONE ORIENTALE;da specificare;;;;carreggiata esterna complanare uscita Prenestina;Scontro laterale fra veicoli in marcia;Rettilineo;Una carreggiata a senso unico di marcia;Asciutto;Asfaltata;Verticale ed orizzontale;Nuvoloso;Normale;Buona;Ore Diurne;0;0;0;2;;;0;1;Autovettura privata;In marcia / fermata / arresto;Fiat;Panda;Conducente;1948;M;Illeso;0;;Non accertato;Inesploso
3552061;8;13/11/2017 10:15:00;Autostrada;CIRCONVALLAZIONE ORIENTALE;da specificare;;;;carreggiata esterna complanare uscita Prenestina;Scontro laterale fra veicoli in marcia;Rettilineo;Una carreggiata a senso unico di marcia;Asciutto;Asfaltata;Verticale ed orizzontale;Nuvoloso;Normale;Buona;Ore Diurne;0;0;0;2;;;0;2;Motociclo a solo;In marcia / fermata / arresto;KTM;Duke;Conducente;1988;M;Illeso;0;;Non accertato;
3552065;8;13/11/2017 23:30:00;;VIA CASILINA;in corrispondenza;;del civico n.;2061/A;;Scontro frontale fra veicoli in marcia;;;;;;;;;;2;0;0;0;;;0;1;Autovettura privata;In marcia / fermata / arresto;Ford;Focus;Conducente;1981;M;Rifiuta cure immediate;0;NON DECEDUTO;Non accertato;Inesistente
3552065;8;13/11/2017 23:30:00;;VIA CASILINA;in corrispondenza;;del civico n.;2061/A;;Scontro frontale fra veicoli in marcia;;;;;;;;;;2;0;0;0;;;0;2;Autovettura privata;In marcia / fermata / arresto;Opel;Astra;Conducente;1970;M;Rimandato;0;NON DECEDUTO;Non utilizzato;Inesploso
3552066;13;13/11/2017 16:05:00;Strada Urbana;VIA DI ACILIA;all'intersezione con;VIA ADOLFO TOMMASI;VIA ADOLFO TOMMASI;;;Scontro frontale/laterale DX fra veicoli in marcia;Incrocio;Una carreggiata a doppio senso;Asciutto;Asfaltata;Orizzontale;Nuvoloso;Intenso;Buona;Ore Diurne;0;0;0;2;12,37143;41,77369;0;1;Autovettura privata;In marcia / fermata / arresto;Ford;FOCUS C - MAX;Conducente;1981;F;Illeso;0;;Non accertato;Inesploso
3552066;13;13/11/2017 16:05:00;Strada Urbana;VIA DI ACILIA;all'intersezione con;VIA ADOLFO TOMMASI;VIA ADOLFO TOMMASI;;;Scontro frontale/laterale DX fra veicoli in marcia;Incrocio;Una carreggiata a doppio senso;Asciutto;Asfaltata;Orizzontale;Nuvoloso;Intenso;Buona;Ore Diurne;0;0;0;2;12,37143;41,77369;0;2;Autovettura privata;In marcia / fermata / arresto;Volkswagen;Golf;Conducente;1984;M;Illeso;0;;Non accertato;Inesploso
3552070;13;13/11/2017 06:00:00;;VIA LITORANEA;in corrispondenza;;della chilometrica;8.2;;Veicolo in marcia contro ostacolo fisso;;;;;;;;;;1;0;0;0;12,37343;41,6877;0;1;Autovettura privata;In marcia / fermata / arresto;Fiat;500;Conducente;1976;M;Rimandato;0;NON DECEDUTO;;
3552075;16;13/11/2017 08:15:00;Strada Urbana;VIA GIACINTO CARINI;all'intersezione con;VIA FRANCESCO DAVERIO;VIA FRANCESCO DAVERIO;;;Scontro frontale/laterale DX fra veicoli in marcia;Intersezione non regolata/non segnalata;Una carreggiata a doppio senso;Asciutto;Asfaltata;Verticale ed orizzontale;Nuvoloso;Normale;Buona;Ore Diurne;0;0;0;2;;;0;1;Autovettura privata;In marcia / fermata / arresto;Ford;Fiesta;Conducente;0;M;Illeso;0;;;
3552075;16;13/11/2017 08:15:00;Strada Urbana;VIA GIACINTO CARINI;all'intersezione con;VIA FRANCESCO DAVERIO;VIA FRANCESCO DAVERIO;;;Scontro frontale/laterale DX fra veicoli in marcia;Intersezione non regolata/non segnalata;Una carreggiata a doppio senso;Asciutto;Asfaltata;Verticale ed orizzontale;Nuvoloso;Normale;Buona;Ore Diurne;0;0;0;2;;;0;2;Autovettura privata;In marcia / fermata / arresto;Nissan;Juke;Conducente;0;M;Illeso;0;;;
3552081;4;13/11/2017 14:20:00;;VIA SALARIA;da specificare;;;;dir. Roma centro pross. Ponte Salario;Tamponamento Multiplo;;;;;;;;;;0;0;0;4;;;0;1;Autovettura privata;In marcia / fermata / arresto;Audi;A 4;Conducente;1996;M;Illeso;0;;;
3552081;4;13/11/2017 14:20:00;;VIA SALARIA;da specificare;;;;dir. Roma centro pross. Ponte Salario;Tamponamento Multiplo;;;;;;;;;;0;0;0;4;;;0;1;Autovettura privata;In marcia / fermata / arresto;Audi;A 4;Passeggero;1990;M;Illeso;0;;;
3552081;4;13/11/2017 14:20:00;;VIA SALARIA;da specificare;;;;dir. Roma centro pross. Ponte Salario;Tamponamento Multiplo;;;;;;;;;;0;0;0;4;;;0;2;Autovettura privata;In marcia / fermata / arresto;Fiat;500;Conducente;1975;M;Illeso;0;;;
3552081;4;13/11/2017 14:20:00;;VIA SALARIA;da specificare;;;;dir. Roma centro pross. Ponte Salario;Tamponamento Multiplo;;;;;;;;;;0;0;0;4;;;0;3;Autovettura privata;In marcia / fermata / arresto;Nissan;Micra;Conducente;1964;M;Illeso;0;;;
3552095;1;13/11/2017 15:00:00;Strada Urbana;VIA MERULANA;all'intersezione con;VIA MECENATE;VIA MECENATE;;;Investimento di pedone;Intersezione stradale segnalata;Una carreggiata a doppio senso;Asciutto;Asfaltata;Verticale ed orizzontale;Nuvoloso;Scarso;Buona;Ore Diurne;1;0;0;1;;;0;;;;;;Pedone;1957;M;Rimandato;0;NON DECEDUTO;;
3552095;1;13/11/2017 15:00:00;Strada Urbana;VIA MERULANA;all'intersezione con;VIA MECENATE;VIA MECENATE;;;Investimento di pedone;Intersezione stradale segnalata;Una carreggiata a doppio senso;Asciutto;Asfaltata;Verticale ed orizzontale;Nuvoloso;Scarso;Buona;Ore Diurne;1;0;0;1;;;0;1;Autovettura privata;In marcia / fermata / arresto;Mercedes;(non accertato);Conducente;1976;M;Illeso;0;;Non accertato;Inesploso
3552101;4;13/11/2017 16:35:00;;VIA DELLA VERNA;all'intersezione semaforizzata con;VIALE ADRIATICO;VIALE ADRIATICO;;;Scontro laterale fra veicoli in marcia;;;;;;;;;;0;0;0;2;12,53714;41,94072;0;1;Autovettura privata;In marcia / fermata / arresto;Nissan;Micra;Conducente;1980;F;Illeso;0;;;
3552101;4;13/11/2017 16:35:00;;VIA DELLA VERNA;all'intersezione semaforizzata con;VIALE ADRIATICO;VIALE ADRIATICO;;;Scontro laterale fra veicoli in marcia;;;;;;;;;;0;0;0;2;12,53714;41,94072;0;2;Autovettura privata;In marcia / fermata / arresto;Volvo;245;Conducente;1953;M;Illeso;0;;;