Protocollo;Gruppo;DataOraIncidente;Localizzazione1;STRADA1;Localizzazione2;STRADA2;Strada02;Chilometrica;DaSpecificare;NaturaIncidente;particolaritastrade;TipoStrada;FondoStradale;Pavimentazione;Segnaletica;CondizioneAtmosferica;Traffico;Visibilita;Illuminazione;NUM_FERITI;NUM_RISERVATA;NUM_MORTI;NUM_ILLESI;Longitudine;Latitudine;Confermato;Progressivo;TipoVeicolo;StatoVeicolo;Marca;Modello;TipoPersona;AnnoNascita;Sesso;Tipolesione;Deceduto;DecedutoDopo;CinturaCascoUtilizzato;Airbag;
3552470;9;14/11/2017 08:00:00;;VIA DEMETRIADE;in corrispondenza;;del civico n.;79;;Scontro frontale/laterale SX fra veicoli in marcia;;;;;;;;;;1;0;0;2;12,53915;41,86208;0;1;Autovettura privata;In marcia / fermata / arresto;Opel;AGILA;Conducente;1975;F;Illeso;0;;Non accertato;Inesploso
3552470;9;14/11/2017 08:00:00;;VIA DEMETRIADE;in corrispondenza;;del civico n.;79;;Scontro frontale/laterale SX fra veicoli in marcia;;;;;;;;;;1;0;0;2;12,53915;41,86208;0;1;Autovettura privata;In marcia / fermata / arresto;Opel;AGILA;Passeggero;2011;M;Illeso;0;;Non accertato;Inesploso
3552470;9;14/11/2017 08:00:00;;VIA DEMETRIADE;in corrispondenza;;del civico n.;79;;Scontro frontale/laterale SX fra veicoli in marcia;;;;;;;;;;1;0;0;2;12,53915;41,86208;0;2;Motociclo a solo;In marcia / fermata / arresto;Honda;SH 300;Conducente;1970;M;Rimandato;0;NON DECEDUTO;Non accertato;
3552472;17;11/11/2017 11:34:00;Strada Urbana;VIALE DELLO STADIO OLIMPICO;da specificare;;;;PROSSIMITA' DOPO INGRESSO VIVAI MARI ;Veicolo in marcia contro ostacolo fisso;Rettilineo;Una carreggiata a senso unico di marcia;Asciutto;Asfaltata;Orizzontale;Sereno;Normale;Buona;Ore Diurne;0;0;0;3;12,45417;41,9299;0;1;Autovettura privata;In marcia / fermata / arresto;Audi;A3;Conducente;1944;M;Illeso;0;;;
3552472;17;11/11/2017 11:34:00;Strada Urbana;VIALE DELLO STADIO OLIMPICO;da specificare;;;;PROSSIMITA' DOPO INGRESSO VIVAI MARI ;Veicolo in marcia contro ostacolo fisso;Rettilineo;Una carreggiata a senso unico di marcia;Asciutto;Asfaltata;Orizzontale;Sereno;Normale;Buona;Ore Diurne;0;0;0;3;12,45417;41,9299;0;1;Autovettura privata;In marcia / fermata / arresto;Audi;A3;Passeggero;1947;M;Illeso;0;;;
3552472;17;11/11/2017 11:34:00;Strada Urbana;VIALE DELLO STADIO OLIMPICO;da specificare;;;;PROSSIMITA' DOPO INGRESSO VIVAI MARI ;Veicolo in marcia contro ostacolo fisso;Rettilineo;Una carreggiata a senso unico di marcia;Asciutto;Asfaltata;Orizzontale;Sereno;Normale;Buona;Ore Diurne;0;0;0;3;12,45417;41,9299;0;2;Autovettura privata;In marcia / fermata / arresto;Volkswagen;Polo;Conducente;1938;M;Illeso;0;;;
3552520;1;13/11/2017 11:15:00;Strada Urbana;VIA PRINCIPE AMEDEO;in prossimità;;del civico n.;301;;Scontro frontale fra veicoli in marcia;Rettilineo;Una carreggiata a senso unico di marcia;Bagnato (pioggia);Asfaltata;Verticale ed orizzontale;Nuvoloso;Normale;Buona;Ore Diurne;0;0;0;2;;;0;1;Autovettura privata;In marcia / fermata / arresto;Fiat;Punto;Conducente;1980;M;Illeso;0;;Non accertato;Inesploso
3552520;1;13/11/2017 11:15:00;Strada Urbana;VIA PRINCIPE AMEDEO;in prossimità;;del civico n.;301;;Scontro frontale fra veicoli in marcia;Rettilineo;Una carreggiata a senso unico di marcia;Bagnato (pioggia);Asfaltata;Verticale ed orizzontale;Nuvoloso;Normale;Buona;Ore Diurne;0;0;0;2;;;0;2;Autovettura privata;In marcia / fermata / arresto;Lancia;Lybra SW;Conducente;1990;M;Illeso;0;;Non accertato;
3552530;4;13/11/2017 18:40:00;;VIA NOMENTANA;da specificare;;;;fronte civico 546;Infortunio per sola frenata improvvisa;;;;;;;;;;0;0;0;2;12,55426;41,94185;0;;;;;;Pedone;2000;M;Illeso;0;;;
3552530;4;13/11/2017 18:40:00;;VIA NOMENTANA;da specificare;;;;fronte civico 546;Infortunio per sola frenata improvvisa;;;;;;;;;;0;0;0;2;12,55426;41,94185;0;1;Motociclo a solo;In marcia / fermata / arresto;Honda;SH 125;Conducente;1992;M;Illeso;0;;;
3552569;17;12/11/2017 17:00:00;Strada Urbana;VIALE GIULIO CESARE;all'intersezione semaforizzata con;VIA LEPANTO;VIA LEPANTO;;;Investimento di pedone;Intersezione semaforizzata;Più di due carreggiate;Bagnato (pioggia);Asfaltata;Verticale ed orizzontale;Pioggia in atto;Normale;Sufficiente;Sufficiente;1;0;0;4;12,46609;41,91152;0;;;;;;Pedone;1994;M;Rimandato;0;NON DECEDUTO;;
3552569;17;12/11/2017 17:00:00;Strada Urbana;VIALE GIULIO CESARE;all'intersezione semaforizzata con;VIA LEPANTO;VIA LEPANTO;;;Investimento di pedone;Intersezione semaforizzata;Più di due carreggiate;Bagnato (pioggia);Asfaltata;Verticale ed orizzontale;Pioggia in atto;Normale;Sufficiente;Sufficiente;1;0;0;4;12,46609;41,91152;0;1;Autovettura privata;In marcia / fermata / arresto;Fiat;500 L;Conducente;1981;M;Illeso;0;;;
3552569;17;12/11/2017 17:00:00;Strada Urbana;VIALE GIULIO CESARE;all'intersezione semaforizzata con;VIA LEPANTO;VIA LEPANTO;;;Investimento di pedone;Intersezione semaforizzata;Più di due carreggiate;Bagnato (pioggia);Asfaltata;Verticale ed orizzontale;Pioggia in atto;Normale;Sufficiente;Sufficiente;1;0;0;4;12,46609;41,91152;0;1;Autovettura privata;In marcia / fermata / arresto;Fiat;500 L;Passeggero;1949;F;Illeso;0;;;
3552569;17;12/11/2017 17:00:00;Strada Urbana;VIALE GIULIO CESARE;all'intersezione semaforizzata con;VIA LEPANTO;VIA LEPANTO;;;Investimento di pedone;Intersezione semaforizzata;Più di due carreggiate;Bagnato (pioggia);Asfaltata;Verticale ed orizzontale;Pioggia in atto;Normale;Sufficiente;Sufficiente;1;0;0;4;12,46609;41,91152;0;1;Autovettura privata;In marcia / fermata / arresto;Fiat;500 L;Passeggero;1983;F;Illeso;0;;;
3552569;17;12/11/2017 17:00:00;Strada Urbana;VIALE GIULIO CESARE;all'intersezione semaforizzata con;VIA LEPANTO;VIA LEPANTO;;;Investimento di pedone;Intersezione semaforizzata;Più di due carreggiate;Bagnato (pioggia);Asfaltata;Verticale ed orizzontale;Pioggia in atto;Normale;Sufficiente;Sufficiente;1;0;0;4;12,46609;41,91152;0;1;Autovettura privata;In marcia / fermata / arresto;Fiat;500 L;Passeggero;2015;M;Illeso;0;;;
3552572;10;14/11/2017 08:20:00;Strada Urbana;VIA PIZZO DI CALABRIA;in corrispondenza;;del civico n.;5;;Scontro frontale/laterale DX fra veicoli in marcia;Rettilineo;Una carreggiata a senso unico di marcia;Asciutto;Asfaltata;Assente;Nuvoloso;Normale;Buona;Ore Diurne;0;0;0;2;;;0;1;Autovettura privata;In marcia / fermata / arresto;Renault;Espace;Conducente;1957;M;Illeso;0;;Non accertato;Inesploso
3552572;10;14/11/2017 08:20:00;Strada Urbana;VIA PIZZO DI CALABRIA;in corrispondenza;;del civico n.;5;;Scontro frontale/laterale DX fra veicoli in marcia;Rettilineo;Una carreggiata a senso unico di marcia;Asciutto;Asfaltata;Assente;Nuvoloso;Normale;Buona;Ore Diurne;0;0;0;2;;;0;2;Autocarro inferiore 35 q.;In marcia / fermata / arresto;Ford;Transit Connect;Conducente;0;M;Illeso;0;;;
3552608;7;14/11/2017 10:50:00;Strada Urbana;VIA PAPIRIA;in prossimità;;del civico n.;134;;Tamponamento;Rettilineo;Una carreggiata a doppio senso;Bagnato (pioggia);Asfaltata;Verticale ed orizzontale;Pioggia in atto;Intenso;Buona;Ore Diurne;1;0;0;2;12,56579;41,86267;0;1;Autovettura privata;In marcia / fermata / arresto;Citroen;C1;Conducente;1989;M;Illeso;0;;;
3552608;7;14/11/2017 10:50:00;Strada Urbana;VIA PAPIRIA;in prossimità;;del civico n.;134;;Tamponamento;Rettilineo;Una carreggiata a doppio senso;Bagnato (pioggia);Asfaltata;Verticale ed orizzontale;Pioggia in atto;Intenso;Buona;Ore Diurne;1;0;0;2;12,56579;41,86267;0;2;Autovettura privata;In marcia / fermata / arresto;Fiat;Punto;Conducente;1958;M;Illeso;0;;Non accertato;Inesploso
3552608;7;14/11/2017 10:50:00;Strada Urbana;VIA PAPIRIA;in prossimità;;del civico n.;134;;Tamponamento;Rettilineo;Una carreggiata a doppio senso;Bagnato (pioggia);Asfaltata;Verticale ed orizzontale;Pioggia in atto;Intenso;Buona;Ore Diurne;1;0;0;2;12,56579;41,86267;0;2;Autovettura privata;In marcia / fermata / arresto;Fiat;Punto;Passeggero;1961;F;Rimandato;0;NON DECEDUTO;Non accertato;Inesploso
3552645;15;14/11/2017 10:20:00;;VIA POGGIO VERDE;da specificare;;;;pross.tà palo acea n. 42;Veicolo in marcia contro ostacolo fisso;;;;;;;;;;0;0;0;1;;;0;1;Autobus di linea;In marcia / fermata / arresto;Breda;Menarinibus;Conducente;0;M;Illeso;0;;;
3552651;6;14/11/2017 12:15:00;Strada Urbana;VIA VISCONTE MAGGIOLO;all'intersezione con;VIA DELLA MARRANELLA;VIA DELLA MARRANELLA;;;Scontro laterale fra veicoli in marcia;Incrocio;Una carreggiata a senso unico di marcia;Asciutto;Asfaltata;Verticale;Nuvoloso;Normale;Buona;Ore Diurne;0;0;0;3;12,54232;41,88328;-1;1;Autocarro inferiore 35 q.;In marcia / fermata / arresto;Ford;Transit;Conducente;1990;M;Illeso;0;;Non accertato;Inesploso
3552651;6;14/11/2017 12:15:00;Strada Urbana;VIA VISCONTE MAGGIOLO;all'intersezione con;VIA DELLA MARRANELLA;VIA DELLA MARRANELLA;;;Scontro laterale fra veicoli in marcia;Incrocio;Una carreggiata a senso unico di marcia;Asciutto;Asfaltata;Verticale;Nuvoloso;Normale;Buona;Ore Diurne;0;0;0;3;12,54232;41,88328;-1;2;Autocarro inferiore 35 q.;In marcia / fermata / arresto;Fiat;Ducato;Conducente;1976;M;Illeso;0;;;
3552651;6;14/11/2017 12:15:00;Strada Urbana;VIA VISCONTE MAGGIOLO;all'intersezione con;VIA DELLA MARRANELLA;VIA DELLA MARRANELLA;;;Scontro laterale fra veicoli in marcia;Incrocio;Una carreggiata a senso unico di marcia;Asciutto;Asfaltata;Verticale;Nuvoloso;Normale;Buona;Ore Diurne;0;0;0;3;12,54232;41,88328;-1;2;Autocarro inferiore 35 q.;In marcia / fermata / arresto;Fiat;Ducato;Passeggero;1977;M;Illeso;0;;Non accertato;Inesploso
3552655;17;12/11/2017 14:50:00;Strada Urbana;VIA VIRGILIO;in corrispondenza;;del civico n.;13;;Tamponamento;Rettilineo;Una carreggiata a senso unico di marcia;Asciutto;Asfaltata;Verticale ed orizzontale;Nuvoloso;Scarso;Buona;Ore Diurne;1;0;0;4;12,46594;41,90637;0;1;Autovettura privata;In marcia / fermata / arresto;Volkswagen;Golf;Conducente;1996;F;Illeso;0;;;
3552655;17;12/11/2017 14:50:00;Strada Urbana;VIA VIRGILIO;in corrispondenza;;del civico n.;13;;Tamponamento;Rettilineo;Una carreggiata a senso unico di marcia;Asciutto;Asfaltata;Verticale ed orizzontale;Nuvoloso;Scarso;Buona;Ore Diurne;1;0;0;4;12,46594;41,90637;0;2;Autovettura privata;In marcia / fermata / arresto;Toyota;Aygo;Conducente;1986;F;Rimandato;0;NON DECEDUTO;;
3552655;17;12/11/2017 14:50:00;Strada Urbana;VIA VIRGILIO;in corrispondenza;;del civico n.;13;;Tamponamento;Rettilineo;Una carreggiata a senso unico di marcia;Asciutto;Asfaltata;Verticale ed orizzontale;Nuvoloso;Scarso;Buona;Ore Diurne;1;0;0;4;12,46594;41,90637;0;2;Autovettura privata;In marcia / fermata / arresto;Toyota;Aygo;Passeggero;1965;F;Illeso;0;;;
3552655;17;12/11/2017 14:50:00;Strada Urbana;VIA VIRGILIO;in corrispondenza;;del civico n.;13;;Tamponamento;Rettilineo;Una carreggiata a senso unico di marcia;Asciutto;Asfaltata;Verticale ed orizzontale;Nuvoloso;Scarso;Buona;Ore Diurne;1;0;0;4;12,46594;41,90637;0;2;Autovettura privata;In marcia / fermata / arresto;Toyota;Aygo;Passeggero;2003;F;Illeso;0;;;
3552676;15;14/11/2017 08:10:00;;VIA GIUSEPPE LUNATI;in prossimità;;del civico n.;2;;Veicolo in marcia contro veicolo in sosta;;;;;;;;;;0;0;0;1;;;0;2;Autovettura privata;In marcia / fermata / arresto;IRIBUS;491E;Conducente;0;M;Illeso;0;;;
3552751;17;13/11/2017 13:30:00;Strada Urbana;VIALE VATICANO;all'intersezione con;VIA TUNISI;VIA TUNISI;;;Tamponamento;Incrocio;Una carreggiata a doppio senso;Asciutto;Asfaltata;Verticale ed orizzontale;Nuvoloso;Normale;Buona;Ore Diurne;1;0;0;1;12,45317;41,90693;0;1;Autovettura privata;In marcia / fermata / arresto;Volkswagen;New Beetle;Conducente;1964;M;Illeso;0;;;
3552751;17;13/11/2017 13:30:00;Strada Urbana;VIALE VATICANO;all'intersezione con;VIA TUNISI;VIA TUNISI;;;Tamponamento;Incrocio;Una carreggiata a doppio senso;Asciutto;Asfaltata;Verticale ed orizzontale;Nuvoloso;Normale;Buona;Ore Diurne;1;0;0;1;12,45317;41,90693;0;2;Motociclo a solo;In marcia / fermata / arresto;Honda;SH 150;Conducente;1959;M;Rimandato;0;NON DECEDUTO;;
3552752;2;13/11/2017 13:20:00;;VIALE PARIOLI;in prossimità;;del civico n.;45;;Scontro laterale fra veicoli in marcia;;;;;;;;;;0;0;0;2;;;0;1;Autovettura privata;In marcia / fermata / arresto;Mercedes;Smart Forfour;Conducente;1981;F;Illeso;0;;;
3552752;2;13/11/2017 13:20:00;;VIALE PARIOLI;in prossimità;;del civico n.;45;;Scontro laterale fra veicoli in marcia;;;;;;;;;;0;0;0;2;;;0;2;Motociclo a solo;In marcia / fermata / arresto;Honda;@;Conducente;1980;M;Illeso;0;;;
3552757;5;14/11/2017 09:40:00;;VIALE MARX;da specificare;;;;Via Locke;Investimento di pedone;;;;;;;;;;0;1;0;1;;;0;;;;;;Pedone;1940;F;Prognosi riservata;0;NON DECEDUTO;;
3552757;5;14/11/2017 09:40:00;;VIALE MARX;da specificare;;;;Via Locke;Investimento di pedone;;;;;;;;;;0;1;0;1;;;0;1;Autovettura privata;In marcia / fermata / arresto;Toyota;Yaris;Conducente;1933;M;Illeso;0;;;
3552758;2;13/11/2017 17:50:00;;VIA TEMBIEN;in corrispondenza;;del civico n.;35;;Investimento di pedone;;;;;;;;;;1;0;0;3;;;0;;;;;;Pedone;0;M;Illeso;0;;;
3552758;2;13/11/2017 17:50:00;;VIA TEMBIEN;in corrispondenza;;del civico n.;35;;Investimento di pedone;;;;;;;;;;1;0;0;3;;;0;;;;;;Pedone;1956;M;Rimandato;0;NON DECEDUTO;;
3552758;2;13/11/2017 17:50:00;;VIA TEMBIEN;in corrispondenza;;del civico n.;35;;Investimento di pedone;;;;;;;;;;1;0;0;3;;;0;1;Autocarro inferiore 35 q.;In marcia / fermata / arresto;Fiat;Ducato;Conducente;1961;M;Illeso;0;;;
3552758;2;13/11/2017 17:50:00;;VIA TEMBIEN;in corrispondenza;;del civico n.;35;;Investimento di pedone;;;;;;;;;;1;0;0;3;;;0;1;Autocarro inferiore 35 q.;In marcia / fermata / arresto;Fiat;Ducato;Passeggero;1987;M;Illeso;0;;;
3552838;20;14/11/2017 13:15:00;Regionale entro l'abitato;VIA CASSIA;in corrispondenza;;del civico n.;882;;Scontro laterale fra veicoli in marcia;Rettilineo;Una carreggiata a doppio senso;Asciutto;Asfaltata;Verticale ed orizzontale;Nuvoloso;Normale;Buona;Ore Diurne;0;0;0;2;;;0;1;Autovettura privata;In marcia / fermata / arresto;Fiat;600;Conducente;1964;M;Illeso;0;;Non accertato;Inesploso
3552838;20;14/11/2017 13:15:00;Regionale entro l'abitato;VIA CASSIA;in corrispondenza;;del civico n.;882;;Scontro laterale fra veicoli in marcia;Rettilineo;Una carreggiata a doppio senso;Asciutto;Asfaltata;Verticale ed orizzontale;Nuvoloso;Normale;Buona;Ore Diurne;0;0;0;2;;;0;2;Motociclo a solo;In marcia / fermata / arresto;Honda;SH 300;Conducente;1994;M;Illeso;0;;Non accertato;
3552892;18;14/11/2017 07:05:00;Strada Urbana;VIA LEONE XIII;all'intersezione semaforizzata con;PIAZZA PIO XI;PIAZZA PIO XI;;;Ribaltamento senza urto contro ostacolo fisso;Intersezione semaforizzata;Due carreggiate;Asciutto;Asfaltata;Verticale ed orizzontale;Nuvoloso;Normale;Buona;Ore Diurne;0;0;0;1;12,44044;41,88694;0;1;Motociclo a solo;In marcia / fermata / arresto;Piaggio;Medley;Conducente;1992;M;Illeso;0;;;
3552897;18;14/11/2017 12:00:00;Strada Urbana;VIA BALDO DEGLI UBALDI;in prossimità;;del civico n.;378;;Scontro laterale fra veicoli in marcia;Rettilineo;Due carreggiate;Bagnato (pioggia);Asfaltata;Temporanea di cantiere;Pioggia in atto;Normale;Buona;Ore Diurne;1;0;0;1;12,441;41,90225;0;1;Autovettura privata;In marcia / fermata / arresto;Citroen;C 3;Conducente;1981;F;Illeso;0;;;
3552897;18;14/11/2017 12:00:00;Strada Urbana;VIA BALDO DEGLI UBALDI;in prossimità;;del civico n.;378;;Scontro laterale fra veicoli in marcia;Rettilineo;Due carreggiate;Bagnato (pioggia);Asfaltata;Temporanea di cantiere;Pioggia in atto;Normale;Buona;Ore Diurne;1;0;0;1;12,441;41,90225;0;2;Motociclo a solo;In marcia / fermata / arresto;Kymco;Downtown;Conducente;1966;F;Rimandato;0;NON DECEDUTO;;
3552973;12;13/11/2017 22:00:00;Strada Urbana;VIA MATTEO BARTOLI;all'intersezione con;VIA DELLA DIVISIONE TORINO;VIA DELLA DIVISIONE TORINO;;;Scontro frontale/laterale DX fra veicoli in marcia;Incrocio;Una carreggiata a doppio senso;Bagnato (pioggia);Asfaltata;Verticale ed orizzontale;Pioggia in atto;Scarso;Buona;Sufficiente;0;0;0;3;12,48891;41,81842;-1;1;Autovettura privata;In marcia / fermata / arresto;Hyundai;ix20;Conducente;1965;M;Illeso;0;;Utilizzato;Inesploso
3552973;12;13/11/2017 22:00:00;Strada Urbana;VIA MATTEO BARTOLI;all'intersezione con;VIA DELLA DIVISIONE TORINO;VIA DELLA DIVISIONE TORINO;;;Scontro frontale/laterale DX fra veicoli in marcia;Incrocio;Una carreggiata a doppio senso;Bagnato (pioggia);Asfaltata;Verticale ed orizzontale;Pioggia in atto;Scarso;Buona;Sufficiente;0;0;0;3;12,48891;41,81842;-1;2;Autovettura privata;In marcia / fermata / arresto;Nissan;QASHQAI;Conducente;1969;M;Illeso;0;;Non accertato;Inesploso
3552973;12;13/11/2017 22:00:00;Strada Urbana;VIA MATTEO BARTOLI;all'intersezione con;VIA DELLA DIVISIONE TORINO;VIA DELLA DIVISIONE TORINO;;;Scontro frontale/laterale DX fra veicoli in marcia;Incrocio;Una carreggiata a doppio senso;Bagnato (pioggia);Asfaltata;Verticale ed orizzontale;Pioggia in atto;Scarso;Buona;Sufficiente;0;0;0;3;12,48891;41,81842;-1;2;Autovettura privata;In marcia / fermata / arresto;Nissan;QASHQAI;Passeggero;2002;M;Illeso;0;;Utilizzato;Inesploso
3553082;12;14/11/2017 07:10:00;Provinciale entro l'abitato;VIA LAURENTINA;da specificare;;;;in prossimità di Via E. Amaldi;Scontro laterale fra veicoli in marcia;Rettilineo;Due carreggiate;Bagnato (umidità in atto);Asfaltata;Orizzontale;Nuvoloso;Normale;Buona;Ore Diurne;0;0;0;2;12,48098;41,79341;-1;1;Autovettura privata;In marcia / fermata / arresto;Renault;Clio;Conducente;1960;M;Illeso;0;;Non accertato;Inesploso
3553082;12;14/11/2017 07:10:00;Provinciale entro l'abitato;VIA LAURENTINA;da specificare;;;;in prossimità di Via E. Amaldi;Scontro laterale fra veicoli in marcia;Rettilineo;Due carreggiate;Bagnato (umidità in atto);Asfaltata;Orizzontale;Nuvoloso;Normale;Buona;Ore Diurne;0;0;0;2;12,48098;41,79341;-1;2;Autocarro superiore 35 q.;In marcia / fermata / arresto;Scania;124 G;Conducente;1971;M;Illeso;0;;Non accertato;Inesploso
3553098;12;14/11/2017 09:15:00;Provinciale entro l'abitato;VIA LAURENTINA;da specificare;;;;in corrispondenza di Via A. Cippico;Scontro frontale/laterale DX fra veicoli in marcia;Rettilineo;Due carreggiate;Bagnato (pioggia);Asfaltata;Orizzontale;Pioggia in atto;Normale;Buona;Ore Diurne;0;0;0;2;12,48105;41,8208;0;1;Autovettura privata;In marcia / fermata / arresto;Opel;Corsa;Conducente;1945;F;Illeso;0;;Non accertato;Inesploso
3553098;12;14/11/2017 09:15:00;Provinciale entro l'abitato;VIA LAURENTINA;da specificare;;;;in corrispondenza di Via A. Cippico;Scontro frontale/laterale DX fra veicoli in marcia;Rettilineo;Due carreggiate;Bagnato (pioggia);Asfaltata;Orizzontale;Pioggia in atto;Normale;Buona;Ore Diurne;0;0;0;2;12,48105;41,8208;0;2;Motociclo a solo;In marcia / fermata / arresto;Honda;CBR RR600;Conducente;1985;M;Illeso;0;;Utilizzato;
3553111;12;14/11/2017 14:50:00;Strada Urbana;PIAZZA GUIDO PIOVENE;all'intersezione con;VIALE IGNAZIO SILONE;VIALE IGNAZIO SILONE;;;Scontro laterale fra veicoli in marcia;Rotatoria;Una carreggiata a senso unico di marcia;Bagnato (pioggia);Asfaltata;Verticale ed orizzontale;Pioggia in atto;Normale;Buona;Ore Diurne;0;0;0;3;12,46613;41,81247;0;1;Autovettura privata;In marcia / fermata / arresto;Fiat;Panda;Conducente;1998;F;Illeso;0;;Utilizzato;Inesploso
3553111;12;14/11/2017 14:50:00;Strada Urbana;PIAZZA GUIDO PIOVENE;all'intersezione con;VIALE IGNAZIO SILONE;VIALE IGNAZIO SILONE;;;Scontro laterale fra veicoli in marcia;Rotatoria;Una carreggiata a senso unico di marcia;Bagnato (pioggia);Asfaltata;Verticale ed orizzontale;Pioggia in atto;Normale;Buona;Ore Diurne;0;0;0;3;12,46613;41,81247;0;1;Autovettura privata;In marcia / fermata / arresto;Fiat;Panda;Passeggero;1969;F;Illeso;0;;Utilizzato;Inesploso
3553111;12;14/11/2017 14:50:00;Strada Urbana;PIAZZA GUIDO PIOVENE;all'intersezione con;VIALE IGNAZIO SILONE;VIALE IGNAZIO SILONE;;;Scontro laterale fra veicoli in marcia;Rotatoria;Una carreggiata a senso unico di marcia;Bagnato (pioggia);Asfaltata;Verticale ed orizzontale;Pioggia in atto;Normale;Buona;Ore Diurne;0;0;0;3;12,46613;41,81247;0;2;Autovettura privata;In marcia / fermata / arresto;Alfa Romeo;MITO;Conducente;1973;F;Illeso;0;;Non accertato;Inesploso
3553122;10;14/11/2017 16:50:00;Strada Urbana;VIALE BRUNO RIZZIERI;all'intersezione con;VIALE BRUNO PELIZZI;VIALE BRUNO PELIZZI;;;Scontro laterale fra veicoli in marcia;Rotatoria;Due carreggiate;Asciutto;Asfaltata;Verticale ed orizzontale;Nuvoloso;Normale;Sufficiente;Sufficiente;0;0;0;3;;;0;1;Autovettura privata;In marcia / fermata / arresto;Volkswagen;Golf;Conducente;1978;M;Illeso;0;;Non accertato;Inesploso
3553122;10;14/11/2017 16:50:00;Strada Urbana;VIALE BRUNO RIZZIERI;all'intersezione con;VIALE BRUNO PELIZZI;VIALE BRUNO PELIZZI;;;Scontro laterale fra veicoli in marcia;Rotatoria;Due carreggiate;Asciutto;Asfaltata;Verticale ed orizzontale;Nuvoloso;Normale;Sufficiente;Sufficiente;0;0;0;3;;;0;2;Autovettura privata;In marcia / fermata / arresto;Toyota;AYGO';Conducente;1970;F;Illeso;0;;Non accertato;Inesploso
3553122;10;14/11/2017 16:50:00;Strada Urbana;VIALE BRUNO RIZZIERI;all'intersezione con;VIALE BRUNO PELIZZI;VIALE BRUNO PELIZZI;;;Scontro laterale fra veicoli in marcia;Rotatoria;Due carreggiate;Asciutto;Asfaltata;Verticale ed orizzontale;Nuvoloso;Normale;Sufficiente;Sufficiente;0;0;0;3;;;0;2;Autovettura privata;In marcia / fermata / arresto;Toyota;AYGO';Passeggero;2016;M;Illeso;0;;Non accertato;Inesploso
3553157;7;14/11/2017 07:30:00;Strada Urbana;VIA GIACOMO BRESADOLA;all'intersezione con;VIA FILIPPO SMALDONE;VIA FILIPPO SMALDONE;;;Scontro frontale/laterale DX fra veicoli in marcia;Incrocio;Una carreggiata a doppio senso;Asciutto;Asfaltata;Verticale ed orizzontale;Nuvoloso;Normale;Buona;Ore Diurne;0;0;0;2;12,56104;41,89376;-1;1;Autovettura privata;In marcia / fermata / arresto;Chevrolet;Matiz;Conducente;1970;M;Illeso;0;;;
3553157;7;14/11/2017 07:30:00;Strada Urbana;VIA GIACOMO BRESADOLA;all'intersezione con;VIA FILIPPO SMALDONE;VIA FILIPPO SMALDONE;;;Scontro frontale/laterale DX fra veicoli in marcia;Incrocio;Una carreggiata a doppio senso;Asciutto;Asfaltata;Verticale ed orizzontale;Nuvoloso;Normale;Buona;Ore Diurne;0;0;0;2;12,56104;41,89376;-1;2;Autovettura privata;In marcia / fermata / arresto;Kia;Picanto;Conducente;1952;M;Illeso;0;;;
3553191;10;14/11/2017 16:45:00;Strada Urbana;VIA ANAGNINA;in prossimità;;del civico n.;3;;Tamponamento Multiplo;Rettilineo;Una carreggiata a senso unico di marcia;Asciutto;Asfaltata;Verticale ed orizzontale;Nuvoloso;Normale;Sufficiente;Sufficiente;0;0;0;6;;;0;1;Autovettura privata;In marcia / fermata / arresto;Nissan;Micra;Conducente;1977;M;Illeso;0;;Non accertato;Inesploso
3553191;10;14/11/2017 16:45:00;Strada Urbana;VIA ANAGNINA;in prossimità;;del civico n.;3;;Tamponamento Multiplo;Rettilineo;Una carreggiata a senso unico di marcia;Asciutto;Asfaltata;Verticale ed orizzontale;Nuvoloso;Normale;Sufficiente;Sufficiente;0;0;0;6;;;0;1;Autovettura privata;In marcia / fermata / arresto;Nissan;Micra;Passeggero;1976;F;Illeso;0;;Non accertato;Inesploso
3553191;10;14/11/2017 16:45:00;Strada Urbana;VIA ANAGNINA;in prossimità;;del civico n.;3;;Tamponamento Multiplo;Rettilineo;Una carreggiata a senso unico di marcia;Asciutto;Asfaltata;Verticale ed orizzontale;Nuvoloso;Normale;Sufficiente;Sufficiente;0;0;0;6;;;0;1;Autovettura privata;In marcia / fermata / arresto;Nissan;Micra;Passeggero;2008;F;Illeso;0;;Non accertato;Inesploso
3553191;10;14/11/2017 16:45:00;Strada Urbana;VIA ANAGNINA;in prossimità;;del civico n.;3;;Tamponamento Multiplo;Rettilineo;Una carreggiata a senso unico di marcia;Asciutto;Asfaltata;Verticale ed orizzontale;Nuvoloso;Normale;Sufficiente;Sufficiente;0;0;0;6;;;0;1;Autovettura privata;In marcia / fermata / arresto;Nissan;Micra;Passeggero;2009;M;Illeso;0;;Non accertato;Inesploso
3553191;10;14/11/2017 16:45:00;Strada Urbana;VIA ANAGNINA;in prossimità;;del civico n.;3;;Tamponamento Multiplo;Rettilineo;Una carreggiata a senso unico di marcia;Asciutto;Asfaltata;Verticale ed orizzontale;Nuvoloso;Normale;Sufficiente;Sufficiente;0;0;0;6;;;0;2;Autovettura privata;In marcia / fermata / arresto;Opel;Corsa;Conducente;1990;F;Illeso;0;;Non accertato;Inesploso