Protocollo;Gruppo;DataOraIncidente;Localizzazione1;STRADA1;Localizzazione2;STRADA2;Strada02;Chilometrica;DaSpecificare;NaturaIncidente;particolaritastrade;TipoStrada;FondoStradale;Pavimentazione;Segnaletica;CondizioneAtmosferica;Traffico;Visibilita;Illuminazione;NUM_FERITI;NUM_RISERVATA;NUM_MORTI;NUM_ILLESI;Longitudine;Latitudine;Confermato;Progressivo;TipoVeicolo;StatoVeicolo;Marca;Modello;TipoPersona;AnnoNascita;Sesso;Tipolesione;Deceduto;DecedutoDopo;CinturaCascoUtilizzato;Airbag;
3553191;10;14/11/2017 16:45:00;Strada Urbana;VIA ANAGNINA;in prossimità;;del civico n.;3;;Tamponamento Multiplo;Rettilineo;Una carreggiata a senso unico di marcia;Asciutto;Asfaltata;Verticale ed orizzontale;Nuvoloso;Normale;Sufficiente;Sufficiente;0;0;0;6;;;0;3;Autovettura privata;In marcia / fermata / arresto;Peugeot;307;Conducente;1984;M;Illeso;0;;Non accertato;Inesploso
3553202;20;14/11/2017 08:30:00;Regionale entro l'abitato;VIA CASSIA;in corrispondenza;;del civico n.;2040;;Tamponamento Multiplo;Rettilineo;Una carreggiata a doppio senso;Asciutto;Asfaltata;Verticale ed orizzontale;Nuvoloso;Normale;Buona;Ore Diurne;2;0;0;2;12,37763;42,03506;0;1;Autovettura privata;In marcia / fermata / arresto;Ford;Fiesta;Conducente;1964;F;Rimandato;0;NON DECEDUTO;Non accertato;
3553202;20;14/11/2017 08:30:00;Regionale entro l'abitato;VIA CASSIA;in corrispondenza;;del civico n.;2040;;Tamponamento Multiplo;Rettilineo;Una carreggiata a doppio senso;Asciutto;Asfaltata;Verticale ed orizzontale;Nuvoloso;Normale;Buona;Ore Diurne;2;0;0;2;12,37763;42,03506;0;2;Autovettura privata;In marcia / fermata / arresto;Fiat;500 L;Conducente;1980;F;Rimandato;0;NON DECEDUTO;;
3553202;20;14/11/2017 08:30:00;Regionale entro l'abitato;VIA CASSIA;in corrispondenza;;del civico n.;2040;;Tamponamento Multiplo;Rettilineo;Una carreggiata a doppio senso;Asciutto;Asfaltata;Verticale ed orizzontale;Nuvoloso;Normale;Buona;Ore Diurne;2;0;0;2;12,37763;42,03506;0;3;Autovettura privata;In marcia / fermata / arresto;Volkswagen;Passat;Conducente;1987;M;Illeso;0;;Non accertato;
3553202;20;14/11/2017 08:30:00;Regionale entro l'abitato;VIA CASSIA;in corrispondenza;;del civico n.;2040;;Tamponamento Multiplo;Rettilineo;Una carreggiata a doppio senso;Asciutto;Asfaltata;Verticale ed orizzontale;Nuvoloso;Normale;Buona;Ore Diurne;2;0;0;2;12,37763;42,03506;0;4;Autovettura privata;In marcia / fermata / arresto;Suzuki;-;Conducente;1972;F;Illeso;0;;Non accertato;
3553206;20;14/11/2017 08:55:00;Strada Urbana;VIA GIOVANNI PALATUCCI;all'intersezione con;VIA MARINO DALMONTE;VIA MARINO DALMONTE;;;Scontro frontale/laterale DX fra veicoli in marcia;Incrocio;Una carreggiata a doppio senso;Asciutto;Asfaltata;Verticale ed orizzontale;Nuvoloso;Normale;Buona;Ore Diurne;0;0;0;2;;;0;1;Autovettura privata;In marcia / fermata / arresto;Honda;Civic;Conducente;1980;F;Illeso;0;;Non accertato;
3553206;20;14/11/2017 08:55:00;Strada Urbana;VIA GIOVANNI PALATUCCI;all'intersezione con;VIA MARINO DALMONTE;VIA MARINO DALMONTE;;;Scontro frontale/laterale DX fra veicoli in marcia;Incrocio;Una carreggiata a doppio senso;Asciutto;Asfaltata;Verticale ed orizzontale;Nuvoloso;Normale;Buona;Ore Diurne;0;0;0;2;;;0;2;Autovettura privata;In marcia / fermata / arresto;Renault;Clio;Conducente;1994;M;Illeso;0;;Non accertato;
3553212;17;13/11/2017 11:40:00;Strada Urbana;LUNGOTEVERE VATICANO;da specificare;;;;rampa altezza Largo Giovanni XXIII;Scontro laterale fra veicoli in marcia;Rettilineo;Due carreggiate;Asciutto;Acciotolata;Orizzontale;Nuvoloso;Intenso;Sufficiente;Ore Diurne;0;0;0;3;12,46442;41,90209;0;1;Autocarro inferiore 35 q.;In marcia / fermata / arresto;Fiat;Doblo';Conducente;1993;M;Illeso;0;;;
3553212;17;13/11/2017 11:40:00;Strada Urbana;LUNGOTEVERE VATICANO;da specificare;;;;rampa altezza Largo Giovanni XXIII;Scontro laterale fra veicoli in marcia;Rettilineo;Due carreggiate;Asciutto;Acciotolata;Orizzontale;Nuvoloso;Intenso;Sufficiente;Ore Diurne;0;0;0;3;12,46442;41,90209;0;2;Autovettura privata;In marcia / fermata / arresto;Renault;Twingo;Conducente;1976;M;Illeso;0;;;
3553212;17;13/11/2017 11:40:00;Strada Urbana;LUNGOTEVERE VATICANO;da specificare;;;;rampa altezza Largo Giovanni XXIII;Scontro laterale fra veicoli in marcia;Rettilineo;Due carreggiate;Asciutto;Acciotolata;Orizzontale;Nuvoloso;Intenso;Sufficiente;Ore Diurne;0;0;0;3;12,46442;41,90209;0;2;Autovettura privata;In marcia / fermata / arresto;Renault;Twingo;Passeggero;1991;M;Illeso;0;;;
3553244;17;13/11/2017 19:30:00;Strada Urbana;VIA ANDREA DORIA;in prossimità;;del civico n.;27;;Investimento di pedone;Rettilineo;Una carreggiata a doppio senso;Asciutto;Asfaltata;Verticale ed orizzontale;Sereno;Normale;Sufficiente;Sufficiente;1;0;0;3;12,45424;41,91025;0;;;;;;Pedone;1970;M;Rimandato;0;NON DECEDUTO;;
3553244;17;13/11/2017 19:30:00;Strada Urbana;VIA ANDREA DORIA;in prossimità;;del civico n.;27;;Investimento di pedone;Rettilineo;Una carreggiata a doppio senso;Asciutto;Asfaltata;Verticale ed orizzontale;Sereno;Normale;Sufficiente;Sufficiente;1;0;0;3;12,45424;41,91025;0;1;Autovettura privata;In marcia / fermata / arresto;Toyota;Yaris;Conducente;1975;F;Illeso;0;;;
3553244;17;13/11/2017 19:30:00;Strada Urbana;VIA ANDREA DORIA;in prossimità;;del civico n.;27;;Investimento di pedone;Rettilineo;Una carreggiata a doppio senso;Asciutto;Asfaltata;Verticale ed orizzontale;Sereno;Normale;Sufficiente;Sufficiente;1;0;0;3;12,45424;41,91025;0;1;Autovettura privata;In marcia / fermata / arresto;Toyota;Yaris;Passeggero;2009;F;Illeso;0;;;
3553250;17;13/11/2017 08:00:00;Strada Urbana;VIA CRESCENZIO;all'intersezione semaforizzata con;VIA TERENZIO;VIA TERENZIO;;;Veicolo in marcia contro ostacolo accidentale;Intersezione semaforizzata;Una carreggiata a senso unico di marcia;Viscido da liquidi oleosi;Acciotolata;Verticale ed orizzontale;Pioggia in atto;Intenso;Sufficiente;Ore Diurne;0;0;0;2;12,46343;41,90572;0;1;Autocarro inferiore 35 q.;In marcia / fermata / arresto;Mercedes;Benz;Conducente;1990;M;Illeso;0;;;
3553250;17;13/11/2017 08:00:00;Strada Urbana;VIA CRESCENZIO;all'intersezione semaforizzata con;VIA TERENZIO;VIA TERENZIO;;;Veicolo in marcia contro ostacolo accidentale;Intersezione semaforizzata;Una carreggiata a senso unico di marcia;Viscido da liquidi oleosi;Acciotolata;Verticale ed orizzontale;Pioggia in atto;Intenso;Sufficiente;Ore Diurne;0;0;0;2;12,46343;41,90572;0;2;Motociclo a solo;In marcia / fermata / arresto;Aprilia;Scarabeo;Conducente;1976;M;Illeso;0;;;
3553260;9;14/11/2017 17:50:00;;VIA MONSELICE;da specificare;;;;ALT. FRONTE STAZIONE F.S. TUSCOLANA;Investimento di pedone;;;;;;;;;;0;0;0;2;;;0;;;;;;Pedone;0;M;Illeso;0;;;
3553260;9;14/11/2017 17:50:00;;VIA MONSELICE;da specificare;;;;ALT. FRONTE STAZIONE F.S. TUSCOLANA;Investimento di pedone;;;;;;;;;;0;0;0;2;;;0;1;Autovettura privata;In marcia / fermata / arresto;Nissan;Micra;Conducente;0;M;Illeso;0;;;
3553588;7;14/11/2017 17:15:00;Strada Urbana;VIA COLLATINA;in prossimità;;del civico n.;130 a;;Tamponamento Multiplo;Rettilineo;Una carreggiata a doppio senso;Bagnato (pioggia);Asfaltata;Orizzontale;Nuvoloso;Normale;Sufficiente;Sufficiente;0;0;0;3;12,57013;41,90195;-1;1;Autovettura privata;In marcia / fermata / arresto;Opel;ADAM;Conducente;1994;M;Illeso;0;;;
3553588;7;14/11/2017 17:15:00;Strada Urbana;VIA COLLATINA;in prossimità;;del civico n.;130 a;;Tamponamento Multiplo;Rettilineo;Una carreggiata a doppio senso;Bagnato (pioggia);Asfaltata;Orizzontale;Nuvoloso;Normale;Sufficiente;Sufficiente;0;0;0;3;12,57013;41,90195;-1;2;Autovettura privata;In marcia / fermata / arresto;Mercedes;Smart Fortwo Coupè;Conducente;1977;M;Illeso;0;;;
3553588;7;14/11/2017 17:15:00;Strada Urbana;VIA COLLATINA;in prossimità;;del civico n.;130 a;;Tamponamento Multiplo;Rettilineo;Una carreggiata a doppio senso;Bagnato (pioggia);Asfaltata;Orizzontale;Nuvoloso;Normale;Sufficiente;Sufficiente;0;0;0;3;12,57013;41,90195;-1;3;Autovettura privata;In marcia / fermata / arresto;Fiat;Punto;Conducente;1974;M;Illeso;0;;;
3553591;11;14/11/2017 19:30:00;Strada Urbana;VIA EFESO;all'intersezione con;VIA CORINTO;VIA CORINTO;;;Scontro frontale/laterale SX fra veicoli in marcia;Intersezione stradale segnalata;Una carreggiata a senso unico di marcia;Bagnato (umidità in atto);Asfaltata;Verticale ed orizzontale;Nuvoloso;Scarso;Sufficiente;Sufficiente;1;0;0;2;12,47585;41,85433;0;1;Autovettura privata;In marcia / fermata / arresto;Toyota;Yaris Verso;Conducente;1967;M;Illeso;0;;Non accertato;
3553591;11;14/11/2017 19:30:00;Strada Urbana;VIA EFESO;all'intersezione con;VIA CORINTO;VIA CORINTO;;;Scontro frontale/laterale SX fra veicoli in marcia;Intersezione stradale segnalata;Una carreggiata a senso unico di marcia;Bagnato (umidità in atto);Asfaltata;Verticale ed orizzontale;Nuvoloso;Scarso;Sufficiente;Sufficiente;1;0;0;2;12,47585;41,85433;0;1;Autovettura privata;In marcia / fermata / arresto;Toyota;Yaris Verso;Passeggero;1969;M;Illeso;0;;Non accertato;
3553591;11;14/11/2017 19:30:00;Strada Urbana;VIA EFESO;all'intersezione con;VIA CORINTO;VIA CORINTO;;;Scontro frontale/laterale SX fra veicoli in marcia;Intersezione stradale segnalata;Una carreggiata a senso unico di marcia;Bagnato (umidità in atto);Asfaltata;Verticale ed orizzontale;Nuvoloso;Scarso;Sufficiente;Sufficiente;1;0;0;2;12,47585;41,85433;0;2;Motociclo a solo;In marcia / fermata / arresto;Honda;SH 125;Conducente;1989;M;Rifiuta cure immediate;0;NON DECEDUTO;;
3553614;18;15/11/2017 06:45:00;Strada Urbana;VIA DI ACQUAFREDDA;in corrispondenza;;del civico n.;177;;Investimento di pedone;Rettilineo;Una carreggiata a doppio senso;Asciutto;Asfaltata;Verticale ed orizzontale;Nuvoloso;Normale;Buona;Ore Diurne;1;0;0;1;12,39584;41,89763;-1;;;;;;Pedone;2003;F;Rimandato;0;NON DECEDUTO;;
3553614;18;15/11/2017 06:45:00;Strada Urbana;VIA DI ACQUAFREDDA;in corrispondenza;;del civico n.;177;;Investimento di pedone;Rettilineo;Una carreggiata a doppio senso;Asciutto;Asfaltata;Verticale ed orizzontale;Nuvoloso;Normale;Buona;Ore Diurne;1;0;0;1;12,39584;41,89763;-1;1;Autovettura privata;In marcia / fermata / arresto;Renault;Megane;Conducente;1984;M;Illeso;0;;Non accertato;Inesploso
3553622;11;14/11/2017 08:55:00;Strada Urbana;VIA ATTILIO AMBROSINI;da specificare;;;;prossimità fermata bus Piazzale del Caravaggio;Tamponamento Multiplo;Rettilineo;Due carreggiate;Bagnato (pioggia);Asfaltata;Verticale ed orizzontale;Pioggia in atto;Normale;Buona;Ore Diurne;0;0;0;3;12,49286;41,8511;0;1;Autovettura privata;In marcia / fermata / arresto;Kia;Venga;Conducente;1982;M;Illeso;0;;Non accertato;
3553622;11;14/11/2017 08:55:00;Strada Urbana;VIA ATTILIO AMBROSINI;da specificare;;;;prossimità fermata bus Piazzale del Caravaggio;Tamponamento Multiplo;Rettilineo;Due carreggiate;Bagnato (pioggia);Asfaltata;Verticale ed orizzontale;Pioggia in atto;Normale;Buona;Ore Diurne;0;0;0;3;12,49286;41,8511;0;2;Autovettura pubblica;In marcia / fermata / arresto;Toyota;Auris;Conducente;1973;M;Illeso;0;;Non accertato;
3553622;11;14/11/2017 08:55:00;Strada Urbana;VIA ATTILIO AMBROSINI;da specificare;;;;prossimità fermata bus Piazzale del Caravaggio;Tamponamento Multiplo;Rettilineo;Due carreggiate;Bagnato (pioggia);Asfaltata;Verticale ed orizzontale;Pioggia in atto;Normale;Buona;Ore Diurne;0;0;0;3;12,49286;41,8511;0;3;Autovettura privata;In marcia / fermata / arresto;Toyota;Corolla Verso;Conducente;1964;F;Illeso;0;;Non accertato;
3553637;15;14/11/2017 15:55:00;;VIA PORTUENSE;all'intersezione con;VIA GAETANO RAPPINI;VIA GAETANO RAPPINI;;;Tamponamento;;;;;;;;;;1;0;0;3;;;0;1;Motociclo con passeggero;In marcia / fermata / arresto;Honda;SH 125;Conducente;0;M;Illeso;0;;;
3553637;15;14/11/2017 15:55:00;;VIA PORTUENSE;all'intersezione con;VIA GAETANO RAPPINI;VIA GAETANO RAPPINI;;;Tamponamento;;;;;;;;;;1;0;0;3;;;0;1;Motociclo con passeggero;In marcia / fermata / arresto;Honda;SH 125;Passeggero;0;F;Rifiuta cure immediate;0;NON DECEDUTO;;
3553637;15;14/11/2017 15:55:00;;VIA PORTUENSE;all'intersezione con;VIA GAETANO RAPPINI;VIA GAETANO RAPPINI;;;Tamponamento;;;;;;;;;;1;0;0;3;;;0;2;Autovettura privata;In marcia / fermata / arresto;Fiat;Punto;Conducente;0;F;Illeso;0;;;
3553637;15;14/11/2017 15:55:00;;VIA PORTUENSE;all'intersezione con;VIA GAETANO RAPPINI;VIA GAETANO RAPPINI;;;Tamponamento;;;;;;;;;;1;0;0;3;;;0;2;Autovettura privata;In marcia / fermata / arresto;Fiat;Punto;Passeggero;0;M;Illeso;0;;;
3553642;7;14/11/2017 22:30:00;Strada Urbana;PIAZZA TOLOMEO;all'intersezione con;VIA GASPARE BALBI;VIA GASPARE BALBI;;;Investimento di pedone;Incrocio;Una carreggiata a senso unico di marcia;Asciutto;Asfaltata;Verticale ed orizzontale;Nuvoloso;Normale;Sufficiente;Sufficiente;1;0;0;1;12,53188;41,8857;0;;;;;;Pedone;1968;F;Rimandato;0;NON DECEDUTO;;
3553642;7;14/11/2017 22:30:00;Strada Urbana;PIAZZA TOLOMEO;all'intersezione con;VIA GASPARE BALBI;VIA GASPARE BALBI;;;Investimento di pedone;Incrocio;Una carreggiata a senso unico di marcia;Asciutto;Asfaltata;Verticale ed orizzontale;Nuvoloso;Normale;Sufficiente;Sufficiente;1;0;0;1;12,53188;41,8857;0;1;Autovettura privata;In marcia / fermata / arresto;Dacia;Sandero;Conducente;1990;F;Illeso;0;;;
3553644;13;14/11/2017 08:15:00;Strada Urbana;VIALE DEI ROMAGNOLI;all'intersezione con;VIA GIUSEPPE FIORELLI;VIA GIUSEPPE FIORELLI;;;Scontro frontale/laterale SX fra veicoli in marcia;Intersezione stradale segnalata;Una carreggiata a doppio senso;Bagnato (pioggia);Asfaltata;Verticale ed orizzontale;Nuvoloso;Normale;Buona;Ore Diurne;0;0;0;2;12,32241;41,76913;-1;1;Autovettura privata;In marcia / fermata / arresto;Hyundai;i 20;Conducente;1957;F;Illeso;0;;Non accertato;Inesploso
3553644;13;14/11/2017 08:15:00;Strada Urbana;VIALE DEI ROMAGNOLI;all'intersezione con;VIA GIUSEPPE FIORELLI;VIA GIUSEPPE FIORELLI;;;Scontro frontale/laterale SX fra veicoli in marcia;Intersezione stradale segnalata;Una carreggiata a doppio senso;Bagnato (pioggia);Asfaltata;Verticale ed orizzontale;Nuvoloso;Normale;Buona;Ore Diurne;0;0;0;2;12,32241;41,76913;-1;2;Autovettura privata;In marcia / fermata / arresto;Chevrolet;Matiz;Conducente;1952;F;Illeso;0;;Non accertato;Inesploso
3553651;20;15/11/2017 05:00:00;Strada Urbana;GALLERIA GIOVANNI XXIII;in corrispondenza;;della chilometrica;1.4;;Veicolo in marcia contro ostacolo fisso;Curva a visuale libera;Una carreggiata a senso unico di marcia;Asciutto;Asfaltata;Verticale ed orizzontale;Nuvoloso;Scarso;Buona;Sufficiente;0;0;0;1;;;0;1;Autovettura privata;In marcia / fermata / arresto;Ford;Focus;Conducente;1980;M;Illeso;0;;Non accertato;Inesploso
3553658;6;14/11/2017 19:45:00;Strada Urbana;VIA VERRIO FLACCO;all'intersezione con;VIA DI PORTONACCIO;VIA DI PORTONACCIO;;;Scontro laterale fra veicoli in marcia;Intersezione stradale segnalata;Una carreggiata a doppio senso;Bagnato (pioggia);Asfaltata;Verticale;Nuvoloso;Normale;Buona;Sufficiente;0;0;0;2;12,54198;41,89302;-1;1;Autovettura privata;In marcia / fermata / arresto;Mercedes;180;Conducente;1979;M;Illeso;0;;;
3553658;6;14/11/2017 19:45:00;Strada Urbana;VIA VERRIO FLACCO;all'intersezione con;VIA DI PORTONACCIO;VIA DI PORTONACCIO;;;Scontro laterale fra veicoli in marcia;Intersezione stradale segnalata;Una carreggiata a doppio senso;Bagnato (pioggia);Asfaltata;Verticale;Nuvoloso;Normale;Buona;Sufficiente;0;0;0;2;12,54198;41,89302;-1;2;Autovettura privata;In marcia / fermata / arresto;Renault;Kangoo;Conducente;1962;M;Illeso;0;;;
3553659;15;14/11/2017 17:20:00;Strada Urbana;VIA DELLE VIGNE;da specificare;;;;fronte civ. 46/H;Veicolo in marcia contro veicolo in sosta;Rettilineo;Una carreggiata a doppio senso;Asciutto;Asfaltata;Orizzontale;Nuvoloso;Normale;Buona;Sufficiente;0;0;0;2;12,42197;41,84034;-1;1;Autovettura privata;Sosta;Renault;Clio;Passeggero;2013;M;Illeso;0;;Utilizzato;
3553659;15;14/11/2017 17:20:00;Strada Urbana;VIA DELLE VIGNE;da specificare;;;;fronte civ. 46/H;Veicolo in marcia contro veicolo in sosta;Rettilineo;Una carreggiata a doppio senso;Asciutto;Asfaltata;Orizzontale;Nuvoloso;Normale;Buona;Sufficiente;0;0;0;2;12,42197;41,84034;-1;2;Autovettura privata;In marcia / fermata / arresto;Volkswagen;Touran;Conducente;1974;M;Illeso;0;;Utilizzato;
3553660;1;14/11/2017 17:30:00;Strada Urbana;LUNGOTEVERE RIPA;in prossimità;;del civico n.;1;;Investimento di pedone;Rettilineo;Una carreggiata a senso unico di marcia;Bagnato (pioggia);Asfaltata;Verticale ed orizzontale;Nuvoloso;Normale;Buona;Sufficiente;1;0;0;2;;;0;;;;;;Pedone;1977;M;Rimandato;0;NON DECEDUTO;;
3553660;1;14/11/2017 17:30:00;Strada Urbana;LUNGOTEVERE RIPA;in prossimità;;del civico n.;1;;Investimento di pedone;Rettilineo;Una carreggiata a senso unico di marcia;Bagnato (pioggia);Asfaltata;Verticale ed orizzontale;Nuvoloso;Normale;Buona;Sufficiente;1;0;0;2;;;0;1;Motociclo a solo;In marcia / fermata / arresto;BMW;1150 GS;Conducente;1974;M;Illeso;0;;Non accertato;
3553660;1;14/11/2017 17:30:00;Strada Urbana;LUNGOTEVERE RIPA;in prossimità;;del civico n.;1;;Investimento di pedone;Rettilineo;Una carreggiata a senso unico di marcia;Bagnato (pioggia);Asfaltata;Verticale ed orizzontale;Nuvoloso;Normale;Buona;Sufficiente;1;0;0;2;;;0;1;Motociclo a solo;In marcia / fermata / arresto;BMW;1150 GS;Passeggero;1987;F;Illeso;0;;Non accertato;
3553664;19;14/11/2017 18:15:00;Strada Urbana;VIALE DELLE MEDAGLIE D'ORO;in corrispondenza;;del civico n.;231;;Investimento di pedone;Rettilineo;Una carreggiata a doppio senso;Bagnato (umidità in atto);Asfaltata;Verticale ed orizzontale;Nuvoloso;Normale;Buona;Sufficiente;1;0;0;2;12,44219;41,91898;0;;;;;;Pedone;1995;F;Rimandato;0;NON DECEDUTO;;
3553664;19;14/11/2017 18:15:00;Strada Urbana;VIALE DELLE MEDAGLIE D'ORO;in corrispondenza;;del civico n.;231;;Investimento di pedone;Rettilineo;Una carreggiata a doppio senso;Bagnato (umidità in atto);Asfaltata;Verticale ed orizzontale;Nuvoloso;Normale;Buona;Sufficiente;1;0;0;2;12,44219;41,91898;0;;;;;;Pedone;1998;M;Illeso;0;;;
3553664;19;14/11/2017 18:15:00;Strada Urbana;VIALE DELLE MEDAGLIE D'ORO;in corrispondenza;;del civico n.;231;;Investimento di pedone;Rettilineo;Una carreggiata a doppio senso;Bagnato (umidità in atto);Asfaltata;Verticale ed orizzontale;Nuvoloso;Normale;Buona;Sufficiente;1;0;0;2;12,44219;41,91898;0;1;Autovettura privata;In marcia / fermata / arresto;Hyundai;GEZ;Conducente;1960;M;Illeso;0;;Non accertato;Inesploso
3553667;8;14/11/2017 09:00:00;Strada Urbana;VIA DI VERMICINO;da specificare;;;;altezza VIA TORRE DELLO STINCO;Tamponamento Multiplo;Rettilineo;Una carreggiata a doppio senso;Bagnato (pioggia);Asfaltata;Orizzontale;Pioggia in atto;Normale;Buona;Ore Diurne;1;0;0;2;12,66119;41,84236;0;1;Autovettura privata;In marcia / fermata / arresto;Volkswagen;Golf;Conducente;1974;M;Illeso;0;;Non accertato;Esploso
3553667;8;14/11/2017 09:00:00;Strada Urbana;VIA DI VERMICINO;da specificare;;;;altezza VIA TORRE DELLO STINCO;Tamponamento Multiplo;Rettilineo;Una carreggiata a doppio senso;Bagnato (pioggia);Asfaltata;Orizzontale;Pioggia in atto;Normale;Buona;Ore Diurne;1;0;0;2;12,66119;41,84236;0;2;Autovettura privata;In marcia / fermata / arresto;Citroen;C3 Picasso;Conducente;1981;M;Rifiuta cure immediate;0;NON DECEDUTO;Non accertato;Inesploso
3553667;8;14/11/2017 09:00:00;Strada Urbana;VIA DI VERMICINO;da specificare;;;;altezza VIA TORRE DELLO STINCO;Tamponamento Multiplo;Rettilineo;Una carreggiata a doppio senso;Bagnato (pioggia);Asfaltata;Orizzontale;Pioggia in atto;Normale;Buona;Ore Diurne;1;0;0;2;12,66119;41,84236;0;3;Autovettura privata;In marcia / fermata / arresto;Fiat;500;Conducente;1986;M;Illeso;0;;Non accertato;Inesploso
3553674;8;14/11/2017 11:20:00;Strada Urbana;VIALE DUILIO CAMBELLOTTI;da specificare;;;;prossimità METRO C dir. Oxford;Veicolo in marcia contro ostacolo fisso;Rettilineo;Due carreggiate;Bagnato (umidità in atto);Asfaltata;Verticale ed orizzontale;Nuvoloso;Normale;Buona;Ore Diurne;0;0;0;1;12,62671;41,86442;-1;1;Autovettura privata;In marcia / fermata / arresto;Chevrolet;Trax;Conducente;1998;F;Illeso;0;;Non accertato;Inesploso
3553678;8;13/11/2017 12:20:00;;VIA COLUMBIA;all'intersezione con;VIALE DELLA SORBONA;VIALE DELLA SORBONA;;;Scontro laterale fra veicoli in marcia;;;;;;;;;;1;0;0;0;12,61697;41,85573;0;1;Autovettura privata;In marcia / fermata / arresto;Peugeot;206;Conducente;1998;F;Rifiuta cure immediate;0;NON DECEDUTO;Non accertato;Inesploso
3553679;11;14/11/2017 17:25:00;Strada Urbana;VIA SIMONE MARTINI;in corrispondenza;;del civico n.;54;;Tamponamento;Rettilineo;Una carreggiata a doppio senso;Asciutto;Asfaltata;Verticale ed orizzontale;Nuvoloso;Normale;Sufficiente;Sufficiente;0;0;0;3;12,48813;41,82904;0;1;Autovettura privata;In marcia / fermata / arresto;Volkswagen;Polo;Conducente;1988;M;Illeso;0;;;
3553679;11;14/11/2017 17:25:00;Strada Urbana;VIA SIMONE MARTINI;in corrispondenza;;del civico n.;54;;Tamponamento;Rettilineo;Una carreggiata a doppio senso;Asciutto;Asfaltata;Verticale ed orizzontale;Nuvoloso;Normale;Sufficiente;Sufficiente;0;0;0;3;12,48813;41,82904;0;2;Autovettura privata;In marcia / fermata / arresto;Fiat;Croma;Conducente;1968;M;Illeso;0;;;
3553679;11;14/11/2017 17:25:00;Strada Urbana;VIA SIMONE MARTINI;in corrispondenza;;del civico n.;54;;Tamponamento;Rettilineo;Una carreggiata a doppio senso;Asciutto;Asfaltata;Verticale ed orizzontale;Nuvoloso;Normale;Sufficiente;Sufficiente;0;0;0;3;12,48813;41,82904;0;2;Autovettura privata;In marcia / fermata / arresto;Fiat;Croma;Passeggero;1970;F;Illeso;0;;;
3553681;8;14/11/2017 12:30:00;Strada Urbana;VIA FRONDAROLA;all'intersezione con;VIA MUTIGNANO;VIA MUTIGNANO;;;Scontro frontale fra veicoli in marcia;Incrocio;Una carreggiata a doppio senso;Asciutto;Asfaltata;Assente;Nuvoloso;Normale;Buona;Ore Diurne;0;0;0;2;12,71135;41,90669;0;1;Autovettura privata;In marcia / fermata / arresto;Alfa Romeo;156;Conducente;1969;M;Illeso;0;;Non accertato;Inesploso
3553681;8;14/11/2017 12:30:00;Strada Urbana;VIA FRONDAROLA;all'intersezione con;VIA MUTIGNANO;VIA MUTIGNANO;;;Scontro frontale fra veicoli in marcia;Incrocio;Una carreggiata a doppio senso;Asciutto;Asfaltata;Assente;Nuvoloso;Normale;Buona;Ore Diurne;0;0;0;2;12,71135;41,90669;0;2;Autovettura privata;In marcia / fermata / arresto;Audi;A4 Avant;Conducente;1973;M;Illeso;0;;Non accertato;Inesploso
3553686;8;14/11/2017 15:15:00;Strada Urbana;VIA DEL FOSSO DELL'OSA;all'intersezione con;VIA ROIO DEL SANGRO;VIA ROIO DEL SANGRO;;;Infortunio per caduta del veicolo;Incrocio;Una carreggiata a doppio senso;Asciutto;Asfaltata;Verticale ed orizzontale;Nuvoloso;Normale;Buona;Ore Diurne;1;0;0;1;12,68783;41,89874;0;1;Autovettura privata;In marcia / fermata / arresto;BMW;X 3;Conducente;1971;M;Illeso;0;;Non accertato;Inesploso
3553686;8;14/11/2017 15:15:00;Strada Urbana;VIA DEL FOSSO DELL'OSA;all'intersezione con;VIA ROIO DEL SANGRO;VIA ROIO DEL SANGRO;;;Infortunio per caduta del veicolo;Incrocio;Una carreggiata a doppio senso;Asciutto;Asfaltata;Verticale ed orizzontale;Nuvoloso;Normale;Buona;Ore Diurne;1;0;0;1;12,68783;41,89874;0;2;Motociclo a solo;In marcia / fermata / arresto;Yamaha;XP500;Conducente;1987;M;Rimandato;0;NON DECEDUTO;Non accertato;
3553691;8;14/11/2017 18:15:00;;VIA TERMINI IMERESE;all'intersezione con;VIA TERRASINI;VIA TERRASINI;;;Scontro frontale/laterale DX fra veicoli in marcia;;;;;;;;;;0;0;0;1;12,65584;41,87042;0;1;Autovettura privata;In marcia / fermata / arresto;Fiat;Punto;Conducente;1970;M;Illeso;0;;;
3553697;8;15/11/2017;Strada Urbana;VIA CASTELVETRANO;all'intersezione con;VIA NICOLOSI;VIA NICOLOSI;;;Scontro frontale/laterale DX fra veicoli in marcia;Incrocio;Una carreggiata a doppio senso;Bagnato (pioggia);Asfaltata;Verticale ed orizzontale;Nuvoloso;Scarso;Sufficiente;Sufficiente;0;0;0;1;12,66466;41,85536;0;1;Autovettura privata;In marcia / fermata / arresto;Fiat;500;Conducente;1986;M;Illeso;0;;Non accertato;Inesploso
3553699;11;14/11/2017 08:30:00;Strada Urbana;VIA LAURENTINA;all'intersezione con;PIAZZALE ROBERTO ARDIGO';PIAZZALE ROBERTO ARDIGO';;;Scontro laterale fra veicoli in marcia;Incrocio;Due carreggiate;Bagnato (pioggia);Asfaltata;Verticale ed orizzontale;Nuvoloso;Normale;Sufficiente;Ore Diurne;0;0;0;2;12,48084;41,84177;0;1;Autovettura privata;In marcia / fermata / arresto;Opel;Astra;Conducente;1966;M;Illeso;0;;Non accertato;