Protocollo;Gruppo;DataOraIncidente;Localizzazione1;STRADA1;Localizzazione2;STRADA2;Strada02;Chilometrica;DaSpecificare;NaturaIncidente;particolaritastrade;TipoStrada;FondoStradale;Pavimentazione;Segnaletica;CondizioneAtmosferica;Traffico;Visibilita;Illuminazione;NUM_FERITI;NUM_RISERVATA;NUM_MORTI;NUM_ILLESI;Longitudine;Latitudine;Confermato;Progressivo;TipoVeicolo;StatoVeicolo;Marca;Modello;TipoPersona;AnnoNascita;Sesso;Tipolesione;Deceduto;DecedutoDopo;CinturaCascoUtilizzato;Airbag;
3553959;4;14/11/2017 13:15:00;;VIA MONTE RUGGERO;all'intersezione con;VIA MONTE CARDONETO;VIA MONTE CARDONETO;;;Scontro frontale/laterale DX fra veicoli in marcia;;;;;;;;;;0;0;0;2;;;0;2;Autovettura privata;In marcia / fermata / arresto;Daewoo;Matiz;Conducente;1941;F;Illeso;0;;;
3553975;4;14/11/2017 21:15:00;Strada Urbana;CIRCONVALLAZIONE NOMENTANA;in corrispondenza;;del civico n.;1087;;Veicolo in marcia contro ostacolo fisso;Rettilineo;Una carreggiata a doppio senso;Asciutto;Asfaltata;Verticale ed orizzontale;Sereno;Normale;Buona;Sufficiente;0;0;0;2;12,52644;41,92169;0;1;Autovettura pubblica;In marcia / fermata / arresto;Audi;A3;Conducente;1962;M;Illeso;0;;Non accertato;Esploso
3553975;4;14/11/2017 21:15:00;Strada Urbana;CIRCONVALLAZIONE NOMENTANA;in corrispondenza;;del civico n.;1087;;Veicolo in marcia contro ostacolo fisso;Rettilineo;Una carreggiata a doppio senso;Asciutto;Asfaltata;Verticale ed orizzontale;Sereno;Normale;Buona;Sufficiente;0;0;0;2;12,52644;41,92169;0;1;Autovettura pubblica;In marcia / fermata / arresto;Audi;A3;Passeggero;1995;F;Illeso;0;;Non accertato;Esploso
3553977;18;15/11/2017 08:45:00;Strada Urbana;VIA DI BOCCEA;all'intersezione semaforizzata con;VIA DI S. GEMMA;VIA DI S. GEMMA;;;Scontro frontale/laterale DX fra veicoli in marcia;Intersezione semaforizzata;Una carreggiata a doppio senso;Asciutto;Asfaltata;Verticale ed orizzontale;Nuvoloso;Normale;Buona;Ore Diurne;0;0;0;2;12,36754;41,92339;0;1;Autovettura privata;In marcia / fermata / arresto;Fiat;Punto;Conducente;1989;M;Illeso;0;;Non accertato;Inesploso
3553977;18;15/11/2017 08:45:00;Strada Urbana;VIA DI BOCCEA;all'intersezione semaforizzata con;VIA DI S. GEMMA;VIA DI S. GEMMA;;;Scontro frontale/laterale DX fra veicoli in marcia;Intersezione semaforizzata;Una carreggiata a doppio senso;Asciutto;Asfaltata;Verticale ed orizzontale;Nuvoloso;Normale;Buona;Ore Diurne;0;0;0;2;12,36754;41,92339;0;2;Autovettura privata;In marcia / fermata / arresto;Toyota;Aygo;Conducente;1976;F;Illeso;0;;Non accertato;Inesploso
3553978;1;14/11/2017 14:15:00;Strada Urbana;VIA DI S. ANSELMO;all'intersezione con;VIA DI S. MELANIA;VIA DI S. MELANIA;;;Scontro frontale/laterale SX fra veicoli in marcia;Incrocio;Una carreggiata a senso unico di marcia;Bagnato (pioggia);Asfaltata;Verticale ed orizzontale;Pioggia in atto;Scarso;Buona;Ore Diurne;1;0;0;3;;;0;1;Autovettura privata;In marcia / fermata / arresto;Citroen;C 3;Conducente;1991;F;Rifiuta cure immediate;0;NON DECEDUTO;Non accertato;
3553978;1;14/11/2017 14:15:00;Strada Urbana;VIA DI S. ANSELMO;all'intersezione con;VIA DI S. MELANIA;VIA DI S. MELANIA;;;Scontro frontale/laterale SX fra veicoli in marcia;Incrocio;Una carreggiata a senso unico di marcia;Bagnato (pioggia);Asfaltata;Verticale ed orizzontale;Pioggia in atto;Scarso;Buona;Ore Diurne;1;0;0;3;;;0;2;Autovettura privata;In marcia / fermata / arresto;Fiat;Panda;Conducente;1970;F;Illeso;0;;Non accertato;
3553978;1;14/11/2017 14:15:00;Strada Urbana;VIA DI S. ANSELMO;all'intersezione con;VIA DI S. MELANIA;VIA DI S. MELANIA;;;Scontro frontale/laterale SX fra veicoli in marcia;Incrocio;Una carreggiata a senso unico di marcia;Bagnato (pioggia);Asfaltata;Verticale ed orizzontale;Pioggia in atto;Scarso;Buona;Ore Diurne;1;0;0;3;;;0;2;Autovettura privata;In marcia / fermata / arresto;Fiat;Panda;Passeggero;2005;M;Illeso;0;;Non accertato;
3553978;1;14/11/2017 14:15:00;Strada Urbana;VIA DI S. ANSELMO;all'intersezione con;VIA DI S. MELANIA;VIA DI S. MELANIA;;;Scontro frontale/laterale SX fra veicoli in marcia;Incrocio;Una carreggiata a senso unico di marcia;Bagnato (pioggia);Asfaltata;Verticale ed orizzontale;Pioggia in atto;Scarso;Buona;Ore Diurne;1;0;0;3;;;0;2;Autovettura privata;In marcia / fermata / arresto;Fiat;Panda;Passeggero;2006;F;Illeso;0;;Non accertato;
3553995;4;14/11/2017 16:10:00;Strada Urbana;VIA MONTE CARDONETO;in corrispondenza;;del civico n.;11;;Veicolo in marcia contro veicolo fermo;Rettilineo;Una carreggiata a doppio senso;Asciutto;Asfaltata;Verticale ed orizzontale;Nuvoloso;Scarso;Buona;Ore Diurne;0;0;0;2;;;0;1;Autovettura privata;In marcia / fermata / arresto;Opel;AGILA;Conducente;1969;F;Illeso;0;;;
3553995;4;14/11/2017 16:10:00;Strada Urbana;VIA MONTE CARDONETO;in corrispondenza;;del civico n.;11;;Veicolo in marcia contro veicolo fermo;Rettilineo;Una carreggiata a doppio senso;Asciutto;Asfaltata;Verticale ed orizzontale;Nuvoloso;Scarso;Buona;Ore Diurne;0;0;0;2;;;0;2;Autovettura privata;In marcia / fermata / arresto;Mercedes;Sprinter;Conducente;1988;M;Illeso;0;;;
3554007;1;14/11/2017 19:50:00;Strada Urbana;PIAZZA VITTORIO EMANUELE II;in prossimità;;del civico n.;110;;Investimento di pedone;Rettilineo;Una carreggiata a doppio senso;Asciutto;Asfaltata;Verticale ed orizzontale;Nuvoloso;Normale;Buona;Sufficiente;1;0;0;2;;;0;;;;;;Pedone;1980;M;Rimandato;0;NON DECEDUTO;;
3554007;1;14/11/2017 19:50:00;Strada Urbana;PIAZZA VITTORIO EMANUELE II;in prossimità;;del civico n.;110;;Investimento di pedone;Rettilineo;Una carreggiata a doppio senso;Asciutto;Asfaltata;Verticale ed orizzontale;Nuvoloso;Normale;Buona;Sufficiente;1;0;0;2;;;0;1;Autovettura privata;In marcia / fermata / arresto;Daihatsu;Terios;Conducente;1967;M;Illeso;0;;;
3554007;1;14/11/2017 19:50:00;Strada Urbana;PIAZZA VITTORIO EMANUELE II;in prossimità;;del civico n.;110;;Investimento di pedone;Rettilineo;Una carreggiata a doppio senso;Asciutto;Asfaltata;Verticale ed orizzontale;Nuvoloso;Normale;Buona;Sufficiente;1;0;0;2;;;0;1;Autovettura privata;In marcia / fermata / arresto;Daihatsu;Terios;Passeggero;2008;M;Illeso;0;;;
3554012;23;14/11/2017 17:10:00;Comunale extraurbana;VIA CRISTOFORO COLOMBO;in prossimità;;della chilometrica;11.55;;Scontro laterale fra veicoli in marcia;Rettilineo;Due carreggiate;Asciutto;Asfaltata;Orizzontale;Sereno;Intenso;Sufficiente;Inesistente;0;0;0;2;12,49637;41,87316;0;1;Autovettura privata;In marcia / fermata / arresto;Renault;Captur;Conducente;1974;F;Illeso;0;;Non accertato;Inesploso
3554012;23;14/11/2017 17:10:00;Comunale extraurbana;VIA CRISTOFORO COLOMBO;in prossimità;;della chilometrica;11.55;;Scontro laterale fra veicoli in marcia;Rettilineo;Due carreggiate;Asciutto;Asfaltata;Orizzontale;Sereno;Intenso;Sufficiente;Inesistente;0;0;0;2;12,49637;41,87316;0;2;Autovettura privata;In marcia / fermata / arresto;Mercedes;Classe A 180;Conducente;1974;M;Illeso;0;;Non accertato;Inesploso
3554014;2;14/11/2017 07:15:00;;VIA PINCIANA;in prossimità;;del civico n.;33;;Veicolo in marcia contro ostacolo accidentale;;;;;;;;;;0;0;0;1;;;0;1;Macchina operatrice;In marcia / fermata / arresto;Ravo;(ignoto);Conducente;1969;M;Illeso;0;;;
3554016;2;14/11/2017 08:45:00;;VIALE TIZIANO;all'intersezione con;VIA DORANDO PIETRI;VIA DORANDO PIETRI;;;Scontro laterale fra veicoli in marcia;;;;;;;;;;1;0;0;1;12,4704;41,92739;0;1;Autovettura privata;In marcia / fermata / arresto;Fiat;Panda;Conducente;1968;F;Illeso;0;;;
3554016;2;14/11/2017 08:45:00;;VIALE TIZIANO;all'intersezione con;VIA DORANDO PIETRI;VIA DORANDO PIETRI;;;Scontro laterale fra veicoli in marcia;;;;;;;;;;1;0;0;1;12,4704;41,92739;0;2;Motociclo a solo;In marcia / fermata / arresto;Aprilia;Scarabeo 125;Conducente;1978;F;Rimandato;0;NON DECEDUTO;;
3554025;2;14/11/2017 10:55:00;;VIALE SOMALIA;da specificare;;;;prox via Antrodoco;Scontro laterale fra veicoli in marcia;;;;;;;;;;0;0;0;2;;;0;1;Motociclo a solo;In marcia / fermata / arresto;BMW;R 100;Conducente;1966;M;Illeso;0;;;
3554025;2;14/11/2017 10:55:00;;VIALE SOMALIA;da specificare;;;;prox via Antrodoco;Scontro laterale fra veicoli in marcia;;;;;;;;;;0;0;0;2;;;0;2;Autocarro inferiore 35 q.;In marcia / fermata / arresto;Fiat;Ducato;Conducente;1962;M;Illeso;0;;;
3554028;2;14/11/2017 11:35:00;;VIA GIUSEPPE LUIGI LAGRANGE;all'intersezione con;VIA ANTONIO BERTOLONI;VIA ANTONIO BERTOLONI;;;Scontro laterale fra veicoli in marcia;;;;;;;;;;0;0;0;2;;;0;1;Motociclo a solo;In marcia / fermata / arresto;Kimco;People;Conducente;1969;F;Illeso;0;;;
3554028;2;14/11/2017 11:35:00;;VIA GIUSEPPE LUIGI LAGRANGE;all'intersezione con;VIA ANTONIO BERTOLONI;VIA ANTONIO BERTOLONI;;;Scontro laterale fra veicoli in marcia;;;;;;;;;;0;0;0;2;;;0;2;Autovettura privata;In marcia / fermata / arresto;Opel;Astra;Conducente;1951;M;Illeso;0;;;
3554030;2;14/11/2017 11:57:00;;VIA ANAPO;all'intersezione con;VIA FOGLIANO;VIA FOGLIANO;;;Scontro frontale/laterale DX fra veicoli in marcia;;;;;;;;;;1;0;0;1;;;0;1;Autovettura privata;In marcia / fermata / arresto;Fiat;500;Conducente;1968;M;Illeso;0;;;
3554030;2;14/11/2017 11:57:00;;VIA ANAPO;all'intersezione con;VIA FOGLIANO;VIA FOGLIANO;;;Scontro frontale/laterale DX fra veicoli in marcia;;;;;;;;;;1;0;0;1;;;0;2;Motociclo a solo;In marcia / fermata / arresto;Honda;SH150;Conducente;1986;F;Rimandato;0;NON DECEDUTO;;
3554049;9;15/11/2017 09:45:00;Strada Urbana;VIA DELLA MARRANA;da specificare;;;;ALT. FORNICE VIA DEL MANDRIONE;Scontro frontale fra veicoli in marcia;Curva senza visuale libera;Una carreggiata a doppio senso;Asciutto;Asfaltata;Verticale;Nuvoloso;Scarso;Buona;Ore Diurne;0;0;0;2;;;0;1;Autovettura privata;In marcia / fermata / arresto;Ford;Fiesta;Conducente;1994;F;Illeso;0;;Utilizzato;Inesploso
3554049;9;15/11/2017 09:45:00;Strada Urbana;VIA DELLA MARRANA;da specificare;;;;ALT. FORNICE VIA DEL MANDRIONE;Scontro frontale fra veicoli in marcia;Curva senza visuale libera;Una carreggiata a doppio senso;Asciutto;Asfaltata;Verticale;Nuvoloso;Scarso;Buona;Ore Diurne;0;0;0;2;;;0;2;Autovettura privata;In marcia / fermata / arresto;Audi;A1;Conducente;1964;F;Illeso;0;;Utilizzato;Inesploso
3554054;23;14/11/2017 19:40:00;Strada Urbana;PIAZZALE OSTIENSE;all'intersezione con;VIA OSTIENSE;VIA OSTIENSE;;;Scontro frontale/laterale SX fra veicoli in marcia;Intersezione semaforizzata;Più di due carreggiate;Bagnato (pioggia);Asfaltata;Verticale ed orizzontale;Nuvoloso;Normale;Buona;Sufficiente;2;0;0;1;12,48091;41,87571;-1;1;Motociclo a solo;In marcia / fermata / arresto;Honda;SH 125;Conducente;1991;M;Rifiuta cure immediate;0;NON DECEDUTO;Non accertato;
3554054;23;14/11/2017 19:40:00;Strada Urbana;PIAZZALE OSTIENSE;all'intersezione con;VIA OSTIENSE;VIA OSTIENSE;;;Scontro frontale/laterale SX fra veicoli in marcia;Intersezione semaforizzata;Più di due carreggiate;Bagnato (pioggia);Asfaltata;Verticale ed orizzontale;Nuvoloso;Normale;Buona;Sufficiente;2;0;0;1;12,48091;41,87571;-1;1;Motociclo a solo;In marcia / fermata / arresto;Honda;SH 125;Passeggero;1993;F;Rimandato;0;NON DECEDUTO;Utilizzato;
3554054;23;14/11/2017 19:40:00;Strada Urbana;PIAZZALE OSTIENSE;all'intersezione con;VIA OSTIENSE;VIA OSTIENSE;;;Scontro frontale/laterale SX fra veicoli in marcia;Intersezione semaforizzata;Più di due carreggiate;Bagnato (pioggia);Asfaltata;Verticale ed orizzontale;Nuvoloso;Normale;Buona;Sufficiente;2;0;0;1;12,48091;41,87571;-1;2;Autovettura privata;In marcia / fermata / arresto;Fiat;Punto;Conducente;1983;M;Illeso;0;;Non accertato;Inesploso
3554055;3;15/11/2017;;VIA GIOVANNI BATTISTA MORGAGNI;in prossimità;;del civico n.;21;;Infortunio per caduta del veicolo;;;;;;;;;;0;0;0;3;;;0;1;Autovettura privata;In marcia / fermata / arresto;Mercedes;VITO;Conducente;0;M;Illeso;0;;;
3554055;3;15/11/2017;;VIA GIOVANNI BATTISTA MORGAGNI;in prossimità;;del civico n.;21;;Infortunio per caduta del veicolo;;;;;;;;;;0;0;0;3;;;0;1;Autovettura privata;In marcia / fermata / arresto;Mercedes;VITO;Passeggero;0;M;Illeso;0;;;
3554055;3;15/11/2017;;VIA GIOVANNI BATTISTA MORGAGNI;in prossimità;;del civico n.;21;;Infortunio per caduta del veicolo;;;;;;;;;;0;0;0;3;;;0;2;Ciclomotore;In marcia / fermata / arresto;Aprilia;Scarabeo;Conducente;0;F;Illeso;0;;;
3554088;16;13/11/2017 18:00:00;;VIA DEL CASALETTO;in prossimità;;del civico n.;380;;Investimento di pedone;;;;;;;;;;2;0;0;0;12,43755;41,86392;0;;;;;;Pedone;0;F;Rimandato;0;NON DECEDUTO;;
3554088;16;13/11/2017 18:00:00;;VIA DEL CASALETTO;in prossimità;;del civico n.;380;;Investimento di pedone;;;;;;;;;;2;0;0;0;12,43755;41,86392;0;1;Motociclo con passeggero;In marcia / fermata / arresto;Suzuki;(ignoto);Conducente;1960;M;Rimandato;0;NON DECEDUTO;;
3554094;17;14/11/2017 17:15:00;Strada Urbana;VIALE DELLE MEDAGLIE D'ORO;in prossimità;;del civico n.;39;;Scontro laterale fra veicoli in marcia;Rettilineo;Una carreggiata a doppio senso;Asciutto;Asfaltata;Verticale ed orizzontale;Nuvoloso;Normale;Buona;Sufficiente;0;0;0;2;12,4463;41,91032;0;1;Autovettura privata;In marcia / fermata / arresto;Opel;Corsa;Conducente;1965;F;Illeso;0;;;
3554094;17;14/11/2017 17:15:00;Strada Urbana;VIALE DELLE MEDAGLIE D'ORO;in prossimità;;del civico n.;39;;Scontro laterale fra veicoli in marcia;Rettilineo;Una carreggiata a doppio senso;Asciutto;Asfaltata;Verticale ed orizzontale;Nuvoloso;Normale;Buona;Sufficiente;0;0;0;2;12,4463;41,91032;0;2;Motociclo a solo;In marcia / fermata / arresto;Honda;NC 750 XA ;Conducente;1980;M;Illeso;0;;;
3554096;1;14/11/2017 08:20:00;Strada Urbana;VIA MARMORATA;da specificare;;;;IN PROSSIMITA' FRONTE A. VOLTA;Veicolo in marcia contro veicolo fermo;Rettilineo;Una carreggiata a doppio senso;Asciutto;Asfaltata;Verticale ed orizzontale;Nuvoloso;Normale;Buona;Ore Diurne;0;0;0;2;;;0;1;Autovettura privata;In marcia / fermata / arresto;BMW;318 SW;Conducente;1945;F;Illeso;0;;Non accertato;
3554096;1;14/11/2017 08:20:00;Strada Urbana;VIA MARMORATA;da specificare;;;;IN PROSSIMITA' FRONTE A. VOLTA;Veicolo in marcia contro veicolo fermo;Rettilineo;Una carreggiata a doppio senso;Asciutto;Asfaltata;Verticale ed orizzontale;Nuvoloso;Normale;Buona;Ore Diurne;0;0;0;2;;;0;2;Autovettura pubblica;In marcia / fermata / arresto;Fiat;Qubo;Conducente;1969;M;Illeso;0;;Non accertato;
3554112;1;14/11/2017 21:40:00;Strada Urbana;VIA DI S. FRANCESCO DI SALES;in prossimità;;del civico n.;FC 14;;Veicolo in marcia contro veicolo in sosta;Rettilineo;Una carreggiata a senso unico di marcia;Asciutto;In cubetti di porfido;Verticale ed orizzontale;Nuvoloso;Scarso;Sufficiente;Sufficiente;0;0;0;1;;;0;2;Autovettura privata;In marcia / fermata / arresto;Ford;Focus;Conducente;1953;M;Illeso;0;;;
3554115;16;14/11/2017 08:15:00;;PIAZZA DI DONNA OLIMPIA;da specificare;;;;fronte civico 5;Scontro laterale fra veicoli in marcia;;;;;;;;;;0;0;0;2;12,45236;41,87756;0;1;Autocarro inferiore 35 q.;In marcia / fermata / arresto;Nissan;L60;Conducente;1974;M;Illeso;0;;;
3554115;16;14/11/2017 08:15:00;;PIAZZA DI DONNA OLIMPIA;da specificare;;;;fronte civico 5;Scontro laterale fra veicoli in marcia;;;;;;;;;;0;0;0;2;12,45236;41,87756;0;2;Autovettura privata;In marcia / fermata / arresto;Peugeot;107;Conducente;1952;M;Illeso;0;;;
3554120;26;07/11/2017 10:55:00;Strada Urbana;VIA DEI CERCHI;all'intersezione semaforizzata con;VIA DI S. TEODORO;VIA DI S. TEODORO;;;Infortunio per sola frenata improvvisa;Intersezione semaforizzata;Una carreggiata a senso unico di marcia;Bagnato (pioggia);In cubetti di porfido;Verticale ed orizzontale;Nuvoloso;Normale;Buona;Ore Diurne;1;0;0;0;12,48568;41,88682;-1;1;Motociclo a solo;In marcia / fermata / arresto;Honda;-;Conducente;1985;F;Rimandato;0;NON DECEDUTO;Utilizzato;
3554123;3;13/11/2017 19:10:00;;VIALE DELLO SCALO S. LORENZO;da specificare;;;;F.C. 16;Tamponamento;;;;;;;;;;0;0;0;3;;;0;1;Autovettura privata;In marcia / fermata / arresto;Renault;Captur;Conducente;0;M;Illeso;0;;;
3554123;3;13/11/2017 19:10:00;;VIALE DELLO SCALO S. LORENZO;da specificare;;;;F.C. 16;Tamponamento;;;;;;;;;;0;0;0;3;;;0;2;Autovettura privata;In marcia / fermata / arresto;Toyota;Yaris;Conducente;0;M;Illeso;0;;;
3554123;3;13/11/2017 19:10:00;;VIALE DELLO SCALO S. LORENZO;da specificare;;;;F.C. 16;Tamponamento;;;;;;;;;;0;0;0;3;;;0;2;Autovettura privata;In marcia / fermata / arresto;Toyota;Yaris;Passeggero;0;F;Illeso;0;;;
3554134;17;14/11/2017 18:25:00;Strada Urbana;CIRCONVALLAZIONE TRIONFALE;in corrispondenza;;del civico n.;9;;Tamponamento;Rettilineo;Due carreggiate;Asciutto;Asfaltata;Verticale ed orizzontale;Nuvoloso;Intenso;Buona;Sufficiente;0;0;0;2;12,44914;41,90981;0;1;Autovettura privata;In marcia / fermata / arresto;Mercedes;Smart For Two;Conducente;1993;F;Illeso;0;;;
3554134;17;14/11/2017 18:25:00;Strada Urbana;CIRCONVALLAZIONE TRIONFALE;in corrispondenza;;del civico n.;9;;Tamponamento;Rettilineo;Due carreggiate;Asciutto;Asfaltata;Verticale ed orizzontale;Nuvoloso;Intenso;Buona;Sufficiente;0;0;0;2;12,44914;41,90981;0;2;Motociclo a solo;In marcia / fermata / arresto;Yamaha;(non accertato);Conducente;1966;F;Illeso;0;;;
3554146;1;15/11/2017 08:40:00;Strada Urbana;PIAZZA DI PORTA PORTESE;in corrispondenza;;del palo luce n.;5;;Tamponamento;Rettilineo;Una carreggiata a doppio senso;Asciutto;In cubetti di porfido;Verticale;Nuvoloso;Normale;Buona;Ore Diurne;1;0;0;1;;;0;1;Autovettura pubblica;In marcia / fermata / arresto;Toyota;Prius Plus;Conducente;1952;M;Illeso;0;;;
3554146;1;15/11/2017 08:40:00;Strada Urbana;PIAZZA DI PORTA PORTESE;in corrispondenza;;del palo luce n.;5;;Tamponamento;Rettilineo;Una carreggiata a doppio senso;Asciutto;In cubetti di porfido;Verticale;Nuvoloso;Normale;Buona;Ore Diurne;1;0;0;1;;;0;2;Motociclo a solo;In marcia / fermata / arresto;Honda;SH 150;Conducente;1970;F;Rifiuta cure immediate;0;NON DECEDUTO;;
3554183;7;15/11/2017 10:46:00;Strada Urbana;VIA DEI CASTANI;all'intersezione con;VIA DEI GLICINI;VIA DEI GLICINI;;;Tamponamento;Incrocio;Una carreggiata a doppio senso;Asciutto;Asfaltata;Verticale ed orizzontale;Nuvoloso;Normale;Buona;Ore Diurne;0;0;0;2;;;0;1;Autovettura privata;In marcia / fermata / arresto;Fiat;Doblò;Conducente;1972;M;Illeso;0;;Non accertato;Inesploso
3554183;7;15/11/2017 10:46:00;Strada Urbana;VIA DEI CASTANI;all'intersezione con;VIA DEI GLICINI;VIA DEI GLICINI;;;Tamponamento;Incrocio;Una carreggiata a doppio senso;Asciutto;Asfaltata;Verticale ed orizzontale;Nuvoloso;Normale;Buona;Ore Diurne;0;0;0;2;;;0;2;Autovettura privata;In marcia / fermata / arresto;Rover;45;Conducente;1969;M;Illeso;0;;Non accertato;Inesploso
3554186;7;15/11/2017 07:45:00;Strada Urbana;VIA COLLATINA;in prossimità;;del civico n.;215;;Tamponamento;Rettilineo;Una carreggiata a doppio senso;Asciutto;Asfaltata;Orizzontale;Nuvoloso;Normale;Buona;Ore Diurne;0;0;0;3;12,58462;41,90358;-1;1;Autovettura privata;In marcia / fermata / arresto;Ford;Fiesta;Conducente;1969;M;Illeso;0;;;
3554186;7;15/11/2017 07:45:00;Strada Urbana;VIA COLLATINA;in prossimità;;del civico n.;215;;Tamponamento;Rettilineo;Una carreggiata a doppio senso;Asciutto;Asfaltata;Orizzontale;Nuvoloso;Normale;Buona;Ore Diurne;0;0;0;3;12,58462;41,90358;-1;1;Autovettura privata;In marcia / fermata / arresto;Ford;Fiesta;Passeggero;1968;F;Illeso;0;;;
3554186;7;15/11/2017 07:45:00;Strada Urbana;VIA COLLATINA;in prossimità;;del civico n.;215;;Tamponamento;Rettilineo;Una carreggiata a doppio senso;Asciutto;Asfaltata;Orizzontale;Nuvoloso;Normale;Buona;Ore Diurne;0;0;0;3;12,58462;41,90358;-1;2;Autovettura privata;In marcia / fermata / arresto;Volkswagen;Polo;Conducente;1988;M;Illeso;0;;;
3554217;16;14/11/2017 07:30:00;Strada Urbana;PIAZZA QUINTO CECILIO;in prossimità;;del civico n.;7;;Veicolo in marcia contro veicolo in sosta;Rettilineo;Una carreggiata a doppio senso;Asciutto;Asfaltata;Verticale ed orizzontale;Sereno;Scarso;Buona;Ore Diurne;0;0;0;1;12,45491;41,87992;0;2;Motociclo a solo;In marcia / fermata / arresto;Piaggio;Liberty;Conducente;1965;F;Illeso;0;;Non accertato;
3554232;1;10/11/2017 10:00:00;Strada Urbana;PIAZZA DI FIRENZE;in corrispondenza;;del civico n.;fc 24;;Veicolo in marcia contro ostacolo fisso;Rettilineo;Una carreggiata a senso unico di marcia;Asciutto;Acciotolata;Temporanea di cantiere;Sereno;Scarso;Buona;Ore Diurne;0;0;0;1;;;0;1;Autocarro inferiore 35 q.;In marcia / fermata / arresto;Iveco;DAILY;Conducente;1990;M;Illeso;0;;Non accertato;
3554249;1;13/11/2017 18:23:00;Strada Urbana;PIAZZA DI PORTA MAGGIORE;all'intersezione semaforizzata con;VIA GIOVANNI GIOLITTI;VIA GIOVANNI GIOLITTI;;;Scontro laterale fra veicoli in marcia;Intersezione semaforizzata;Una carreggiata a senso unico di marcia;Asciutto;Asfaltata;Verticale ed orizzontale;Sereno;Intenso;Sufficiente;Sufficiente;0;0;0;2;;;0;1;Autovettura privata;In marcia / fermata / arresto;BMW;320 D;Conducente;1987;M;Illeso;0;;Non accertato;
3554249;1;13/11/2017 18:23:00;Strada Urbana;PIAZZA DI PORTA MAGGIORE;all'intersezione semaforizzata con;VIA GIOVANNI GIOLITTI;VIA GIOVANNI GIOLITTI;;;Scontro laterale fra veicoli in marcia;Intersezione semaforizzata;Una carreggiata a senso unico di marcia;Asciutto;Asfaltata;Verticale ed orizzontale;Sereno;Intenso;Sufficiente;Sufficiente;0;0;0;2;;;0;2;Autocarro inferiore 35 q.;In marcia / fermata / arresto;Fiat Iveco;(ignoto);Conducente;1976;M;Illeso;0;;;
3554294;16;11/11/2017 09:40:00;;VIA DI VILLA TROILI;in prossimità;;del civico n.;100;;Veicolo in marcia contro ostacolo accidentale;;;;;;;;;;0;0;0;1;;;0;1;Autovettura privata;In marcia / fermata / arresto;Renault;Megane;Conducente;0;M;Illeso;0;;;
3554297;16;14/11/2017 11:00:00;;CIRCONVALLAZIONE GIANICOLENSE;in prossimità;;del civico n.;77;;Scontro laterale fra veicoli in marcia;;;;;;;;;;0;0;0;2;;;0;1;Autocarro inferiore 35 q.;In marcia / fermata / arresto;Iveco;140;Conducente;0;M;Illeso;0;;;
3554297;16;14/11/2017 11:00:00;;CIRCONVALLAZIONE GIANICOLENSE;in prossimità;;del civico n.;77;;Scontro laterale fra veicoli in marcia;;;;;;;;;;0;0;0;2;;;0;2;Autovettura privata;In marcia / fermata / arresto;Alfa Romeo;156;Conducente;0;M;Illeso;0;;;
3554302;6;15/11/2017 10:30:00;Strada Urbana;VIA GUGLIELMO DEGLI UBERTINI;in corrispondenza;;del civico n.;20;;Veicolo in marcia contro veicolo in sosta;Rettilineo;Due carreggiate;Asciutto;Asfaltata;Verticale ed orizzontale;Nuvoloso;Normale;Buona;Ore Diurne;0;0;0;1;12,54006;41,88829;-1;1;Autovettura privata;In marcia / fermata / arresto;Seat;M I I;Conducente;1945;F;Illeso;0;;Non accertato;Inesploso
3554307;9;15/11/2017 12:15:00;;VIA RIMINI;all'intersezione con;VIA URBINO;VIA URBINO;;;Scontro frontale/laterale DX fra veicoli in marcia;;;;;;;;;;1;0;0;1;;;0;1;Autovettura privata;In marcia / fermata / arresto;Lancia;Ypsilon;Conducente;1993;F;Illeso;0;;;
3554307;9;15/11/2017 12:15:00;;VIA RIMINI;all'intersezione con;VIA URBINO;VIA URBINO;;;Scontro frontale/laterale DX fra veicoli in marcia;;;;;;;;;;1;0;0;1;;;0;2;Motociclo a solo;In marcia / fermata / arresto;Aprilia;Pegaso 650;Conducente;1970;M;Rimandato;0;NON DECEDUTO;;
3554308;16;14/11/2017 16:30:00;;PIAZZA S. GIOVANNI DI DIO;in prossimità;;del civico n.;18;;Scontro laterale fra veicoli in marcia;;;;;;;;;;0;0;0;4;;;0;1;Autovettura privata;In marcia / fermata / arresto;Citroen;C 1;Conducente;0;F;Illeso;0;;;
3554308;16;14/11/2017 16:30:00;;PIAZZA S. GIOVANNI DI DIO;in prossimità;;del civico n.;18;;Scontro laterale fra veicoli in marcia;;;;;;;;;;0;0;0;4;;;0;1;Autovettura privata;In marcia / fermata / arresto;Citroen;C 1;Passeggero;0;F;Illeso;0;;;
3554308;16;14/11/2017 16:30:00;;PIAZZA S. GIOVANNI DI DIO;in prossimità;;del civico n.;18;;Scontro laterale fra veicoli in marcia;;;;;;;;;;0;0;0;4;;;0;2;Ciclomotore;In marcia / fermata / arresto;Piaggio;Beverly;Conducente;0;M;Illeso;0;;;
3554321;16;14/11/2017 17:30:00;;PIAZZALE EUGENIO MORELLI;da specificare;;;;fronte civico 1;Scontro laterale fra veicoli in marcia;;;;;;;;;;0;0;0;2;;;0;1;Autovettura privata;In marcia / fermata / arresto;Citroen;C 3;Conducente;0;F;Illeso;0;;;
3554321;16;14/11/2017 17:30:00;;PIAZZALE EUGENIO MORELLI;da specificare;;;;fronte civico 1;Scontro laterale fra veicoli in marcia;;;;;;;;;;0;0;0;2;;;0;2;Autovettura privata;In marcia / fermata / arresto;Mini;Cooper;Conducente;0;F;Illeso;0;;;