Protocollo;Gruppo;DataOraIncidente;Localizzazione1;STRADA1;Localizzazione2;STRADA2;Strada02;Chilometrica;DaSpecificare;NaturaIncidente;particolaritastrade;TipoStrada;FondoStradale;Pavimentazione;Segnaletica;CondizioneAtmosferica;Traffico;Visibilita;Illuminazione;NUM_FERITI;NUM_RISERVATA;NUM_MORTI;NUM_ILLESI;Longitudine;Latitudine;Confermato;Progressivo;TipoVeicolo;StatoVeicolo;Marca;Modello;TipoPersona;AnnoNascita;Sesso;Tipolesione;Deceduto;DecedutoDopo;CinturaCascoUtilizzato;Airbag;
3557044;8;16/11/2017 12:30:00;;VIA ANDRIA;all'intersezione con;VIA BORGHESIANA;VIA BORGHESIANA;;;Tamponamento Multiplo;;;;;;;;;;2;0;0;3;12,66723;41,89004;0;1;Autovettura privata;In marcia / fermata / arresto;Audi;4;Conducente;1961;M;Illeso;0;;Non accertato;Inesploso
3557044;8;16/11/2017 12:30:00;;VIA ANDRIA;all'intersezione con;VIA BORGHESIANA;VIA BORGHESIANA;;;Tamponamento Multiplo;;;;;;;;;;2;0;0;3;12,66723;41,89004;0;1;Autovettura privata;In marcia / fermata / arresto;Audi;4;Passeggero;1992;M;Illeso;0;;Non accertato;Inesploso
3557044;8;16/11/2017 12:30:00;;VIA ANDRIA;all'intersezione con;VIA BORGHESIANA;VIA BORGHESIANA;;;Tamponamento Multiplo;;;;;;;;;;2;0;0;3;12,66723;41,89004;0;2;Motociclo a solo;In marcia / fermata / arresto;Yamaha;R 1;Conducente;1978;M;Rifiuta cure immediate;0;NON DECEDUTO;Non accertato;
3557044;8;16/11/2017 12:30:00;;VIA ANDRIA;all'intersezione con;VIA BORGHESIANA;VIA BORGHESIANA;;;Tamponamento Multiplo;;;;;;;;;;2;0;0;3;12,66723;41,89004;0;2;Motociclo a solo;In marcia / fermata / arresto;Yamaha;R 1;Passeggero;1975;F;Rifiuta cure immediate;0;NON DECEDUTO;Non accertato;
3557044;8;16/11/2017 12:30:00;;VIA ANDRIA;all'intersezione con;VIA BORGHESIANA;VIA BORGHESIANA;;;Tamponamento Multiplo;;;;;;;;;;2;0;0;3;12,66723;41,89004;0;3;Autovettura privata;In marcia / fermata / arresto;Fiat;600;Conducente;1940;M;Illeso;0;;Non accertato;Inesploso
3557055;20;16/11/2017 18:47:00;Regionale entro l'abitato;VIA CASSIA;in corrispondenza;;del civico n.;815;;Scontro frontale/laterale SX fra veicoli in marcia;Rettilineo;Una carreggiata a doppio senso;Asciutto;Asfaltata;Orizzontale;Nuvoloso;Intenso;Buona;Sufficiente;1;0;0;1;;;0;1;Motociclo a solo;In marcia / fermata / arresto;Honda;SH-300;Conducente;1976;M;Rimandato;0;NON DECEDUTO;Non accertato;
3557055;20;16/11/2017 18:47:00;Regionale entro l'abitato;VIA CASSIA;in corrispondenza;;del civico n.;815;;Scontro frontale/laterale SX fra veicoli in marcia;Rettilineo;Una carreggiata a doppio senso;Asciutto;Asfaltata;Orizzontale;Nuvoloso;Intenso;Buona;Sufficiente;1;0;0;1;;;0;2;Autovettura privata;In marcia / fermata / arresto;Porsche;(ignoto);Conducente;1955;M;Illeso;0;;Non accertato;
3557057;8;16/11/2017 18:30:00;Strada Urbana;VIA BENEDETTO TORTI;all'intersezione con;VIA ANGELO MARABINI;VIA ANGELO MARABINI;;;Scontro laterale fra veicoli in marcia;Intersezione stradale segnalata;Una carreggiata a senso unico di marcia;Asciutto;Asfaltata;Verticale;Sereno;Normale;Buona;Sufficiente;0;0;0;3;12,64929;41,86428;-1;1;Autovettura privata;In marcia / fermata / arresto;Mercedes;Smart Fortwo;Conducente;1990;M;Illeso;0;;Non accertato;Inesploso
3557057;8;16/11/2017 18:30:00;Strada Urbana;VIA BENEDETTO TORTI;all'intersezione con;VIA ANGELO MARABINI;VIA ANGELO MARABINI;;;Scontro laterale fra veicoli in marcia;Intersezione stradale segnalata;Una carreggiata a senso unico di marcia;Asciutto;Asfaltata;Verticale;Sereno;Normale;Buona;Sufficiente;0;0;0;3;12,64929;41,86428;-1;1;Autovettura privata;In marcia / fermata / arresto;Mercedes;Smart Fortwo;Passeggero;1995;M;Illeso;0;;Non accertato;Inesploso
3557057;8;16/11/2017 18:30:00;Strada Urbana;VIA BENEDETTO TORTI;all'intersezione con;VIA ANGELO MARABINI;VIA ANGELO MARABINI;;;Scontro laterale fra veicoli in marcia;Intersezione stradale segnalata;Una carreggiata a senso unico di marcia;Asciutto;Asfaltata;Verticale;Sereno;Normale;Buona;Sufficiente;0;0;0;3;12,64929;41,86428;-1;2;Autovettura privata;In marcia / fermata / arresto;Peugeot;107;Conducente;1990;F;Illeso;0;;Non accertato;Inesploso
3557061;8;16/11/2017 15:20:00;;VIA CASILINA;in prossimità;;del palo luce n.;603;;Tamponamento Multiplo;;;;;;;;;;1;0;0;1;;;0;1;Autovettura privata;In marcia / fermata / arresto;Fiat;Seicento;Conducente;1983;;Illeso;0;;;
3557061;8;16/11/2017 15:20:00;;VIA CASILINA;in prossimità;;del palo luce n.;603;;Tamponamento Multiplo;;;;;;;;;;1;0;0;1;;;0;2;Autovettura privata;In marcia / fermata / arresto;Fiat;Punto;Conducente;1984;M;Rifiuta cure immediate;0;NON DECEDUTO;Non accertato;
3557070;20;16/11/2017 18:00:00;Regionale;VIA FLAMINIA;in prossimità;;della chilometrica;9.5;;Tamponamento Multiplo;Rettilineo;Due carreggiate;Bagnato (umidità in atto);Asfaltata;Verticale ed orizzontale;Nuvoloso;Normale;Sufficiente;Sufficiente;3;0;0;5;;;0;1;Autovettura privata;In marcia / fermata / arresto;Suzuki;SX 4;Conducente;1965;F;Illeso;0;;Non accertato;
3557070;20;16/11/2017 18:00:00;Regionale;VIA FLAMINIA;in prossimità;;della chilometrica;9.5;;Tamponamento Multiplo;Rettilineo;Due carreggiate;Bagnato (umidità in atto);Asfaltata;Verticale ed orizzontale;Nuvoloso;Normale;Sufficiente;Sufficiente;3;0;0;5;;;0;2;Autovettura privata;In marcia / fermata / arresto;MCC;Smart;Conducente;1994;M;Rimandato;0;NON DECEDUTO;Non accertato;
3557070;20;16/11/2017 18:00:00;Regionale;VIA FLAMINIA;in prossimità;;della chilometrica;9.5;;Tamponamento Multiplo;Rettilineo;Due carreggiate;Bagnato (umidità in atto);Asfaltata;Verticale ed orizzontale;Nuvoloso;Normale;Sufficiente;Sufficiente;3;0;0;5;;;0;3;Autovettura privata;In marcia / fermata / arresto;Alfa Romeo;156;Conducente;1969;M;Rimandato;0;NON DECEDUTO;Non accertato;
3557070;20;16/11/2017 18:00:00;Regionale;VIA FLAMINIA;in prossimità;;della chilometrica;9.5;;Tamponamento Multiplo;Rettilineo;Due carreggiate;Bagnato (umidità in atto);Asfaltata;Verticale ed orizzontale;Nuvoloso;Normale;Sufficiente;Sufficiente;3;0;0;5;;;0;3;Autovettura privata;In marcia / fermata / arresto;Alfa Romeo;156;Passeggero;1976;M;Illeso;0;;Non accertato;
3557070;20;16/11/2017 18:00:00;Regionale;VIA FLAMINIA;in prossimità;;della chilometrica;9.5;;Tamponamento Multiplo;Rettilineo;Due carreggiate;Bagnato (umidità in atto);Asfaltata;Verticale ed orizzontale;Nuvoloso;Normale;Sufficiente;Sufficiente;3;0;0;5;;;0;3;Autovettura privata;In marcia / fermata / arresto;Alfa Romeo;156;Passeggero;1977;M;Rimandato;0;NON DECEDUTO;Non accertato;
3557070;20;16/11/2017 18:00:00;Regionale;VIA FLAMINIA;in prossimità;;della chilometrica;9.5;;Tamponamento Multiplo;Rettilineo;Due carreggiate;Bagnato (umidità in atto);Asfaltata;Verticale ed orizzontale;Nuvoloso;Normale;Sufficiente;Sufficiente;3;0;0;5;;;0;4;Autovettura privata;In marcia / fermata / arresto;Renault;Megane;Conducente;1971;M;Illeso;0;;Non accertato;
3557070;20;16/11/2017 18:00:00;Regionale;VIA FLAMINIA;in prossimità;;della chilometrica;9.5;;Tamponamento Multiplo;Rettilineo;Due carreggiate;Bagnato (umidità in atto);Asfaltata;Verticale ed orizzontale;Nuvoloso;Normale;Sufficiente;Sufficiente;3;0;0;5;;;0;4;Autovettura privata;In marcia / fermata / arresto;Renault;Megane;Passeggero;1969;M;Illeso;0;;Non accertato;
3557070;20;16/11/2017 18:00:00;Regionale;VIA FLAMINIA;in prossimità;;della chilometrica;9.5;;Tamponamento Multiplo;Rettilineo;Due carreggiate;Bagnato (umidità in atto);Asfaltata;Verticale ed orizzontale;Nuvoloso;Normale;Sufficiente;Sufficiente;3;0;0;5;;;0;4;Autovettura privata;In marcia / fermata / arresto;Renault;Megane;Passeggero;1989;M;Illeso;0;;Non accertato;
3557073;11;16/11/2017 20:20:00;Strada Urbana;VIA CRISTOFORO COLOMBO;all'intersezione semaforizzata con;LARGO ANGELO FOCHETTI;LARGO ANGELO FOCHETTI;;;Scontro frontale fra veicoli in marcia;Intersezione semaforizzata;Più di due carreggiate;Asciutto;Asfaltata;Verticale ed orizzontale;Sereno;Intenso;Buona;Sufficiente;0;0;0;3;12,49614;41,86729;0;1;Autovettura privata;In marcia / fermata / arresto;Fiat;600;Conducente;1986;F;Illeso;0;;;
3557073;11;16/11/2017 20:20:00;Strada Urbana;VIA CRISTOFORO COLOMBO;all'intersezione semaforizzata con;LARGO ANGELO FOCHETTI;LARGO ANGELO FOCHETTI;;;Scontro frontale fra veicoli in marcia;Intersezione semaforizzata;Più di due carreggiate;Asciutto;Asfaltata;Verticale ed orizzontale;Sereno;Intenso;Buona;Sufficiente;0;0;0;3;12,49614;41,86729;0;1;Autovettura privata;In marcia / fermata / arresto;Fiat;600;Passeggero;1985;M;Illeso;0;;;
3557073;11;16/11/2017 20:20:00;Strada Urbana;VIA CRISTOFORO COLOMBO;all'intersezione semaforizzata con;LARGO ANGELO FOCHETTI;LARGO ANGELO FOCHETTI;;;Scontro frontale fra veicoli in marcia;Intersezione semaforizzata;Più di due carreggiate;Asciutto;Asfaltata;Verticale ed orizzontale;Sereno;Intenso;Buona;Sufficiente;0;0;0;3;12,49614;41,86729;0;2;Veicolo speciale;In marcia / fermata / arresto;Iveco;120E;Conducente;1964;M;Illeso;0;;;
3557089;10;16/11/2017 17:50:00;;VIA TUSCOLANA;da specificare;;;;laterale direzione VIA DI TORRESPACCATA;Veicolo in marcia contro ostacolo fisso;;;;;;;;;;0;0;0;1;;;0;1;Autovettura privata;In marcia / fermata / arresto;Opel;Meriva;Conducente;1976;F;Illeso;0;;;
3557090;11;16/11/2017 20:00:00;Strada Urbana;VIALE GUGLIELMO MARCONI;da specificare;;;;prossimità via F. Eredia;Scontro laterale fra veicoli in marcia;Rettilineo;Una carreggiata a senso unico di marcia;Asciutto;Asfaltata;Orizzontale;Nuvoloso;Normale;Sufficiente;Sufficiente;0;0;0;2;12,47274;41,85315;0;1;Autovettura privata;In marcia / fermata / arresto;Renault;Scenic;Conducente;1981;F;Illeso;0;;Non accertato;Inesploso
3557090;11;16/11/2017 20:00:00;Strada Urbana;VIALE GUGLIELMO MARCONI;da specificare;;;;prossimità via F. Eredia;Scontro laterale fra veicoli in marcia;Rettilineo;Una carreggiata a senso unico di marcia;Asciutto;Asfaltata;Orizzontale;Nuvoloso;Normale;Sufficiente;Sufficiente;0;0;0;2;12,47274;41,85315;0;2;Autovettura privata;In marcia / fermata / arresto;Chevrolet;spark;Conducente;1948;F;Illeso;0;;Non accertato;Inesploso
3557091;20;16/11/2017 16:35:00;Provinciale;VIA BRACCIANENSE;da specificare;;;;PROSS.TA' VIA GB PARAVIA DIR BRACCIANO;Tamponamento;Rettilineo;Una carreggiata a doppio senso;Asciutto;Asfaltata;Orizzontale;Nuvoloso;Normale;Sufficiente;Ore Diurne;1;0;0;1;12,37287;42,01022;0;1;Autovettura privata;In marcia / fermata / arresto;Fiat;Punto;Conducente;1972;M;Rimandato;0;NON DECEDUTO;Non accertato;
3557091;20;16/11/2017 16:35:00;Provinciale;VIA BRACCIANENSE;da specificare;;;;PROSS.TA' VIA GB PARAVIA DIR BRACCIANO;Tamponamento;Rettilineo;Una carreggiata a doppio senso;Asciutto;Asfaltata;Orizzontale;Nuvoloso;Normale;Sufficiente;Ore Diurne;1;0;0;1;12,37287;42,01022;0;2;Autovettura privata;In marcia / fermata / arresto;Volkswagen;Polo;Conducente;1958;M;Illeso;0;;Non accertato;
3557110;13;16/11/2017 08:00:00;;VIALE VASCO DE GAMA;in prossimità;;del civico n.;78;;Tamponamento Multiplo;;;;;;;;;;0;0;0;4;;;0;1;Autovettura privata;In marcia / fermata / arresto;Ford;Fiesta;Conducente;1963;M;Illeso;0;;Non accertato;
3557110;13;16/11/2017 08:00:00;;VIALE VASCO DE GAMA;in prossimità;;del civico n.;78;;Tamponamento Multiplo;;;;;;;;;;0;0;0;4;;;0;2;Autovettura privata;In marcia / fermata / arresto;Smart ;-;Conducente;1971;M;Illeso;0;;Non accertato;
3557110;13;16/11/2017 08:00:00;;VIALE VASCO DE GAMA;in prossimità;;del civico n.;78;;Tamponamento Multiplo;;;;;;;;;;0;0;0;4;;;0;2;Autovettura privata;In marcia / fermata / arresto;Smart ;-;Passeggero;1962;M;Illeso;0;;Non accertato;
3557110;13;16/11/2017 08:00:00;;VIALE VASCO DE GAMA;in prossimità;;del civico n.;78;;Tamponamento Multiplo;;;;;;;;;;0;0;0;4;;;0;3;Autovettura privata;In marcia / fermata / arresto;Fiat;Punto;Conducente;1978;M;Illeso;0;;Non accertato;
3557113;20;16/11/2017 23:30:00;Strada Urbana;CORSO DI FRANCIA;in corrispondenza;;del civico n.;172;;Scontro laterale fra veicoli in marcia;Rettilineo;Due carreggiate;Asciutto;Asfaltata;Orizzontale;Sereno;Normale;Sufficiente;Sufficiente;0;0;0;4;;;0;1;Autovettura privata;In marcia / fermata / arresto;Jeep;Gran Cherokee;Conducente;1967;M;Illeso;0;;Non accertato;
3557113;20;16/11/2017 23:30:00;Strada Urbana;CORSO DI FRANCIA;in corrispondenza;;del civico n.;172;;Scontro laterale fra veicoli in marcia;Rettilineo;Due carreggiate;Asciutto;Asfaltata;Orizzontale;Sereno;Normale;Sufficiente;Sufficiente;0;0;0;4;;;0;2;Autovettura privata;In marcia / fermata / arresto;Alfa Romeo;Giulietta;Conducente;1999;M;Illeso;0;;Non accertato;
3557113;20;16/11/2017 23:30:00;Strada Urbana;CORSO DI FRANCIA;in corrispondenza;;del civico n.;172;;Scontro laterale fra veicoli in marcia;Rettilineo;Due carreggiate;Asciutto;Asfaltata;Orizzontale;Sereno;Normale;Sufficiente;Sufficiente;0;0;0;4;;;0;2;Autovettura privata;In marcia / fermata / arresto;Alfa Romeo;Giulietta;Passeggero;1997;M;Illeso;0;;Non accertato;
3557113;20;16/11/2017 23:30:00;Strada Urbana;CORSO DI FRANCIA;in corrispondenza;;del civico n.;172;;Scontro laterale fra veicoli in marcia;Rettilineo;Due carreggiate;Asciutto;Asfaltata;Orizzontale;Sereno;Normale;Sufficiente;Sufficiente;0;0;0;4;;;0;2;Autovettura privata;In marcia / fermata / arresto;Alfa Romeo;Giulietta;Passeggero;1998;M;Illeso;0;;Non accertato;
3557116;13;16/11/2017 16:45:00;;VIA TELEMACO SIGNORINI;all'intersezione con;VIA CESARE MACCARI;VIA CESARE MACCARI;;;Scontro frontale/laterale DX fra veicoli in marcia;;;;;;;;;;0;0;0;2;;;0;1;Autovettura privata;In marcia / fermata / arresto;Mini;Cooper;Conducente;1968;M;Illeso;0;;Non accertato;Inesploso
3557116;13;16/11/2017 16:45:00;;VIA TELEMACO SIGNORINI;all'intersezione con;VIA CESARE MACCARI;VIA CESARE MACCARI;;;Scontro frontale/laterale DX fra veicoli in marcia;;;;;;;;;;0;0;0;2;;;0;1;Autovettura privata;In marcia / fermata / arresto;Mini;Cooper;Passeggero;2004;F;Illeso;0;;Non accertato;Inesploso
3557137;4;16/11/2017 10:05:00;Strada Urbana;VIA UMBERTO FRACCHIA;in prossimità;;del civico n.;21;;Tamponamento;Rettilineo;Due carreggiate;Asciutto;Asfaltata;Verticale ed orizzontale;Sereno;Normale;Buona;Ore Diurne;0;0;0;2;12,54963;41,95158;0;1;Autovettura privata;In marcia / fermata / arresto;Lancia;Delta;Conducente;1952;M;Illeso;0;;Non accertato;Inesploso
3557137;4;16/11/2017 10:05:00;Strada Urbana;VIA UMBERTO FRACCHIA;in prossimità;;del civico n.;21;;Tamponamento;Rettilineo;Due carreggiate;Asciutto;Asfaltata;Verticale ed orizzontale;Sereno;Normale;Buona;Ore Diurne;0;0;0;2;12,54963;41,95158;0;2;Autovettura privata;In marcia / fermata / arresto;Opel;Corsa;Conducente;1962;M;Illeso;0;;Non accertato;Inesploso
3557139;7;16/11/2017 15:25:00;;VIA PRENESTINA;all'intersezione con;VIA MURACCIO DI RISCHIARO;VIA MURACCIO DI RISCHIARO;;;Scontro laterale fra veicoli in marcia;;;;;;;;;;1;0;0;2;;;0;1;Autovettura privata;In marcia / fermata / arresto;Citroen;DS3;Conducente;1986;M;Illeso;0;;;
3557139;7;16/11/2017 15:25:00;;VIA PRENESTINA;all'intersezione con;VIA MURACCIO DI RISCHIARO;VIA MURACCIO DI RISCHIARO;;;Scontro laterale fra veicoli in marcia;;;;;;;;;;1;0;0;2;;;0;2;Motociclo a solo;In marcia / fermata / arresto;Malaguti;Password 250;Conducente;1960;M;Illeso;0;;;
3557139;7;16/11/2017 15:25:00;;VIA PRENESTINA;all'intersezione con;VIA MURACCIO DI RISCHIARO;VIA MURACCIO DI RISCHIARO;;;Scontro laterale fra veicoli in marcia;;;;;;;;;;1;0;0;2;;;0;2;Motociclo a solo;In marcia / fermata / arresto;Malaguti;Password 250;Passeggero;1962;F;Rimandato;0;NON DECEDUTO;;
3557140;13;16/11/2017 17:40:00;Comunale extraurbana;VIA DEL MARE;in prossimità;;della chilometrica;23.8;;Tamponamento Multiplo;Rettilineo;Una carreggiata a doppio senso;Bagnato (umidità in atto);Asfaltata;Orizzontale;Nuvoloso;Intenso;Buona;Sufficiente;0;0;0;5;12,46323;41,84026;0;1;Autovettura privata;In marcia / fermata / arresto;Audi;A4 Avant;Conducente;1947;M;Illeso;0;;Non accertato;Inesploso
3557140;13;16/11/2017 17:40:00;Comunale extraurbana;VIA DEL MARE;in prossimità;;della chilometrica;23.8;;Tamponamento Multiplo;Rettilineo;Una carreggiata a doppio senso;Bagnato (umidità in atto);Asfaltata;Orizzontale;Nuvoloso;Intenso;Buona;Sufficiente;0;0;0;5;12,46323;41,84026;0;1;Autovettura privata;In marcia / fermata / arresto;Audi;A4 Avant;Passeggero;1945;F;Illeso;0;;Non accertato;Inesploso
3557140;13;16/11/2017 17:40:00;Comunale extraurbana;VIA DEL MARE;in prossimità;;della chilometrica;23.8;;Tamponamento Multiplo;Rettilineo;Una carreggiata a doppio senso;Bagnato (umidità in atto);Asfaltata;Orizzontale;Nuvoloso;Intenso;Buona;Sufficiente;0;0;0;5;12,46323;41,84026;0;2;Autovettura privata;In marcia / fermata / arresto;Fiat;Panda;Conducente;1962;F;Illeso;0;;Non accertato;Inesploso
3557140;13;16/11/2017 17:40:00;Comunale extraurbana;VIA DEL MARE;in prossimità;;della chilometrica;23.8;;Tamponamento Multiplo;Rettilineo;Una carreggiata a doppio senso;Bagnato (umidità in atto);Asfaltata;Orizzontale;Nuvoloso;Intenso;Buona;Sufficiente;0;0;0;5;12,46323;41,84026;0;3;Autovettura privata;In marcia / fermata / arresto;Fiat;500 L;Conducente;1959;M;Illeso;0;;Non accertato;Inesploso
3557140;13;16/11/2017 17:40:00;Comunale extraurbana;VIA DEL MARE;in prossimità;;della chilometrica;23.8;;Tamponamento Multiplo;Rettilineo;Una carreggiata a doppio senso;Bagnato (umidità in atto);Asfaltata;Orizzontale;Nuvoloso;Intenso;Buona;Sufficiente;0;0;0;5;12,46323;41,84026;0;3;Autovettura privata;In marcia / fermata / arresto;Fiat;500 L;Passeggero;1982;F;Illeso;0;;Non accertato;Inesploso
3557144;18;16/11/2017 18:50:00;;VIA AURELIA;da specificare;;;;in prossimità di VIA A. GENTILI ;Scontro laterale fra veicoli in marcia;;;;;;;;;;0;0;0;2;12,40555;41,88836;0;1;Autovettura privata;In marcia / fermata / arresto;Mercedes;Smart Fortwo;Conducente;0;F;Illeso;0;;;
3557144;18;16/11/2017 18:50:00;;VIA AURELIA;da specificare;;;;in prossimità di VIA A. GENTILI ;Scontro laterale fra veicoli in marcia;;;;;;;;;;0;0;0;2;12,40555;41,88836;0;2;Autobus turistico;In marcia / fermata / arresto; Mercedes ;(ignoto);Conducente;0;M;Illeso;0;;;
3557147;5;17/11/2017 01:50:00;;PONTE DI SALONE;all'intersezione con;VIA COLLI SUL VELINO;VIA COLLI SUL VELINO;;;Veicolo in marcia contro ostacolo fisso;;;;;;;;;;1;0;0;0;;;0;1;Autovettura privata;In marcia / fermata / arresto;Volkswagen;Polo;Conducente;0;M;Rimandato;0;NON DECEDUTO;;
3557154;4;16/11/2017 10:10:00;;VIA NOMENTANA;all'intersezione con;VIA ETTORE ROMAGNOLI;VIA ETTORE ROMAGNOLI;;;Scontro laterale fra veicoli in marcia;;;;;;;;;;0;0;0;2;;;0;1;Autovettura privata;In marcia / fermata / arresto;Ford;Fiesta;Conducente;1936;M;Illeso;0;;;
3557154;4;16/11/2017 10:10:00;;VIA NOMENTANA;all'intersezione con;VIA ETTORE ROMAGNOLI;VIA ETTORE ROMAGNOLI;;;Scontro laterale fra veicoli in marcia;;;;;;;;;;0;0;0;2;;;0;2;Motociclo a solo;In marcia / fermata / arresto;Kimco;xciting;Conducente;1988;M;Illeso;0;;;
3557168;17;16/11/2017 14:00:00;;VIA COLA DI RIENZO;in prossimità;;del civico n.;148;;Scontro laterale fra veicoli in marcia;;;;;;;;;;0;0;0;3;12,46485;41,90778;0;1;Autocarro inferiore 35 q.;In marcia / fermata / arresto;Fiat;Doblo';Conducente;1983;M;Illeso;0;;;
3557168;17;16/11/2017 14:00:00;;VIA COLA DI RIENZO;in prossimità;;del civico n.;148;;Scontro laterale fra veicoli in marcia;;;;;;;;;;0;0;0;3;12,46485;41,90778;0;1;Autocarro inferiore 35 q.;In marcia / fermata / arresto;Fiat;Doblo';Passeggero;1989;M;Illeso;0;;;
3557168;17;16/11/2017 14:00:00;;VIA COLA DI RIENZO;in prossimità;;del civico n.;148;;Scontro laterale fra veicoli in marcia;;;;;;;;;;0;0;0;3;12,46485;41,90778;0;2;Autovettura pubblica;In marcia / fermata / arresto;Fiat;Doblò;Conducente;1967;M;Illeso;0;;;
3557174;19;16/11/2017 17:00:00;Strada Urbana;VIA ATTILIO FRIGGERI;in prossimità;;del civico n.;129;;Scontro frontale/laterale DX fra veicoli in marcia;Rettilineo;Una carreggiata a doppio senso;Asciutto;Asfaltata;Assente;Nuvoloso;Scarso;Buona;Sufficiente;0;0;0;2;12,4404;41,91765;-1;1;Autovettura privata;In marcia / fermata / arresto;Fiat;500;Conducente;1978;F;Illeso;0;;;
3557174;19;16/11/2017 17:00:00;Strada Urbana;VIA ATTILIO FRIGGERI;in prossimità;;del civico n.;129;;Scontro frontale/laterale DX fra veicoli in marcia;Rettilineo;Una carreggiata a doppio senso;Asciutto;Asfaltata;Assente;Nuvoloso;Scarso;Buona;Sufficiente;0;0;0;2;12,4404;41,91765;-1;2;Autovettura privata;In marcia / fermata / arresto;BMW;--;Conducente;1979;F;Illeso;0;;;
3557175;13;16/11/2017 10:30:00;;VIA CARLO MARIA ROSINI;all'intersezione con;VIA GABRIELE TORREMUZZA;VIA GABRIELE TORREMUZZA;;;Veicolo in marcia contro ostacolo accidentale;;;;;;;;;;0;0;0;1;;;0;1;Autovettura privata;In marcia / fermata / arresto;Smart ;-;Conducente;1961;F;Illeso;0;;Non accertato;
3557212;19;16/11/2017 08:35:00;Strada Urbana;VIA TRIONFALE;in corrispondenza;;del civico n.;8275;;Scontro laterale fra veicoli in marcia;Rettilineo;Una carreggiata a senso unico di marcia;Asciutto;Asfaltata;Verticale ed orizzontale;Nuvoloso;Intenso;Buona;Ore Diurne;0;0;0;3;;;0;1;Autocarro inferiore 35 q.;In marcia / fermata / arresto;Fiat Iveco;180;Conducente;1966;M;Illeso;0;;Non accertato;Inesploso
3557212;19;16/11/2017 08:35:00;Strada Urbana;VIA TRIONFALE;in corrispondenza;;del civico n.;8275;;Scontro laterale fra veicoli in marcia;Rettilineo;Una carreggiata a senso unico di marcia;Asciutto;Asfaltata;Verticale ed orizzontale;Nuvoloso;Intenso;Buona;Ore Diurne;0;0;0;3;;;0;1;Autocarro inferiore 35 q.;In marcia / fermata / arresto;Fiat Iveco;180;Passeggero;1987;M;Illeso;0;;Non accertato;Inesploso
3557212;19;16/11/2017 08:35:00;Strada Urbana;VIA TRIONFALE;in corrispondenza;;del civico n.;8275;;Scontro laterale fra veicoli in marcia;Rettilineo;Una carreggiata a senso unico di marcia;Asciutto;Asfaltata;Verticale ed orizzontale;Nuvoloso;Intenso;Buona;Ore Diurne;0;0;0;3;;;0;2;Autovettura privata;In marcia / fermata / arresto;Daimler AG;Smart Fortwo coupè;Conducente;1971;F;Illeso;0;;Non accertato;Inesploso
3557224;4;16/11/2017 17:15:00;Strada Urbana;VIALE JONIO;in prossimità;;del civico n.;393;;Investimento di pedone;Rettilineo;Due carreggiate;Asciutto;Asfaltata;Verticale ed orizzontale;Nuvoloso;Normale;Sufficiente;Sufficiente;1;0;0;2;12,52734;41,94578;0;;;;;;Pedone;1942;M;Rimandato;0;NON DECEDUTO;;
3557224;4;16/11/2017 17:15:00;Strada Urbana;VIALE JONIO;in prossimità;;del civico n.;393;;Investimento di pedone;Rettilineo;Due carreggiate;Asciutto;Asfaltata;Verticale ed orizzontale;Nuvoloso;Normale;Sufficiente;Sufficiente;1;0;0;2;12,52734;41,94578;0;1;Autovettura privata;In marcia / fermata / arresto;Toyota;Yaris;Conducente;1932;F;Illeso;0;;Non accertato;Inesploso
3557224;4;16/11/2017 17:15:00;Strada Urbana;VIALE JONIO;in prossimità;;del civico n.;393;;Investimento di pedone;Rettilineo;Due carreggiate;Asciutto;Asfaltata;Verticale ed orizzontale;Nuvoloso;Normale;Sufficiente;Sufficiente;1;0;0;2;12,52734;41,94578;0;1;Autovettura privata;In marcia / fermata / arresto;Toyota;Yaris;Passeggero;2000;F;Illeso;0;;Non accertato;Inesploso
3557235;16;16/11/2017 11:50:00;;CIRCONVALLAZIONE GIANICOLENSE;da specificare;;;;interno corsia tram 8 fronte Q. Majorana;Scontro frontale/laterale DX fra veicoli in marcia;;;;;;;;;;0;0;0;2;12,44956;41,87247;0;1;Autovettura di polizia;In marcia / fermata / arresto;Fiat;Punto;Conducente;0;M;Illeso;0;;;
3557235;16;16/11/2017 11:50:00;;CIRCONVALLAZIONE GIANICOLENSE;da specificare;;;;interno corsia tram 8 fronte Q. Majorana;Scontro frontale/laterale DX fra veicoli in marcia;;;;;;;;;;0;0;0;2;12,44956;41,87247;0;2;Motociclo a solo;In marcia / fermata / arresto;Yamaha;X MAX 250;Conducente;0;M;Illeso;0;;;
3557237;13;16/11/2017 17:15:00;;VIA GIUSEPPE MOLTENI;all'intersezione con;VIA DI MACCHIA SAPONARA;VIA DI MACCHIA SAPONARA;;;Investimento di pedone;;;;;;;;;;1;0;0;1;;;0;;;;;;Pedone;1971;F;Rimandato;0;NON DECEDUTO;;
3557237;13;16/11/2017 17:15:00;;VIA GIUSEPPE MOLTENI;all'intersezione con;VIA DI MACCHIA SAPONARA;VIA DI MACCHIA SAPONARA;;;Investimento di pedone;;;;;;;;;;1;0;0;1;;;0;1;Autovettura privata;In marcia / fermata / arresto;Peugeot;208;Conducente;1940;M;Illeso;0;;Non accertato;