Protocollo;Gruppo;DataOraIncidente;Localizzazione1;STRADA1;Localizzazione2;STRADA2;Strada02;Chilometrica;DaSpecificare;NaturaIncidente;particolaritastrade;TipoStrada;FondoStradale;Pavimentazione;Segnaletica;CondizioneAtmosferica;Traffico;Visibilita;Illuminazione;NUM_FERITI;NUM_RISERVATA;NUM_MORTI;NUM_ILLESI;Longitudine;Latitudine;Confermato;Progressivo;TipoVeicolo;StatoVeicolo;Marca;Modello;TipoPersona;AnnoNascita;Sesso;Tipolesione;Deceduto;DecedutoDopo;CinturaCascoUtilizzato;Airbag;
3558388;16;15/11/2017 16:10:00;;VIA LUDOVICA ALBERTONI;all'intersezione con;VIA VITELLIA;VIA VITELLIA;;;Veicolo in marcia contro veicolo in sosta;;;;;;;;;;0;0;0;1;;;0;2;Autovettura privata;In marcia / fermata / arresto;Renault;Twingo;Conducente;0;F;Illeso;0;;;
3558393;16;15/11/2017 17:00:00;;VIA DI BRAVETTA;in corrispondenza;;del civico n.;768;;Veicolo in marcia contro ostacolo fisso;;;;;;;;;;0;0;0;1;;;0;1;Autovettura privata;In marcia / fermata / arresto;Fiat;Punto;Conducente;0;F;Illeso;0;;;
3558397;16;15/11/2017 17:00:00;;VIA DEL FORTE BRAVETTA;in prossimità;;del civico n.;7;;Tamponamento;;;;;;;;;;1;0;0;1;;;0;1;Motociclo a solo;In marcia / fermata / arresto;Yamaha;T- MAX;Conducente;0;M;Rimandato;0;NON DECEDUTO;;
3558397;16;15/11/2017 17:00:00;;VIA DEL FORTE BRAVETTA;in prossimità;;del civico n.;7;;Tamponamento;;;;;;;;;;1;0;0;1;;;0;2;Autovettura privata;In marcia / fermata / arresto;Lancia;Y10;Conducente;0;M;Illeso;0;;;
3558671;11;17/11/2017 10:00:00;Strada Urbana;VIALE GIUSTINIANO IMPERATORE;all'intersezione con;VIA GALBA;VIA GALBA;;;Scontro frontale/laterale DX fra veicoli in marcia;Incrocio;Due carreggiate;Asciutto;Asfaltata;Verticale ed orizzontale;Sereno;Normale;Buona;Ore Diurne;1;0;0;1;12,48694;41,85531;0;1;Autocarro inferiore 35 q.;In marcia / fermata / arresto;Fiat Iveco;180;Conducente;1968;M;Illeso;0;;;
3558671;11;17/11/2017 10:00:00;Strada Urbana;VIALE GIUSTINIANO IMPERATORE;all'intersezione con;VIA GALBA;VIA GALBA;;;Scontro frontale/laterale DX fra veicoli in marcia;Incrocio;Due carreggiate;Asciutto;Asfaltata;Verticale ed orizzontale;Sereno;Normale;Buona;Ore Diurne;1;0;0;1;12,48694;41,85531;0;2;Motociclo a solo;In marcia / fermata / arresto;Piaggio;Beverly;Conducente;1963;M;Rimandato;0;NON DECEDUTO;;
3558673;11;17/11/2017 19:15:00;Strada Urbana;VIA CRISTOFORO COLOMBO;all'intersezione semaforizzata con;VIA ROSA GUARNIERI CARDUCCI;VIA ROSA GUARNIERI CARDUCCI;;;Tamponamento;Incrocio;Più di due carreggiate;Asciutto;Asfaltata;Verticale ed orizzontale;Sereno;Normale;Buona;Sufficiente;0;0;0;5;12,49281;41,85614;0;1;Autovettura privata;In marcia / fermata / arresto;Mercedes;Benz 210;Conducente;1986;M;Illeso;0;;Utilizzato;
3558673;11;17/11/2017 19:15:00;Strada Urbana;VIA CRISTOFORO COLOMBO;all'intersezione semaforizzata con;VIA ROSA GUARNIERI CARDUCCI;VIA ROSA GUARNIERI CARDUCCI;;;Tamponamento;Incrocio;Più di due carreggiate;Asciutto;Asfaltata;Verticale ed orizzontale;Sereno;Normale;Buona;Sufficiente;0;0;0;5;12,49281;41,85614;0;1;Autovettura privata;In marcia / fermata / arresto;Mercedes;Benz 210;Passeggero;1990;F;Illeso;0;;Non accertato;
3558673;11;17/11/2017 19:15:00;Strada Urbana;VIA CRISTOFORO COLOMBO;all'intersezione semaforizzata con;VIA ROSA GUARNIERI CARDUCCI;VIA ROSA GUARNIERI CARDUCCI;;;Tamponamento;Incrocio;Più di due carreggiate;Asciutto;Asfaltata;Verticale ed orizzontale;Sereno;Normale;Buona;Sufficiente;0;0;0;5;12,49281;41,85614;0;1;Autovettura privata;In marcia / fermata / arresto;Mercedes;Benz 210;Passeggero;2014;M;Illeso;0;;Non accertato;
3558673;11;17/11/2017 19:15:00;Strada Urbana;VIA CRISTOFORO COLOMBO;all'intersezione semaforizzata con;VIA ROSA GUARNIERI CARDUCCI;VIA ROSA GUARNIERI CARDUCCI;;;Tamponamento;Incrocio;Più di due carreggiate;Asciutto;Asfaltata;Verticale ed orizzontale;Sereno;Normale;Buona;Sufficiente;0;0;0;5;12,49281;41,85614;0;2;Autovettura privata;In marcia / fermata / arresto;Nissan;Micra;Conducente;1962;F;Illeso;0;;Non accertato;
3558673;11;17/11/2017 19:15:00;Strada Urbana;VIA CRISTOFORO COLOMBO;all'intersezione semaforizzata con;VIA ROSA GUARNIERI CARDUCCI;VIA ROSA GUARNIERI CARDUCCI;;;Tamponamento;Incrocio;Più di due carreggiate;Asciutto;Asfaltata;Verticale ed orizzontale;Sereno;Normale;Buona;Sufficiente;0;0;0;5;12,49281;41,85614;0;2;Autovettura privata;In marcia / fermata / arresto;Nissan;Micra;Passeggero;1969;F;Illeso;0;;Utilizzato;
3558682;15;18/11/2017 02:35:00;;VIA POGGIO VERDE;in corrispondenza;;del civico n.;2;;Veicolo in marcia contro veicoli in sosta;;;;;;;;;;0;0;0;1;12,41695;41,85617;0;1;Autovettura privata;In marcia / fermata / arresto;Austin Morris;Mini Cooper;Conducente;0;M;Illeso;0;;;
3558685;15;18/11/2017 04:30:00;;PIAZZALE TOMMASO EDISON;all'intersezione con;VIA DELLA VASCA NAVALE;VIA DELLA VASCA NAVALE;;;Veicolo in marcia contro ostacolo fisso;;;;;;;;;;0;0;0;1;12,47135;41,85863;0;1;Autovettura privata;In marcia / fermata / arresto;Ford;Escort;Conducente;0;M;Illeso;0;;;
3558688;15;17/11/2017 16:45:00;;VIA DELLA MAGLIANA;all'intersezione con;VIA CITTA' DI PRATO;VIA CITTA' DI PRATO;;;Scontro frontale/laterale DX fra veicoli in marcia;;;;;;;;;;0;0;0;2;12,4243;41,83404;0;1;Autovettura privata;In marcia / fermata / arresto;Renault;Modus;Conducente;0;M;Illeso;0;;;
3558688;15;17/11/2017 16:45:00;;VIA DELLA MAGLIANA;all'intersezione con;VIA CITTA' DI PRATO;VIA CITTA' DI PRATO;;;Scontro frontale/laterale DX fra veicoli in marcia;;;;;;;;;;0;0;0;2;12,4243;41,83404;0;2;Motociclo con passeggero;In marcia / fermata / arresto;Honda;250 cc.;Conducente;0;M;Illeso;0;;;
3558694;8;17/11/2017 17:15:00;;VIA DEL FOSSO DELL'OSA;in prossimità;;del civico n.;340;;Scontro frontale/laterale SX fra veicoli in marcia;;;;;;;;;;0;0;0;3;12,68406;41,90363;0;1;Motociclo con passeggero;In marcia / fermata / arresto;Honda;CBR 1000;Conducente;1996;M;Illeso;0;;Utilizzato;
3558694;8;17/11/2017 17:15:00;;VIA DEL FOSSO DELL'OSA;in prossimità;;del civico n.;340;;Scontro frontale/laterale SX fra veicoli in marcia;;;;;;;;;;0;0;0;3;12,68406;41,90363;0;1;Motociclo con passeggero;In marcia / fermata / arresto;Honda;CBR 1000;Passeggero;1996;F;Illeso;0;;;
3558694;8;17/11/2017 17:15:00;;VIA DEL FOSSO DELL'OSA;in prossimità;;del civico n.;340;;Scontro frontale/laterale SX fra veicoli in marcia;;;;;;;;;;0;0;0;3;12,68406;41,90363;0;2;Autovettura privata;In marcia / fermata / arresto;Fiat;Panda;Conducente;1980;M;Illeso;0;;Non utilizzato;Inesploso
3558711;15;17/11/2017 16:10:00;;VIA ENRICO FERMI;all'intersezione con;VIA AVICENNA;VIA AVICENNA;;;Scontro frontale/laterale DX fra veicoli in marcia;;;;;;;;;;1;0;0;1;;;0;1;Motociclo a solo;In marcia / fermata / arresto;Piaggio;Liberty;Conducente;0;M;Rimandato;0;NON DECEDUTO;;
3558711;15;17/11/2017 16:10:00;;VIA ENRICO FERMI;all'intersezione con;VIA AVICENNA;VIA AVICENNA;;;Scontro frontale/laterale DX fra veicoli in marcia;;;;;;;;;;1;0;0;1;;;0;2;Autovettura privata;In marcia / fermata / arresto;Fiat;600;Conducente;1961;;Illeso;0;;;
3558731;10;17/11/2017 20:08:00;;VIA TUSCOLANA;all'intersezione semaforizzata con;VIALE PALMIRO TOGLIATTI;VIALE PALMIRO TOGLIATTI;;;Scontro laterale fra veicoli in marcia;;;;;;;;;;0;0;0;3;;;0;1;Autovettura privata;In marcia / fermata / arresto;Nissan;Micra;Conducente;1988;M;Illeso;0;;;
3558731;10;17/11/2017 20:08:00;;VIA TUSCOLANA;all'intersezione semaforizzata con;VIALE PALMIRO TOGLIATTI;VIALE PALMIRO TOGLIATTI;;;Scontro laterale fra veicoli in marcia;;;;;;;;;;0;0;0;3;;;0;1;Autovettura privata;In marcia / fermata / arresto;Nissan;Micra;Passeggero;1994;F;Illeso;0;;;
3558731;10;17/11/2017 20:08:00;;VIA TUSCOLANA;all'intersezione semaforizzata con;VIALE PALMIRO TOGLIATTI;VIALE PALMIRO TOGLIATTI;;;Scontro laterale fra veicoli in marcia;;;;;;;;;;0;0;0;3;;;0;2;Autovettura privata;In marcia / fermata / arresto;Toyota;Yaris;Conducente;1970;F;Illeso;0;;;
3558732;8;17/11/2017 14:20:00;Strada Urbana;VIA URZULEI;all'intersezione con;VIA BALLAO;VIA BALLAO;;;Scontro frontale/laterale DX fra veicoli in marcia;Intersezione stradale segnalata;Una carreggiata a senso unico di marcia;Asciutto;Asfaltata;Verticale;Sereno;Normale;Buona;Ore Diurne;0;0;0;1;12,69619;41,88213;-1;1;Autovettura privata;In marcia / fermata / arresto;Fiat;Bravo;Conducente;1990;M;Illeso;0;;Non accertato;Inesploso
3558733;1;13/11/2017 19:15:00;Strada Urbana;VIA GIOVANNI LANZA;all'intersezione con;VIA EQUIZIA;VIA EQUIZIA;;;Veicolo in marcia contro ostacolo accidentale;Intersezione stradale segnalata;Una carreggiata a doppio senso;Asciutto;Asfaltata;Verticale ed orizzontale;Sereno;Normale;Sufficiente;Sufficiente;1;1;0;0;;;0;1;Motociclo con passeggero;In marcia / fermata / arresto;Yamaha;500 cc.;Conducente;1967;M;Prognosi riservata;0;NON DECEDUTO;Non accertato;
3558733;1;13/11/2017 19:15:00;Strada Urbana;VIA GIOVANNI LANZA;all'intersezione con;VIA EQUIZIA;VIA EQUIZIA;;;Veicolo in marcia contro ostacolo accidentale;Intersezione stradale segnalata;Una carreggiata a doppio senso;Asciutto;Asfaltata;Verticale ed orizzontale;Sereno;Normale;Sufficiente;Sufficiente;1;1;0;0;;;0;1;Motociclo con passeggero;In marcia / fermata / arresto;Yamaha;500 cc.;Passeggero;1991;F;Rimandato;0;NON DECEDUTO;Non accertato;
3558741;10;17/11/2017 20:20:00;;VIA TUSCOLANA;in prossimità;;del civico n.;1388;;Scontro laterale fra veicoli in marcia;;;;;;;;;;0;0;0;3;;;0;1;Autovettura privata;In marcia / fermata / arresto;Volkswagen;Polo;Conducente;1995;M;Illeso;0;;;
3558741;10;17/11/2017 20:20:00;;VIA TUSCOLANA;in prossimità;;del civico n.;1388;;Scontro laterale fra veicoli in marcia;;;;;;;;;;0;0;0;3;;;0;1;Autovettura privata;In marcia / fermata / arresto;Volkswagen;Polo;Passeggero;1995;F;Illeso;0;;;
3558741;10;17/11/2017 20:20:00;;VIA TUSCOLANA;in prossimità;;del civico n.;1388;;Scontro laterale fra veicoli in marcia;;;;;;;;;;0;0;0;3;;;0;2;Autovettura privata;In marcia / fermata / arresto;Porsche;Boxster;Conducente;1975;M;Illeso;0;;;
3558756;8;17/11/2017 18:10:00;;VIA COLLATINA;da specificare;;;;alt GRA dir Lunghezza;Tamponamento;;;;;;;;;;0;0;0;3;12,61547;41,9043;0;1;Autovettura privata;In marcia / fermata / arresto;Nissan;QASHQAI;Conducente;1941;;Illeso;0;;;
3558756;8;17/11/2017 18:10:00;;VIA COLLATINA;da specificare;;;;alt GRA dir Lunghezza;Tamponamento;;;;;;;;;;0;0;0;3;12,61547;41,9043;0;1;Autovettura privata;In marcia / fermata / arresto;Nissan;QASHQAI;Passeggero;1947;F;Illeso;0;;Non utilizzato;Inesploso
3558756;8;17/11/2017 18:10:00;;VIA COLLATINA;da specificare;;;;alt GRA dir Lunghezza;Tamponamento;;;;;;;;;;0;0;0;3;12,61547;41,9043;0;2;Autovettura privata;In marcia / fermata / arresto;Toyota;Corolla;Conducente;1979;M;Illeso;0;;;
3558760;10;17/11/2017 21:05:00;;VIA TAURIANOVA;all'intersezione con;PIAZZA ROSARNO;PIAZZA ROSARNO;;;Veicolo in marcia contro veicolo in sosta;;;;;;;;;;1;0;0;4;;;0;1;Autovettura privata;In marcia / fermata / arresto;Peugeot;107;Conducente;1998;M;Illeso;0;;;
3558760;10;17/11/2017 21:05:00;;VIA TAURIANOVA;all'intersezione con;PIAZZA ROSARNO;PIAZZA ROSARNO;;;Veicolo in marcia contro veicolo in sosta;;;;;;;;;;1;0;0;4;;;0;1;Autovettura privata;In marcia / fermata / arresto;Peugeot;107;Passeggero;0;F;Rimandato;0;NON DECEDUTO;;
3558760;10;17/11/2017 21:05:00;;VIA TAURIANOVA;all'intersezione con;PIAZZA ROSARNO;PIAZZA ROSARNO;;;Veicolo in marcia contro veicolo in sosta;;;;;;;;;;1;0;0;4;;;0;2;Autovettura privata;In marcia / fermata / arresto;Fiat;500 L;Conducente;1978;M;Illeso;0;;;
3558760;10;17/11/2017 21:05:00;;VIA TAURIANOVA;all'intersezione con;PIAZZA ROSARNO;PIAZZA ROSARNO;;;Veicolo in marcia contro veicolo in sosta;;;;;;;;;;1;0;0;4;;;0;2;Autovettura privata;In marcia / fermata / arresto;Fiat;500 L;Passeggero;1979;F;Illeso;0;;;
3558760;10;17/11/2017 21:05:00;;VIA TAURIANOVA;all'intersezione con;PIAZZA ROSARNO;PIAZZA ROSARNO;;;Veicolo in marcia contro veicolo in sosta;;;;;;;;;;1;0;0;4;;;0;2;Autovettura privata;In marcia / fermata / arresto;Fiat;500 L;Passeggero;2014;F;Illeso;0;;;
3558768;15;17/11/2017 19:30:00;;VIA DELLA MAGLIANA;da specificare;;;;fronte civ. 277/A;Scontro laterale fra veicoli in marcia;;;;;;;;;;1;0;0;5;;;0;1;Motociclo con passeggero;In marcia / fermata / arresto;Yamaha;Majestic;Conducente;0;M;Rifiuta cure immediate;0;NON DECEDUTO;;
3558768;15;17/11/2017 19:30:00;;VIA DELLA MAGLIANA;da specificare;;;;fronte civ. 277/A;Scontro laterale fra veicoli in marcia;;;;;;;;;;1;0;0;5;;;0;1;Motociclo con passeggero;In marcia / fermata / arresto;Yamaha;Majestic;Passeggero;0;M;Illeso;0;;;
3558768;15;17/11/2017 19:30:00;;VIA DELLA MAGLIANA;da specificare;;;;fronte civ. 277/A;Scontro laterale fra veicoli in marcia;;;;;;;;;;1;0;0;5;;;0;2;Autovettura privata;In marcia / fermata / arresto;Saab;9.3;Conducente;0;M;Illeso;0;;;
3558768;15;17/11/2017 19:30:00;;VIA DELLA MAGLIANA;da specificare;;;;fronte civ. 277/A;Scontro laterale fra veicoli in marcia;;;;;;;;;;1;0;0;5;;;0;2;Autovettura privata;In marcia / fermata / arresto;Saab;9.3;Passeggero;0;F;Illeso;0;;;
3558768;15;17/11/2017 19:30:00;;VIA DELLA MAGLIANA;da specificare;;;;fronte civ. 277/A;Scontro laterale fra veicoli in marcia;;;;;;;;;;1;0;0;5;;;0;2;Autovettura privata;In marcia / fermata / arresto;Saab;9.3;Passeggero;0;M;Illeso;0;;;
3558769;8;17/11/2017 17:20:00;;VIA POLENSE;all'intersezione con;VIA CAVUCCIO;VIA CAVUCCIO;;;Tamponamento;;;;;;;;;;0;0;0;2;12,71238;41,90583;0;1;Autovettura privata;In marcia / fermata / arresto;Volkswagen;Polo;Conducente;1952;;Illeso;0;;;
3558769;8;17/11/2017 17:20:00;;VIA POLENSE;all'intersezione con;VIA CAVUCCIO;VIA CAVUCCIO;;;Tamponamento;;;;;;;;;;0;0;0;2;12,71238;41,90583;0;2;Motociclo a solo;In marcia / fermata / arresto;Aprilia;sport city;Conducente;1964;M;Illeso;0;;Non accertato;
3558774;10;17/11/2017 22:30:00;;VIA MASO FINIGUERRA;all'intersezione con;VIA GABRIELE NAPODANO;VIA GABRIELE NAPODANO;;;Veicolo in marcia contro veicoli in sosta;;;;;;;;;;0;0;0;5;;;0;1;Autovettura privata;In marcia / fermata / arresto;Fiat;Panda;Conducente;1995;F;Illeso;0;;;
3558774;10;17/11/2017 22:30:00;;VIA MASO FINIGUERRA;all'intersezione con;VIA GABRIELE NAPODANO;VIA GABRIELE NAPODANO;;;Veicolo in marcia contro veicoli in sosta;;;;;;;;;;0;0;0;5;;;0;2;Autovettura privata;In marcia / fermata / arresto;Nissan;QASHQAI;Conducente;1973;M;Illeso;0;;;
3558774;10;17/11/2017 22:30:00;;VIA MASO FINIGUERRA;all'intersezione con;VIA GABRIELE NAPODANO;VIA GABRIELE NAPODANO;;;Veicolo in marcia contro veicoli in sosta;;;;;;;;;;0;0;0;5;;;0;2;Autovettura privata;In marcia / fermata / arresto;Nissan;QASHQAI;Passeggero;1974;F;Illeso;0;;;
3558774;10;17/11/2017 22:30:00;;VIA MASO FINIGUERRA;all'intersezione con;VIA GABRIELE NAPODANO;VIA GABRIELE NAPODANO;;;Veicolo in marcia contro veicoli in sosta;;;;;;;;;;0;0;0;5;;;0;2;Autovettura privata;In marcia / fermata / arresto;Nissan;QASHQAI;Passeggero;2012;M;Illeso;0;;;
3558774;10;17/11/2017 22:30:00;;VIA MASO FINIGUERRA;all'intersezione con;VIA GABRIELE NAPODANO;VIA GABRIELE NAPODANO;;;Veicolo in marcia contro veicoli in sosta;;;;;;;;;;0;0;0;5;;;0;2;Autovettura privata;In marcia / fermata / arresto;Nissan;QASHQAI;Passeggero;2014;M;Illeso;0;;;
3558780;15;17/11/2017 19:15:00;;VIA PIETRO BLASERNA;all'intersezione con;LUNGOTEVERE VITTORIO GASSMAN;LUNGOTEVERE VITTORIO GASSMAN;;;Scontro frontale/laterale SX fra veicoli in marcia;;;;;;;;;;1;0;0;2;;;0;1;Autovettura privata;In marcia / fermata / arresto;Renault;Clio;Conducente;0;M;Illeso;0;;;
3558780;15;17/11/2017 19:15:00;;VIA PIETRO BLASERNA;all'intersezione con;LUNGOTEVERE VITTORIO GASSMAN;LUNGOTEVERE VITTORIO GASSMAN;;;Scontro frontale/laterale SX fra veicoli in marcia;;;;;;;;;;1;0;0;2;;;0;1;Autovettura privata;In marcia / fermata / arresto;Renault;Clio;Passeggero;0;F;Illeso;0;;;
3558780;15;17/11/2017 19:15:00;;VIA PIETRO BLASERNA;all'intersezione con;LUNGOTEVERE VITTORIO GASSMAN;LUNGOTEVERE VITTORIO GASSMAN;;;Scontro frontale/laterale SX fra veicoli in marcia;;;;;;;;;;1;0;0;2;;;0;2;Motociclo a solo;In marcia / fermata / arresto;Malaguti;Phantom;Conducente;0;M;Rifiuta cure immediate;0;NON DECEDUTO;;
3558788;8;17/11/2017 11:20:00;Strada Urbana;VIA DI ROCCA CENCIA;in prossimità;;del civico n.;36;;Investimento di pedone;Rettilineo;Una carreggiata a doppio senso;Asciutto;Asfaltata;Verticale ed orizzontale;Sereno;Normale;Buona;Ore Diurne;1;0;0;1;12,68767;41,86455;0;;;;;;Pedone;1934;M;Rimandato;0;NON DECEDUTO;;
3558788;8;17/11/2017 11:20:00;Strada Urbana;VIA DI ROCCA CENCIA;in prossimità;;del civico n.;36;;Investimento di pedone;Rettilineo;Una carreggiata a doppio senso;Asciutto;Asfaltata;Verticale ed orizzontale;Sereno;Normale;Buona;Ore Diurne;1;0;0;1;12,68767;41,86455;0;1;Autovettura privata;In marcia / fermata / arresto;Renault;Clio;Conducente;1980;M;Illeso;0;;Non accertato;Inesploso
3558852;2;18/11/2017 06:15:00;;CORSO D'ITALIA;in prossimità;;del civico n.;35/B;;Veicolo in marcia contro veicoli in sosta;;;;;;;;;;0;0;0;1;;;0;1;Autovettura privata;In marcia / fermata / arresto;Toyota;Rav;Conducente;1990;M;Illeso;0;;;
3558901;19;17/11/2017 21:30:00;Strada Urbana;VIA PIETRO BEMBO;all'intersezione con;VIA PIETRO GASPARRI;VIA PIETRO GASPARRI;;;Scontro frontale/laterale DX fra veicoli in marcia;Incrocio;Una carreggiata a doppio senso;Asciutto;Asfaltata;Verticale ed orizzontale;Sereno;Normale;Buona;Sufficiente;0;0;0;2;;;0;1;Autovettura privata;In marcia / fermata / arresto;Fiat;Punto;Conducente;1970;M;Illeso;0;;Non accertato;Inesploso
3558901;19;17/11/2017 21:30:00;Strada Urbana;VIA PIETRO BEMBO;all'intersezione con;VIA PIETRO GASPARRI;VIA PIETRO GASPARRI;;;Scontro frontale/laterale DX fra veicoli in marcia;Incrocio;Una carreggiata a doppio senso;Asciutto;Asfaltata;Verticale ed orizzontale;Sereno;Normale;Buona;Sufficiente;0;0;0;2;;;0;2;Motociclo a solo;In marcia / fermata / arresto;Kymco;Agility 125;Conducente;1998;M;Illeso;0;;Non accertato;
3558944;20;18/11/2017 09:45:00;Strada Urbana;VIA VALDAGNO;all'intersezione semaforizzata con;VIA DI VILLA SEVERINI;VIA DI VILLA SEVERINI;;;Scontro laterale fra veicoli in marcia;Intersezione semaforizzata;Una carreggiata a doppio senso;Asciutto;Asfaltata;Verticale ed orizzontale;Sereno;Normale;Buona;Ore Diurne;0;0;0;2;;;0;1;Autovettura privata;In marcia / fermata / arresto;Volvo;XC 60;Conducente;1954;M;Illeso;0;;Non accertato;Inesploso
3558944;20;18/11/2017 09:45:00;Strada Urbana;VIA VALDAGNO;all'intersezione semaforizzata con;VIA DI VILLA SEVERINI;VIA DI VILLA SEVERINI;;;Scontro laterale fra veicoli in marcia;Intersezione semaforizzata;Una carreggiata a doppio senso;Asciutto;Asfaltata;Verticale ed orizzontale;Sereno;Normale;Buona;Ore Diurne;0;0;0;2;;;0;2;Autovettura privata;In marcia / fermata / arresto;Mercedes;Benz 250 D;Conducente;1992;M;Illeso;0;;Non accertato;Inesploso
3558987;2;18/11/2017 10:00:00;Strada Urbana;VIALE REGINA MARGHERITA;in prossimità;;del civico n.;94;;Investimento di pedone;Rettilineo;Una carreggiata a doppio senso;Asciutto;Asfaltata;Verticale ed orizzontale;Sereno;Normale;Buona;Ore Diurne;1;0;0;1;;;0;;;;;;Pedone;1928;M;Rimandato;0;NON DECEDUTO;;
3558987;2;18/11/2017 10:00:00;Strada Urbana;VIALE REGINA MARGHERITA;in prossimità;;del civico n.;94;;Investimento di pedone;Rettilineo;Una carreggiata a doppio senso;Asciutto;Asfaltata;Verticale ed orizzontale;Sereno;Normale;Buona;Ore Diurne;1;0;0;1;;;0;1;Autovettura privata;In marcia / fermata / arresto;Dacia;Duster;Conducente;1962;F;Illeso;0;;;
3559043;23;17/11/2017 17:25:00;Comunale extraurbana;VIA CRISTOFORO COLOMBO;in corrispondenza;;della chilometrica;19.5;;Tamponamento Multiplo;Rettilineo;Più di due carreggiate;Asciutto;Asfaltata;Verticale ed orizzontale;Sereno;Intenso;Buona;Ore Diurne;0;0;0;6;;;0;1;Autovettura privata;In marcia / fermata / arresto;Dacia;Sandero;Conducente;1946;M;Illeso;0;;Non accertato;Inesploso
3559043;23;17/11/2017 17:25:00;Comunale extraurbana;VIA CRISTOFORO COLOMBO;in corrispondenza;;della chilometrica;19.5;;Tamponamento Multiplo;Rettilineo;Più di due carreggiate;Asciutto;Asfaltata;Verticale ed orizzontale;Sereno;Intenso;Buona;Ore Diurne;0;0;0;6;;;0;1;Autovettura privata;In marcia / fermata / arresto;Dacia;Sandero;Passeggero;1949;F;Illeso;0;;Non accertato;Inesistente
3559043;23;17/11/2017 17:25:00;Comunale extraurbana;VIA CRISTOFORO COLOMBO;in corrispondenza;;della chilometrica;19.5;;Tamponamento Multiplo;Rettilineo;Più di due carreggiate;Asciutto;Asfaltata;Verticale ed orizzontale;Sereno;Intenso;Buona;Ore Diurne;0;0;0;6;;;0;1;Autovettura privata;In marcia / fermata / arresto;Dacia;Sandero;Passeggero;1951;F;Illeso;0;;Non accertato;Inesploso
3559043;23;17/11/2017 17:25:00;Comunale extraurbana;VIA CRISTOFORO COLOMBO;in corrispondenza;;della chilometrica;19.5;;Tamponamento Multiplo;Rettilineo;Più di due carreggiate;Asciutto;Asfaltata;Verticale ed orizzontale;Sereno;Intenso;Buona;Ore Diurne;0;0;0;6;;;0;2;Autovettura privata;In marcia / fermata / arresto;Fiat;Panda;Conducente;1962;F;Illeso;0;;Non accertato;Inesploso
3559043;23;17/11/2017 17:25:00;Comunale extraurbana;VIA CRISTOFORO COLOMBO;in corrispondenza;;della chilometrica;19.5;;Tamponamento Multiplo;Rettilineo;Più di due carreggiate;Asciutto;Asfaltata;Verticale ed orizzontale;Sereno;Intenso;Buona;Ore Diurne;0;0;0;6;;;0;2;Autovettura privata;In marcia / fermata / arresto;Fiat;Panda;Passeggero;2015;M;Illeso;0;;Utilizzato;Inesistente
3559043;23;17/11/2017 17:25:00;Comunale extraurbana;VIA CRISTOFORO COLOMBO;in corrispondenza;;della chilometrica;19.5;;Tamponamento Multiplo;Rettilineo;Più di due carreggiate;Asciutto;Asfaltata;Verticale ed orizzontale;Sereno;Intenso;Buona;Ore Diurne;0;0;0;6;;;0;3;Autovettura privata;In marcia / fermata / arresto;Lancia;Musa;Conducente;1960;F;Illeso;0;;Non accertato;Esploso
3559084;13;18/11/2017 12:15:00;Strada Urbana;Via della Stella Polare;all'intersezione con;VIA ALGAJOLA;VIA ALGAJOLA;;;Scontro frontale/laterale SX fra veicoli in marcia;Rotatoria;Due carreggiate;Asciutto;Asfaltata;Verticale ed orizzontale;Sereno;Scarso;Buona;Ore Diurne;0;0;0;2;;;0;1;Autovettura privata;In marcia / fermata / arresto;Daimler Chrysler Mercedes; C 220;Conducente;1957;M;Illeso;0;;;
3559084;13;18/11/2017 12:15:00;Strada Urbana;Via della Stella Polare;all'intersezione con;VIA ALGAJOLA;VIA ALGAJOLA;;;Scontro frontale/laterale SX fra veicoli in marcia;Rotatoria;Due carreggiate;Asciutto;Asfaltata;Verticale ed orizzontale;Sereno;Scarso;Buona;Ore Diurne;0;0;0;2;;;0;2;Autovettura privata;In marcia / fermata / arresto;Daimler Chrysler Mercedes;Classe  A180;Conducente;1986;F;Illeso;0;;;
3559085;26;17/11/2017 09:40:00;Strada Urbana;FORO ROMANO;da specificare;;;;circa 15 mt dopo la svolta di via della Consolazio;Tamponamento Multiplo;Rettilineo;Una carreggiata a senso unico di marcia;Asciutto;In cubetti di porfido;Verticale ed orizzontale;Sereno;Normale;Buona;Ore Diurne;0;0;0;3;;;0;1;Autovettura privata;In marcia / fermata / arresto;Mercedes;Smart;Conducente;1991;M;Illeso;0;;Non accertato;
3559085;26;17/11/2017 09:40:00;Strada Urbana;FORO ROMANO;da specificare;;;;circa 15 mt dopo la svolta di via della Consolazio;Tamponamento Multiplo;Rettilineo;Una carreggiata a senso unico di marcia;Asciutto;In cubetti di porfido;Verticale ed orizzontale;Sereno;Normale;Buona;Ore Diurne;0;0;0;3;;;0;2;Autovettura privata;In marcia / fermata / arresto;Opel;(ignoto);Conducente;1950;M;Illeso;0;;Non accertato;
3559085;26;17/11/2017 09:40:00;Strada Urbana;FORO ROMANO;da specificare;;;;circa 15 mt dopo la svolta di via della Consolazio;Tamponamento Multiplo;Rettilineo;Una carreggiata a senso unico di marcia;Asciutto;In cubetti di porfido;Verticale ed orizzontale;Sereno;Normale;Buona;Ore Diurne;0;0;0;3;;;0;3;Autocarro inferiore 35 q.;In marcia / fermata / arresto; Mercedes ;Sprinter;Conducente;1984;M;Illeso;0;;Non accertato;
3559155;19;18/11/2017 11:25:00;Strada Urbana;VIA AL SESTO MIGLIO;da specificare;;;;prossimità fronte civico 10;Tamponamento;Rettilineo;Una carreggiata a doppio senso;Asciutto;Asfaltata;Verticale ed orizzontale;Sereno;Intenso;Buona;Ore Diurne;0;0;0;3;12,44045;41,96732;0;1;Autovettura privata;In marcia / fermata / arresto;Peugeot;206;Conducente;1959;F;Illeso;0;;Non accertato;