Protocollo;Gruppo;DataOraIncidente;Localizzazione1;STRADA1;Localizzazione2;STRADA2;Strada02;Chilometrica;DaSpecificare;NaturaIncidente;particolaritastrade;TipoStrada;FondoStradale;Pavimentazione;Segnaletica;CondizioneAtmosferica;Traffico;Visibilita;Illuminazione;NUM_FERITI;NUM_RISERVATA;NUM_MORTI;NUM_ILLESI;Longitudine;Latitudine;Confermato;Progressivo;TipoVeicolo;StatoVeicolo;Marca;Modello;TipoPersona;AnnoNascita;Sesso;Tipolesione;Deceduto;DecedutoDopo;CinturaCascoUtilizzato;Airbag;
3560989;20;19/11/2017 03:23:00;Strada Urbana;VIALE MARESCIALLO PILSUDSKI;all'intersezione con;PIAZZALE ANKARA;PIAZZALE ANKARA;;;Tamponamento;Incrocio;Una carreggiata a doppio senso;Asciutto;Asfaltata;Verticale ed orizzontale;Sereno;Scarso;Buona;Sufficiente;1;0;0;3;;;0;1;Autovettura privata;In marcia / fermata / arresto;Alfa Romeo;Giulietta;Passeggero;1999;F;Illeso;0;;Non accertato;Inesploso
3560989;20;19/11/2017 03:23:00;Strada Urbana;VIALE MARESCIALLO PILSUDSKI;all'intersezione con;PIAZZALE ANKARA;PIAZZALE ANKARA;;;Tamponamento;Incrocio;Una carreggiata a doppio senso;Asciutto;Asfaltata;Verticale ed orizzontale;Sereno;Scarso;Buona;Sufficiente;1;0;0;3;;;0;2;Autovettura privata;In marcia / fermata / arresto;Hyundai;(non accertato);Conducente;1989;M;Rifiuta cure immediate;0;NON DECEDUTO;Non accertato;Inesploso
3560989;20;19/11/2017 03:23:00;Strada Urbana;VIALE MARESCIALLO PILSUDSKI;all'intersezione con;PIAZZALE ANKARA;PIAZZALE ANKARA;;;Tamponamento;Incrocio;Una carreggiata a doppio senso;Asciutto;Asfaltata;Verticale ed orizzontale;Sereno;Scarso;Buona;Sufficiente;1;0;0;3;;;0;2;Autovettura privata;In marcia / fermata / arresto;Hyundai;(non accertato);Passeggero;1987;M;Illeso;0;;Non accertato;Inesploso
3560990;10;19/11/2017 12:00:00;;VIA TUSCOLANA;all'intersezione semaforizzata con;VIA NOCARA;VIA NOCARA;;;Tamponamento;;;;;;;;;;0;0;0;2;;;0;1;Autovettura privata;In marcia / fermata / arresto;BMW;118 D;Conducente;1972;F;Illeso;0;;;
3560990;10;19/11/2017 12:00:00;;VIA TUSCOLANA;all'intersezione semaforizzata con;VIA NOCARA;VIA NOCARA;;;Tamponamento;;;;;;;;;;0;0;0;2;;;0;2;Autovettura privata;In marcia / fermata / arresto;Seat;Ibiza;Conducente;1987;M;Illeso;0;;;
3560993;6;17/11/2017 13:45:00;Strada Urbana;VIA MONTEFORTE IRPINO;da specificare;;;;altezza Viale Partenope;Scontro laterale fra veicoli in marcia;Rettilineo;Una carreggiata a doppio senso;Asciutto;Asfaltata;Verticale ed orizzontale;Sereno;Normale;Buona;Ore Diurne;0;0;0;2;12,55126;41,8913;0;1;Autovettura privata;In marcia / fermata / arresto;Hyundai;Atos;Conducente;1961;F;Illeso;0;;;
3560993;6;17/11/2017 13:45:00;Strada Urbana;VIA MONTEFORTE IRPINO;da specificare;;;;altezza Viale Partenope;Scontro laterale fra veicoli in marcia;Rettilineo;Una carreggiata a doppio senso;Asciutto;Asfaltata;Verticale ed orizzontale;Sereno;Normale;Buona;Ore Diurne;0;0;0;2;12,55126;41,8913;0;2;Autovettura privata;In marcia / fermata / arresto;Audi;A 3;Conducente;1953;M;Illeso;0;;;
3560995;7;19/11/2017 12:00:00;;VIA DEI CASTANI;all'intersezione con;VIA DEI GLICINI;VIA DEI GLICINI;;;Scontro frontale/laterale DX fra veicoli in marcia;;;;;;;;;;1;0;0;2;;;0;1;Autovettura privata;In marcia / fermata / arresto;Peugeot;206;Conducente;1997;M;Rimandato;0;NON DECEDUTO;;
3560995;7;19/11/2017 12:00:00;;VIA DEI CASTANI;all'intersezione con;VIA DEI GLICINI;VIA DEI GLICINI;;;Scontro frontale/laterale DX fra veicoli in marcia;;;;;;;;;;1;0;0;2;;;0;2;Autovettura privata;In marcia / fermata / arresto;Ford;Fusion;Conducente;1945;M;Illeso;0;;;
3560995;7;19/11/2017 12:00:00;;VIA DEI CASTANI;all'intersezione con;VIA DEI GLICINI;VIA DEI GLICINI;;;Scontro frontale/laterale DX fra veicoli in marcia;;;;;;;;;;1;0;0;2;;;0;2;Autovettura privata;In marcia / fermata / arresto;Ford;Fusion;Passeggero;1946;M;Illeso;0;;;
3561001;10;19/11/2017 13:35:00;;VIA DI PASSO LOMBARDO;all'intersezione con;VIA DI VERMICINO;VIA DI VERMICINO;;;Scontro frontale/laterale DX fra veicoli in marcia;;;;;;;;;;0;0;0;6;;;0;1;Autovettura privata;In marcia / fermata / arresto;Mercedes;Classe E SW;Conducente;1951;M;Illeso;0;;;
3561001;10;19/11/2017 13:35:00;;VIA DI PASSO LOMBARDO;all'intersezione con;VIA DI VERMICINO;VIA DI VERMICINO;;;Scontro frontale/laterale DX fra veicoli in marcia;;;;;;;;;;0;0;0;6;;;0;1;Autovettura privata;In marcia / fermata / arresto;Mercedes;Classe E SW;Passeggero;1959;F;Illeso;0;;;
3561001;10;19/11/2017 13:35:00;;VIA DI PASSO LOMBARDO;all'intersezione con;VIA DI VERMICINO;VIA DI VERMICINO;;;Scontro frontale/laterale DX fra veicoli in marcia;;;;;;;;;;0;0;0;6;;;0;1;Autovettura privata;In marcia / fermata / arresto;Mercedes;Classe E SW;Passeggero;1970;M;Illeso;0;;;
3561001;10;19/11/2017 13:35:00;;VIA DI PASSO LOMBARDO;all'intersezione con;VIA DI VERMICINO;VIA DI VERMICINO;;;Scontro frontale/laterale DX fra veicoli in marcia;;;;;;;;;;0;0;0;6;;;0;1;Autovettura privata;In marcia / fermata / arresto;Mercedes;Classe E SW;Passeggero;1975;F;Illeso;0;;;
3561001;10;19/11/2017 13:35:00;;VIA DI PASSO LOMBARDO;all'intersezione con;VIA DI VERMICINO;VIA DI VERMICINO;;;Scontro frontale/laterale DX fra veicoli in marcia;;;;;;;;;;0;0;0;6;;;0;1;Autovettura privata;In marcia / fermata / arresto;Mercedes;Classe E SW;Passeggero;2002;M;Illeso;0;;;
3561001;10;19/11/2017 13:35:00;;VIA DI PASSO LOMBARDO;all'intersezione con;VIA DI VERMICINO;VIA DI VERMICINO;;;Scontro frontale/laterale DX fra veicoli in marcia;;;;;;;;;;0;0;0;6;;;0;2;Autovettura privata;In marcia / fermata / arresto;Audi;2;Conducente;1974;M;Illeso;0;;;
3561006;10;19/11/2017 17:30:00;;VIA TUSCOLANA;da specificare;;;;pross via torre spaccata;Tamponamento;;;;;;;;;;0;0;0;2;;;0;1;Autovettura privata;In marcia / fermata / arresto;Volkswagen;Lupo;Conducente;1986;M;Illeso;0;;;
3561006;10;19/11/2017 17:30:00;;VIA TUSCOLANA;da specificare;;;;pross via torre spaccata;Tamponamento;;;;;;;;;;0;0;0;2;;;0;2;Autovettura privata;In marcia / fermata / arresto;Citroen;C 1;Conducente;1980;M;Illeso;0;;;
3561017;6;17/11/2017 19:40:00;Strada Urbana;VIA BARTOLOMEO GENGA;all'intersezione con;VIA GALEAZZO ALESSI;VIA GALEAZZO ALESSI;;;Scontro frontale/laterale SX fra veicoli in marcia;Incrocio;Una carreggiata a doppio senso;Asciutto;Asfaltata;Verticale ed orizzontale;Sereno;Scarso;Buona;Sufficiente;1;0;0;1;12,53488;41,88111;0;1;Motociclo a solo;In marcia / fermata / arresto;Piaggio;Liberty;Conducente;1990;M;Rifiuta cure immediate;0;NON DECEDUTO;;
3561017;6;17/11/2017 19:40:00;Strada Urbana;VIA BARTOLOMEO GENGA;all'intersezione con;VIA GALEAZZO ALESSI;VIA GALEAZZO ALESSI;;;Scontro frontale/laterale SX fra veicoli in marcia;Incrocio;Una carreggiata a doppio senso;Asciutto;Asfaltata;Verticale ed orizzontale;Sereno;Scarso;Buona;Sufficiente;1;0;0;1;12,53488;41,88111;0;2;Autovettura privata;In marcia / fermata / arresto;Rover;25;Conducente;1980;M;Illeso;0;;;
3561021;10;19/11/2017 22:30:00;;VIA ALBALONGA;all'intersezione con;VIA CENEDA;VIA CENEDA;;;Veicolo in marcia contro veicolo in sosta;;;;;;;;;;0;0;0;1;;;0;2;Motociclo a solo;In marcia / fermata / arresto;Honda;SH 125;Conducente;1985;M;Illeso;0;;;
3561025;10;20/11/2017 00:13:00;;VIA STATILIO OTTATO;all'intersezione con;PIAZZA QUINTO CURZIO;PIAZZA QUINTO CURZIO;;;Scontro frontale/laterale SX fra veicoli in marcia;;;;;;;;;;0;0;0;3;;;0;1;Autovettura privata;In marcia / fermata / arresto;Opel;Corsa;Conducente;1993;M;Illeso;0;;;
3561025;10;20/11/2017 00:13:00;;VIA STATILIO OTTATO;all'intersezione con;PIAZZA QUINTO CURZIO;PIAZZA QUINTO CURZIO;;;Scontro frontale/laterale SX fra veicoli in marcia;;;;;;;;;;0;0;0;3;;;0;1;Autovettura privata;In marcia / fermata / arresto;Opel;Corsa;Passeggero;1993;M;Illeso;0;;;
3561025;10;20/11/2017 00:13:00;;VIA STATILIO OTTATO;all'intersezione con;PIAZZA QUINTO CURZIO;PIAZZA QUINTO CURZIO;;;Scontro frontale/laterale SX fra veicoli in marcia;;;;;;;;;;0;0;0;3;;;0;2;Autovettura privata;In marcia / fermata / arresto;Chevrolet;Matiz;Conducente;1990;F;Illeso;0;;;
3561043;20;18/11/2017 18:50:00;;VIA CONCESIO;da specificare;;;;Alt. palo Luce tra 23 e 21;Scontro frontale fra veicoli in marcia;;;;;;;;;;3;0;0;1;;;0;1;Autovettura privata;In marcia / fermata / arresto;Fiat;Panda;Conducente;1946;M;Rimandato;0;NON DECEDUTO;;
3561043;20;18/11/2017 18:50:00;;VIA CONCESIO;da specificare;;;;Alt. palo Luce tra 23 e 21;Scontro frontale fra veicoli in marcia;;;;;;;;;;3;0;0;1;;;0;2;Autovettura privata;In marcia / fermata / arresto;Opel;Astra;Conducente;1973;M;Illeso;0;;;
3561043;20;18/11/2017 18:50:00;;VIA CONCESIO;da specificare;;;;Alt. palo Luce tra 23 e 21;Scontro frontale fra veicoli in marcia;;;;;;;;;;3;0;0;1;;;0;2;Autovettura privata;In marcia / fermata / arresto;Opel;Astra;Passeggero;2007;F;Rimandato;0;NON DECEDUTO;;
3561043;20;18/11/2017 18:50:00;;VIA CONCESIO;da specificare;;;;Alt. palo Luce tra 23 e 21;Scontro frontale fra veicoli in marcia;;;;;;;;;;3;0;0;1;;;0;2;Autovettura privata;In marcia / fermata / arresto;Opel;Astra;Passeggero;2008;M;Rimandato;0;NON DECEDUTO;;
3561047;20;18/11/2017 17:10:00;Strada Urbana;VIALE DI TOR DI QUINTO;in corrispondenza;;del civico n.;61;;Ribaltamento senza urto contro ostacolo fisso;Rettilineo;Più di due carreggiate;Asciutto;Asfaltata;Verticale ed orizzontale;Sereno;Normale;Buona;Sufficiente;1;0;0;0;;;0;1;Ciclomotore;In marcia / fermata / arresto;Kymco;(non accertato);Conducente;1958;M;Rimandato;0;NON DECEDUTO;Non accertato;
3561048;13;18/11/2017 18:30:00;;VIA ALGAJOLA;all'intersezione con;Via della Stella Polare;Via della Stella Polare;;;Scontro frontale/laterale DX fra veicoli in marcia;;;;;;;;;;0;0;0;3;12,29152;41,72634;0;1;Autovettura privata;In marcia / fermata / arresto;Peugeot;1007;Conducente;1970;F;Illeso;0;;;Esploso
3561048;13;18/11/2017 18:30:00;;VIA ALGAJOLA;all'intersezione con;Via della Stella Polare;Via della Stella Polare;;;Scontro frontale/laterale DX fra veicoli in marcia;;;;;;;;;;0;0;0;3;12,29152;41,72634;0;1;Autovettura privata;In marcia / fermata / arresto;Peugeot;1007;Passeggero;2002;F;Illeso;0;;;Esploso
3561048;13;18/11/2017 18:30:00;;VIA ALGAJOLA;all'intersezione con;Via della Stella Polare;Via della Stella Polare;;;Scontro frontale/laterale DX fra veicoli in marcia;;;;;;;;;;0;0;0;3;12,29152;41,72634;0;2;Autovettura privata;In marcia / fermata / arresto;Suzuki;Swift;Conducente;1988;M;Illeso;0;;;Esploso
3561053;6;18/11/2017 07:50:00;Strada Urbana;VIA RICCARDO PITTERI;all'intersezione con;VIA GIORGIO PITACCO;VIA GIORGIO PITACCO;;;Scontro frontale/laterale SX fra veicoli in marcia;Incrocio;Una carreggiata a senso unico di marcia;Asciutto;Asfaltata;Verticale;Sereno;Scarso;Buona;Ore Diurne;0;0;0;2;12,54766;41,89411;0;1;Autovettura privata;In marcia / fermata / arresto;Renault;Captur;Conducente;1972;F;Illeso;0;;;
3561053;6;18/11/2017 07:50:00;Strada Urbana;VIA RICCARDO PITTERI;all'intersezione con;VIA GIORGIO PITACCO;VIA GIORGIO PITACCO;;;Scontro frontale/laterale SX fra veicoli in marcia;Incrocio;Una carreggiata a senso unico di marcia;Asciutto;Asfaltata;Verticale;Sereno;Scarso;Buona;Ore Diurne;0;0;0;2;12,54766;41,89411;0;2;Autocarro inferiore 35 q.;In marcia / fermata / arresto;Mercedes;Sprinter;Conducente;1961;M;Illeso;0;;;
3561058;6;18/11/2017 04:00:00;Strada Urbana;VIA DEI GORDIANI;da specificare;;;;altezza via belmonte castello;Veicolo in marcia contro ostacolo fisso;Curva a visuale libera;Una carreggiata a doppio senso;Asciutto;Asfaltata;Verticale ed orizzontale;Sereno;Scarso;Sufficiente;Sufficiente;0;0;0;1;12,55412;41,88394;-1;1;Autovettura privata;In marcia / fermata / arresto;Fiat;500;Conducente;1981;M;Illeso;0;;;
3561061;18;17/11/2017 19:05:00;;VIA LEONE XIII;da specificare;;;;PROSSIMITA' VIA F.BERNARDINI;Scontro laterale fra veicoli in marcia;;;;;;;;;;1;0;0;0;12,44044;41,88694;0;2;Motociclo a solo;In marcia / fermata / arresto;Yamaha;250;Conducente;1960;M;Rimandato;0;NON DECEDUTO;;
3561062;13;19/11/2017 12:20:00;;VIA GIOVANNI BOLDINI;all'intersezione con;VIA FRANCESCO INGOLI;VIA FRANCESCO INGOLI;;;Tamponamento;;;;;;;;;;0;0;0;2;;;0;1;Autovettura privata;In marcia / fermata / arresto;Skoda;Yeti;Conducente;1991;F;Illeso;0;;Non accertato;Inesploso
3561062;13;19/11/2017 12:20:00;;VIA GIOVANNI BOLDINI;all'intersezione con;VIA FRANCESCO INGOLI;VIA FRANCESCO INGOLI;;;Tamponamento;;;;;;;;;;0;0;0;2;;;0;2;Autovettura privata;In marcia / fermata / arresto;Fiat;600;Conducente;1932;M;Illeso;0;;Non accertato;Inesploso
3561069;20;19/11/2017 09:00:00;Strada Urbana;VIA CASSIA;in prossimità;;del civico n.;1288;;Scontro laterale fra veicoli in marcia;Rettilineo;Una carreggiata a senso unico di marcia;Asciutto;Asfaltata;Verticale ed orizzontale;Nuvoloso;Normale;Buona;Ore Diurne;1;0;0;1;;;0;1;Autovettura privata;In marcia / fermata / arresto;Peugeot;206;Conducente;1933;M;Illeso;0;;Non accertato;Inesploso
3561069;20;19/11/2017 09:00:00;Strada Urbana;VIA CASSIA;in prossimità;;del civico n.;1288;;Scontro laterale fra veicoli in marcia;Rettilineo;Una carreggiata a senso unico di marcia;Asciutto;Asfaltata;Verticale ed orizzontale;Nuvoloso;Normale;Buona;Ore Diurne;1;0;0;1;;;0;2;Ciclomotore;In marcia / fermata / arresto;Piaggio;(non accertato);Conducente;1998;F;Rimandato;0;NON DECEDUTO;Non accertato;
3561075;1;19/11/2017 23:50:00;Strada Urbana;VIALE CASTRO PRETORIO;all'intersezione con;VIA SAN MARTINO DELLA BATTAGLIA;VIA SAN MARTINO DELLA BATTAGLIA;;;Veicolo in marcia contro veicolo fermo;Incrocio;Due carreggiate;Asciutto;Asfaltata;Verticale ed orizzontale;Sereno;Scarso;Buona;Sufficiente;1;0;0;1;12,50556;41,90624;0;1;Autovettura privata;In marcia / fermata / arresto;Fiat;Punto;Conducente;1965;F;Illeso;0;;Non accertato;Esploso
3561075;1;19/11/2017 23:50:00;Strada Urbana;VIALE CASTRO PRETORIO;all'intersezione con;VIA SAN MARTINO DELLA BATTAGLIA;VIA SAN MARTINO DELLA BATTAGLIA;;;Veicolo in marcia contro veicolo fermo;Incrocio;Due carreggiate;Asciutto;Asfaltata;Verticale ed orizzontale;Sereno;Scarso;Buona;Sufficiente;1;0;0;1;12,50556;41,90624;0;2;Autovettura privata;In marcia / fermata / arresto;Fiat;500;Conducente;1968;M;Rimandato;0;NON DECEDUTO;Non accertato;Esploso
3561079;4;17/11/2017 16:00:00;Strada Urbana;VIA DELLA BUFALOTTA;all'intersezione con;VIA RENATO CASTELLANI;VIA RENATO CASTELLANI;;;Tamponamento;Intersezione stradale segnalata;Una carreggiata a doppio senso;Asciutto;Asfaltata;Verticale ed orizzontale;Sereno;Normale;Sufficiente;Ore Diurne;1;0;0;0;;;0;1;Motociclo a solo;In marcia / fermata / arresto;Honda;SH 125;Conducente;2001;M;Rifiuta cure immediate;0;NON DECEDUTO;;
3561089;19;18/11/2017 16:45:00;Strada Urbana;VIA ANTON MARIA VALSALVA;all'intersezione con;VIA AUGUSTO TEBALDI;VIA AUGUSTO TEBALDI;;;Scontro frontale/laterale SX fra veicoli in marcia;Incrocio;Una carreggiata a senso unico di marcia;Asciutto;Asfaltata;Verticale;Sereno;Scarso;Buona;Ore Diurne;0;0;0;3;12,41798;41,93098;0;1;Autovettura privata;In marcia / fermata / arresto;Daimler;Smart;Conducente;1976;M;Illeso;0;;Non accertato;Inesploso
3561089;19;18/11/2017 16:45:00;Strada Urbana;VIA ANTON MARIA VALSALVA;all'intersezione con;VIA AUGUSTO TEBALDI;VIA AUGUSTO TEBALDI;;;Scontro frontale/laterale SX fra veicoli in marcia;Incrocio;Una carreggiata a senso unico di marcia;Asciutto;Asfaltata;Verticale;Sereno;Scarso;Buona;Ore Diurne;0;0;0;3;12,41798;41,93098;0;2;Autovettura privata;In marcia / fermata / arresto;Fiat;Seicento;Conducente;1993;F;Illeso;0;;Non accertato;Inesploso
3561089;19;18/11/2017 16:45:00;Strada Urbana;VIA ANTON MARIA VALSALVA;all'intersezione con;VIA AUGUSTO TEBALDI;VIA AUGUSTO TEBALDI;;;Scontro frontale/laterale SX fra veicoli in marcia;Incrocio;Una carreggiata a senso unico di marcia;Asciutto;Asfaltata;Verticale;Sereno;Scarso;Buona;Ore Diurne;0;0;0;3;12,41798;41,93098;0;2;Autovettura privata;In marcia / fermata / arresto;Fiat;Seicento;Passeggero;1992;M;Illeso;0;;Non accertato;Inesploso
3561091;4;17/11/2017 15:50:00;;VIA MONTE CERVIALTO;da specificare;;;;100 mt dopo via C. Jacobini;Scontro laterale fra veicoli in marcia;;;;;;;;;;0;0;0;2;12,52322;41,95412;0;1;Autovettura privata;In marcia / fermata / arresto;Alfa Romeo;156;Conducente;1973;;Illeso;0;;;
3561091;4;17/11/2017 15:50:00;;VIA MONTE CERVIALTO;da specificare;;;;100 mt dopo via C. Jacobini;Scontro laterale fra veicoli in marcia;;;;;;;;;;0;0;0;2;12,52322;41,95412;0;2;Autovettura privata;In marcia / fermata / arresto;Peugeot;Partner;Conducente;1983;M;Illeso;0;;;
3561096;7;18/11/2017 00:10:00;Strada Urbana;VIA TIBURTINA;in corrispondenza;;del civico n.;1331;;Scontro laterale fra veicoli in marcia;Rettilineo;Una carreggiata a doppio senso;Asciutto;Asfaltata;Verticale ed orizzontale;Sereno;Scarso;Buona;Sufficiente;0;0;0;1;12,61604;41,93661;0;1;Autovettura privata;In marcia / fermata / arresto;Mercedes;A 140;Conducente;1981;M;Illeso;0;;;Inesploso
3561100;4;17/11/2017 13:40:00;Strada Urbana;VIA NOMENTANA NUOVA;all'intersezione con;VIA VAL D'OSSOLA;VIA VAL D'OSSOLA;;;Tamponamento;Intersezione stradale segnalata;Una carreggiata a doppio senso;Asciutto;Asfaltata;Verticale ed orizzontale;Sereno;Normale;Buona;Ore Diurne;0;0;0;3;12,53107;41,93423;0;1;Autovettura privata;In marcia / fermata / arresto;Peugeot;206;Conducente;1971;F;Illeso;0;;Non accertato;
3561100;4;17/11/2017 13:40:00;Strada Urbana;VIA NOMENTANA NUOVA;all'intersezione con;VIA VAL D'OSSOLA;VIA VAL D'OSSOLA;;;Tamponamento;Intersezione stradale segnalata;Una carreggiata a doppio senso;Asciutto;Asfaltata;Verticale ed orizzontale;Sereno;Normale;Buona;Ore Diurne;0;0;0;3;12,53107;41,93423;0;2;Autovettura privata;In marcia / fermata / arresto;Opel;Meriva;Conducente;1957;M;Illeso;0;;Non accertato;
3561100;4;17/11/2017 13:40:00;Strada Urbana;VIA NOMENTANA NUOVA;all'intersezione con;VIA VAL D'OSSOLA;VIA VAL D'OSSOLA;;;Tamponamento;Intersezione stradale segnalata;Una carreggiata a doppio senso;Asciutto;Asfaltata;Verticale ed orizzontale;Sereno;Normale;Buona;Ore Diurne;0;0;0;3;12,53107;41,93423;0;2;Autovettura privata;In marcia / fermata / arresto;Opel;Meriva;Passeggero;0;F;Illeso;0;;;
3561101;4;17/11/2017 15:45:00;;VIA MONTE RESEGONE;all'intersezione con;VIA CAPRAIA;VIA CAPRAIA;;;Scontro frontale/laterale SX fra veicoli in marcia;;;;;;;;;;0;0;0;4;;;0;1;Autovettura privata;In marcia / fermata / arresto;Fiat;Panda;Conducente;1999;M;Illeso;0;;;
3561101;4;17/11/2017 15:45:00;;VIA MONTE RESEGONE;all'intersezione con;VIA CAPRAIA;VIA CAPRAIA;;;Scontro frontale/laterale SX fra veicoli in marcia;;;;;;;;;;0;0;0;4;;;0;1;Autovettura privata;In marcia / fermata / arresto;Fiat;Panda;Passeggero;0;M;Illeso;0;;;
3561101;4;17/11/2017 15:45:00;;VIA MONTE RESEGONE;all'intersezione con;VIA CAPRAIA;VIA CAPRAIA;;;Scontro frontale/laterale SX fra veicoli in marcia;;;;;;;;;;0;0;0;4;;;0;2;Motociclo a solo;In marcia / fermata / arresto;Piaggio;MP3;Conducente;1992;M;Illeso;0;;;
3561113;19;18/11/2017 20:40:00;Strada Urbana;VIA DELLA BALDUINA;all'intersezione con;VIA ATTILIO FRIGGERI;VIA ATTILIO FRIGGERI;;;Scontro laterale fra veicoli in marcia;Incrocio;Una carreggiata a doppio senso;Asciutto;Asfaltata;Orizzontale;Sereno;Scarso;Sufficiente;Sufficiente;0;0;0;2;12,44035;41,92067;0;1;Autovettura privata;In marcia / fermata / arresto;Mercedes;A180;Conducente;1988;M;Illeso;0;;Non accertato;
3561113;19;18/11/2017 20:40:00;Strada Urbana;VIA DELLA BALDUINA;all'intersezione con;VIA ATTILIO FRIGGERI;VIA ATTILIO FRIGGERI;;;Scontro laterale fra veicoli in marcia;Incrocio;Una carreggiata a doppio senso;Asciutto;Asfaltata;Orizzontale;Sereno;Scarso;Sufficiente;Sufficiente;0;0;0;2;12,44035;41,92067;0;2;Motociclo a solo;In marcia / fermata / arresto;Suzuki;GSF;Conducente;1996;M;Illeso;0;;Non accertato;
3561115;6;18/11/2017 11:30:00;Strada Urbana;VIALE DELLA SERENISSIMA;all'intersezione semaforizzata con;VIALE DELLA VENEZIA GIULIA;VIALE DELLA VENEZIA GIULIA;;;Scontro laterale fra veicoli in marcia;Intersezione semaforizzata;Due carreggiate;Asciutto;Asfaltata;Verticale ed orizzontale;Sereno;Intenso;Buona;Ore Diurne;0;0;0;2;12,55866;41,89668;0;1;Autovettura privata;In marcia / fermata / arresto;Audi;A3;Conducente;1985;M;Illeso;0;;;
3561115;6;18/11/2017 11:30:00;Strada Urbana;VIALE DELLA SERENISSIMA;all'intersezione semaforizzata con;VIALE DELLA VENEZIA GIULIA;VIALE DELLA VENEZIA GIULIA;;;Scontro laterale fra veicoli in marcia;Intersezione semaforizzata;Due carreggiate;Asciutto;Asfaltata;Verticale ed orizzontale;Sereno;Intenso;Buona;Ore Diurne;0;0;0;2;12,55866;41,89668;0;2;Autovettura privata;In marcia / fermata / arresto;Skoda;Roomster;Conducente;1971;M;Illeso;0;;;
3561116;20;18/11/2017 15:55:00;Strada Urbana;VIALE DELLE GALLINE BIANCHE;da specificare;;;;Pross.tà Palo Acea nr. 26;Veicolo in marcia contro veicolo arresto;Rettilineo;Due carreggiate;Asciutto;Asfaltata;Verticale ed orizzontale;Sereno;Normale;Buona;Ore Diurne;1;0;0;1;;;0;1;Autovettura privata;In marcia / fermata / arresto;Lancia;Y;Conducente;1997;M;Rifiuta cure immediate;0;NON DECEDUTO;;
3561116;20;18/11/2017 15:55:00;Strada Urbana;VIALE DELLE GALLINE BIANCHE;da specificare;;;;Pross.tà Palo Acea nr. 26;Veicolo in marcia contro veicolo arresto;Rettilineo;Due carreggiate;Asciutto;Asfaltata;Verticale ed orizzontale;Sereno;Normale;Buona;Ore Diurne;1;0;0;1;;;0;2;Autocarro inferiore 35 q.;In marcia / fermata / arresto;Iveco;50/E4;Conducente;1958;M;Illeso;0;;Non accertato;
3561118;12;15/11/2017 19:00:00;Statale entro l'abitato;VIA OSTIENSE;da specificare;;;;DIREZIONE OSTIA PROSS. VIA MONTE DEL FINOCCHIO;Tamponamento;Rettilineo;Una carreggiata a doppio senso;Bagnato (umidità in atto);Asfaltata;Verticale ed orizzontale;Nuvoloso;Intenso;Insufficiente;Inesistente;0;0;0;1;;;0;1;Autovettura privata;In marcia / fermata / arresto;Fiat;Panda;Conducente;1977;F;Illeso;0;;Non accertato;Inesploso
3561120;12;19/11/2017 07:50:00;Strada Urbana;VIA DI PRATICA;in corrispondenza;;del civico n.;223;;Veicolo in marcia contro ostacolo fisso;Rettilineo;Una carreggiata a doppio senso;Asciutto;Asfaltata;Verticale ed orizzontale;Sereno;Scarso;Buona;Ore Diurne;1;0;0;0;;;0;1;Autovettura privata;In marcia / fermata / arresto;Fiat;500;Conducente;1983;M;Rimandato;0;NON DECEDUTO;Non accertato;Esploso
3561122;20;19/11/2017 22:15:00;Strada Urbana;PONTE FLAMINIO;da specificare;;;;direzione GRA rampa prov. L.re Acqua Acetosa;Tamponamento;Rettilineo;Una carreggiata a senso unico di marcia;Asciutto;Asfaltata;Verticale ed orizzontale;Sereno;Intenso;Buona;Sufficiente;0;0;0;2;;;0;1;Autovettura privata;In marcia / fermata / arresto;Renault;Scenic;Conducente;1966;M;Illeso;0;;Non accertato;Inesploso
3561122;20;19/11/2017 22:15:00;Strada Urbana;PONTE FLAMINIO;da specificare;;;;direzione GRA rampa prov. L.re Acqua Acetosa;Tamponamento;Rettilineo;Una carreggiata a senso unico di marcia;Asciutto;Asfaltata;Verticale ed orizzontale;Sereno;Intenso;Buona;Sufficiente;0;0;0;2;;;0;2;Autovettura privata;In marcia / fermata / arresto;Smart ;-;Conducente;1994;F;Illeso;0;;;
3561124;13;19/11/2017 06:20:00;;VIA DI PRATO CORNELIO;all'intersezione con;VIA CESARE MACCARI;VIA CESARE MACCARI;;;Scontro frontale/laterale DX fra veicoli in marcia;;;;;;;;;;0;0;0;2;;;0;1;Autovettura privata;In marcia / fermata / arresto;Seat;Ibiza;Conducente;1995;F;Illeso;0;;Non accertato;
3561124;13;19/11/2017 06:20:00;;VIA DI PRATO CORNELIO;all'intersezione con;VIA CESARE MACCARI;VIA CESARE MACCARI;;;Scontro frontale/laterale DX fra veicoli in marcia;;;;;;;;;;0;0;0;2;;;0;2;Autovettura privata;In marcia / fermata / arresto;Nissan;Micra;Conducente;1973;F;Illeso;0;;Non accertato;Esploso
3561127;4;17/11/2017 20:59:00;;VIA FILIPPO ANTONIO GUALTERIO;da specificare;;;;fronte civico 5;Scontro frontale/laterale SX fra veicoli in marcia;;;;;;;;;;1;0;0;2;12,51966;41,95253;0;1;Autovettura privata;In marcia / fermata / arresto;Volkswagen;Lupo;Conducente;1981;M;Rifiuta cure immediate;0;NON DECEDUTO;;
3561127;4;17/11/2017 20:59:00;;VIA FILIPPO ANTONIO GUALTERIO;da specificare;;;;fronte civico 5;Scontro frontale/laterale SX fra veicoli in marcia;;;;;;;;;;1;0;0;2;12,51966;41,95253;0;1;Autovettura privata;In marcia / fermata / arresto;Volkswagen;Lupo;Passeggero;0;F;Illeso;0;;;
3561127;4;17/11/2017 20:59:00;;VIA FILIPPO ANTONIO GUALTERIO;da specificare;;;;fronte civico 5;Scontro frontale/laterale SX fra veicoli in marcia;;;;;;;;;;1;0;0;2;12,51966;41,95253;0;2;Motociclo a solo;In marcia / fermata / arresto;Honda;SH 125;Conducente;1968;M;Illeso;0;;;