Protocollo;Gruppo;DataOraIncidente;Localizzazione1;STRADA1;Localizzazione2;STRADA2;Strada02;Chilometrica;DaSpecificare;NaturaIncidente;particolaritastrade;TipoStrada;FondoStradale;Pavimentazione;Segnaletica;CondizioneAtmosferica;Traffico;Visibilita;Illuminazione;NUM_FERITI;NUM_RISERVATA;NUM_MORTI;NUM_ILLESI;Longitudine;Latitudine;Confermato;Progressivo;TipoVeicolo;StatoVeicolo;Marca;Modello;TipoPersona;AnnoNascita;Sesso;Tipolesione;Deceduto;DecedutoDopo;CinturaCascoUtilizzato;Airbag;
3561513;3;19/11/2017 02:40:00;Strada Urbana;CORSO D'ITALIA;da specificare;;;;fr. civ. 6;Veicolo in marcia contro ostacolo fisso;Rettilineo;Due carreggiate;Asciutto;Asfaltata;Verticale ed orizzontale;Sereno;Scarso;Sufficiente;Sufficiente;0;0;0;2;12,49092;41,91031;0;1;Autovettura privata;In marcia / fermata / arresto;Mini;(non accertato);Passeggero;1995;F;Illeso;0;;Non accertato;Inesploso
3561520;6;19/11/2017 10:30:00;Strada Urbana;VIA SAN GIUSTO;da specificare;;;;prossimità civico 5;Scontro frontale/laterale DX fra veicoli in marcia;Rettilineo;Una carreggiata a senso unico di marcia;Asciutto;Asfaltata;Verticale ed orizzontale;Sereno;Scarso;Buona;Ore Diurne;1;0;0;5;12,56121;41,89754;0;1;Autovettura privata;In marcia / fermata / arresto;Audi;Q 3;Conducente;1979;M;Illeso;0;;;
3561520;6;19/11/2017 10:30:00;Strada Urbana;VIA SAN GIUSTO;da specificare;;;;prossimità civico 5;Scontro frontale/laterale DX fra veicoli in marcia;Rettilineo;Una carreggiata a senso unico di marcia;Asciutto;Asfaltata;Verticale ed orizzontale;Sereno;Scarso;Buona;Ore Diurne;1;0;0;5;12,56121;41,89754;0;1;Autovettura privata;In marcia / fermata / arresto;Audi;Q 3;Passeggero;1943;M;Rifiuta cure immediate;0;NON DECEDUTO;;
3561520;6;19/11/2017 10:30:00;Strada Urbana;VIA SAN GIUSTO;da specificare;;;;prossimità civico 5;Scontro frontale/laterale DX fra veicoli in marcia;Rettilineo;Una carreggiata a senso unico di marcia;Asciutto;Asfaltata;Verticale ed orizzontale;Sereno;Scarso;Buona;Ore Diurne;1;0;0;5;12,56121;41,89754;0;1;Autovettura privata;In marcia / fermata / arresto;Audi;Q 3;Passeggero;1951;F;Illeso;0;;;
3561520;6;19/11/2017 10:30:00;Strada Urbana;VIA SAN GIUSTO;da specificare;;;;prossimità civico 5;Scontro frontale/laterale DX fra veicoli in marcia;Rettilineo;Una carreggiata a senso unico di marcia;Asciutto;Asfaltata;Verticale ed orizzontale;Sereno;Scarso;Buona;Ore Diurne;1;0;0;5;12,56121;41,89754;0;1;Autovettura privata;In marcia / fermata / arresto;Audi;Q 3;Passeggero;1971;M;Illeso;0;;;
3561520;6;19/11/2017 10:30:00;Strada Urbana;VIA SAN GIUSTO;da specificare;;;;prossimità civico 5;Scontro frontale/laterale DX fra veicoli in marcia;Rettilineo;Una carreggiata a senso unico di marcia;Asciutto;Asfaltata;Verticale ed orizzontale;Sereno;Scarso;Buona;Ore Diurne;1;0;0;5;12,56121;41,89754;0;1;Autovettura privata;In marcia / fermata / arresto;Audi;Q 3;Passeggero;2012;M;Illeso;0;;;
3561520;6;19/11/2017 10:30:00;Strada Urbana;VIA SAN GIUSTO;da specificare;;;;prossimità civico 5;Scontro frontale/laterale DX fra veicoli in marcia;Rettilineo;Una carreggiata a senso unico di marcia;Asciutto;Asfaltata;Verticale ed orizzontale;Sereno;Scarso;Buona;Ore Diurne;1;0;0;5;12,56121;41,89754;0;2;Autovettura pubblica;In marcia / fermata / arresto;Hyundai;i30 station wagon;Conducente;1972;M;Illeso;0;;;
3561523;7;20/11/2017 05:55:00;Strada Urbana;VIA TOR DE' SCHIAVI;all'intersezione con;VIA DEI FAGGI;VIA DEI FAGGI;;;Scontro frontale/laterale DX fra veicoli in marcia;Incrocio;Una carreggiata a doppio senso;Asciutto;Asfaltata;Verticale ed orizzontale;Nuvoloso;Normale;Sufficiente;Sufficiente;0;0;0;1;12,56278;41,88494;0;1;Autovettura privata;In marcia / fermata / arresto;BMW;318;Conducente;1954;M;Illeso;0;;Non accertato;Inesploso
3561527;3;17/11/2017 19:20:00;;VIALE DEL POLICLINICO;da specificare;;;;civ 151;Scontro frontale/laterale DX fra veicoli in marcia;;;;;;;;;;1;0;0;1;;;0;1;Autovettura privata;In marcia / fermata / arresto;Renault;Megane;Conducente;0;M;Illeso;0;;;
3561527;3;17/11/2017 19:20:00;;VIALE DEL POLICLINICO;da specificare;;;;civ 151;Scontro frontale/laterale DX fra veicoli in marcia;;;;;;;;;;1;0;0;1;;;0;2;Motociclo a solo;In marcia / fermata / arresto;Yamaha;X MAX;Conducente;0;M;Rifiuta cure immediate;0;NON DECEDUTO;;
3561537;12;20/11/2017 08:15:00;Strada Urbana;VIA ALVARO DEL PORTILLO;in prossimità;;del palo luce n.;70;;Veicolo in marcia contro ostacolo accidentale;Rettilineo;Una carreggiata a doppio senso;Asciutto;Asfaltata;Verticale ed orizzontale;Sereno;Normale;Buona;Ore Diurne;0;0;0;2;12,46968;41,77609;-1;1;Autovettura privata;In marcia / fermata / arresto;Hyundai;i10;Conducente;1992;F;Illeso;0;;Non accertato;Inesploso
3561537;12;20/11/2017 08:15:00;Strada Urbana;VIA ALVARO DEL PORTILLO;in prossimità;;del palo luce n.;70;;Veicolo in marcia contro ostacolo accidentale;Rettilineo;Una carreggiata a doppio senso;Asciutto;Asfaltata;Verticale ed orizzontale;Sereno;Normale;Buona;Ore Diurne;0;0;0;2;12,46968;41,77609;-1;1;Autovettura privata;In marcia / fermata / arresto;Hyundai;i10;Passeggero;1991;F;Illeso;0;;Non accertato;Inesploso
3561545;4;18/11/2017 16:10:00;;VIA DELLE VIGNE NUOVE;da specificare;;;;alt. l.go F.lli Lumiere;Tamponamento;;;;;;;;;;1;0;0;2;12,53582;41,95536;0;1;Autovettura privata;In marcia / fermata / arresto;Mercedes;C220;Conducente;1965;M;Illeso;0;;;
3561545;4;18/11/2017 16:10:00;;VIA DELLE VIGNE NUOVE;da specificare;;;;alt. l.go F.lli Lumiere;Tamponamento;;;;;;;;;;1;0;0;2;12,53582;41,95536;0;1;Autovettura privata;In marcia / fermata / arresto;Mercedes;C220;Passeggero;1993;F;Illeso;0;;;
3561545;4;18/11/2017 16:10:00;;VIA DELLE VIGNE NUOVE;da specificare;;;;alt. l.go F.lli Lumiere;Tamponamento;;;;;;;;;;1;0;0;2;12,53582;41,95536;0;2;Autovettura privata;In marcia / fermata / arresto;Fiat;Punto;Conducente;1940;M;Rimandato;0;NON DECEDUTO;Non accertato;
3561550;12;19/11/2017 02:00:00;Strada Urbana;VIA DI PIETRA PAPA;all'intersezione con;VIA ENRICO FERMI;VIA ENRICO FERMI;;;Scontro frontale/laterale DX fra veicoli in marcia;Rotatoria;Due carreggiate;Asciutto;Asfaltata;Verticale ed orizzontale;Sereno;Normale;Buona;Sufficiente;0;0;0;2;;;0;1;Autovettura privata;In marcia / fermata / arresto;Ford;Fiesta;Conducente;1981;M;Illeso;0;;Non accertato;Inesploso
3561550;12;19/11/2017 02:00:00;Strada Urbana;VIA DI PIETRA PAPA;all'intersezione con;VIA ENRICO FERMI;VIA ENRICO FERMI;;;Scontro frontale/laterale DX fra veicoli in marcia;Rotatoria;Due carreggiate;Asciutto;Asfaltata;Verticale ed orizzontale;Sereno;Normale;Buona;Sufficiente;0;0;0;2;;;0;2;Motociclo con passeggero;In marcia / fermata / arresto;Piaggio;Beverly;Conducente;1988;M;Illeso;0;;;
3561556;4;18/11/2017 15:10:00;;VIA LUIGI CAPUANA;all'intersezione con;VIA LUDOVICO DI BREME;VIA LUDOVICO DI BREME;;;Scontro frontale/laterale SX fra veicoli in marcia;;;;;;;;;;0;0;0;3;;;0;1;Autovettura privata;In marcia / fermata / arresto;Peugeot;107;Conducente;1999;M;Illeso;0;;;
3561556;4;18/11/2017 15:10:00;;VIA LUIGI CAPUANA;all'intersezione con;VIA LUDOVICO DI BREME;VIA LUDOVICO DI BREME;;;Scontro frontale/laterale SX fra veicoli in marcia;;;;;;;;;;0;0;0;3;;;0;1;Autovettura privata;In marcia / fermata / arresto;Peugeot;107;Passeggero;2001;M;Illeso;0;;;
3561556;4;18/11/2017 15:10:00;;VIA LUIGI CAPUANA;all'intersezione con;VIA LUDOVICO DI BREME;VIA LUDOVICO DI BREME;;;Scontro frontale/laterale SX fra veicoli in marcia;;;;;;;;;;0;0;0;3;;;0;2;Autovettura privata;In marcia / fermata / arresto;Mercedes;GLA 180;Conducente;1977;M;Illeso;0;;;
3561563;4;19/11/2017 12:30:00;;VIA DEI PRATI FISCALI;in prossimità;;del civico n.;269 b;;Scontro frontale/laterale SX fra veicoli in marcia;;;;;;;;;;1;0;0;2;;;0;1;Autovettura privata;In marcia / fermata / arresto;Toyota;Yaris;Conducente;1965;F;Illeso;0;;;
3561563;4;19/11/2017 12:30:00;;VIA DEI PRATI FISCALI;in prossimità;;del civico n.;269 b;;Scontro frontale/laterale SX fra veicoli in marcia;;;;;;;;;;1;0;0;2;;;0;1;Autovettura privata;In marcia / fermata / arresto;Toyota;Yaris;Passeggero;0;M;Rifiuta cure immediate;0;NON DECEDUTO;;
3561563;4;19/11/2017 12:30:00;;VIA DEI PRATI FISCALI;in prossimità;;del civico n.;269 b;;Scontro frontale/laterale SX fra veicoli in marcia;;;;;;;;;;1;0;0;2;;;0;2;Autovettura privata;In marcia / fermata / arresto;Ford;Fiesta;Conducente;1993;F;Illeso;0;;;
3561570;4;18/11/2017 19:45:00;Statale entro l'abitato;VIA SALARIA;da specificare;;;;prossimità V. di Castel Giubileo;Veicolo in marcia contro ostacolo accidentale;Rettilineo;Due carreggiate;Asciutto;Asfaltata;Verticale ed orizzontale;Sereno;Normale;Sufficiente;Sufficiente;0;0;0;2;;;0;1;Autovettura privata;In marcia / fermata / arresto;Fiat;Cinquecento;Conducente;1974;M;Illeso;0;;;
3561570;4;18/11/2017 19:45:00;Statale entro l'abitato;VIA SALARIA;da specificare;;;;prossimità V. di Castel Giubileo;Veicolo in marcia contro ostacolo accidentale;Rettilineo;Due carreggiate;Asciutto;Asfaltata;Verticale ed orizzontale;Sereno;Normale;Sufficiente;Sufficiente;0;0;0;2;;;0;1;Autovettura privata;In marcia / fermata / arresto;Fiat;Cinquecento;Passeggero;1975;M;Illeso;0;;;
3561580;12;20/11/2017 09:20:00;Strada Urbana;VIA DI CASTEL DI LEVA;in prossimità;;del civico n.;251;;Veicolo in marcia contro veicolo arresto;Rettilineo;Una carreggiata a doppio senso;Asciutto;Asfaltata;Orizzontale;Sereno;Intenso;Buona;Ore Diurne;1;0;0;1;;;0;1;Autocarro superiore 35 q.;In marcia / fermata / arresto;Iveco;Eurocargo;Conducente;1957;M;Illeso;0;;Non accertato;Inesploso
3561580;12;20/11/2017 09:20:00;Strada Urbana;VIA DI CASTEL DI LEVA;in prossimità;;del civico n.;251;;Veicolo in marcia contro veicolo arresto;Rettilineo;Una carreggiata a doppio senso;Asciutto;Asfaltata;Orizzontale;Sereno;Intenso;Buona;Ore Diurne;1;0;0;1;;;0;2;Autovettura privata;In marcia / fermata / arresto;Mercedes;Smart Fortwo Coupè;Conducente;1988;F;Rimandato;0;NON DECEDUTO;Non accertato;Esploso
3561582;4;19/11/2017 08:00:00;;VIA DEL GRAN PARADISO;all'intersezione con;VIA SCARPANTO;VIA SCARPANTO;;;Scontro laterale fra veicoli in marcia;;;;;;;;;;0;0;0;3;;;0;1;Autovettura privata;In marcia / fermata / arresto;Fiat;Bravo;Conducente;1981;M;Illeso;0;;;
3561582;4;19/11/2017 08:00:00;;VIA DEL GRAN PARADISO;all'intersezione con;VIA SCARPANTO;VIA SCARPANTO;;;Scontro laterale fra veicoli in marcia;;;;;;;;;;0;0;0;3;;;0;2;Autovettura privata;In marcia / fermata / arresto;Fiat;Punto;Conducente;1970;M;Illeso;0;;;
3561582;4;19/11/2017 08:00:00;;VIA DEL GRAN PARADISO;all'intersezione con;VIA SCARPANTO;VIA SCARPANTO;;;Scontro laterale fra veicoli in marcia;;;;;;;;;;0;0;0;3;;;0;2;Autovettura privata;In marcia / fermata / arresto;Fiat;Punto;Passeggero;0;F;Illeso;0;;;
3561585;1;17/11/2017 20:50:00;Strada Urbana;VIA MILANO;all'intersezione con;VIA PALERMO;VIA PALERMO;;;Scontro frontale/laterale DX fra veicoli in marcia;Intersezione stradale segnalata;Una carreggiata a senso unico di marcia;Asciutto;In cubetti di porfido;Verticale ed orizzontale;Sereno;Normale;Sufficiente;Sufficiente;1;0;0;2;;;0;1;Autovettura privata;In marcia / fermata / arresto;Mercedes;Smart Fortwo;Conducente;1991;M;Illeso;0;;Non accertato;
3561585;1;17/11/2017 20:50:00;Strada Urbana;VIA MILANO;all'intersezione con;VIA PALERMO;VIA PALERMO;;;Scontro frontale/laterale DX fra veicoli in marcia;Intersezione stradale segnalata;Una carreggiata a senso unico di marcia;Asciutto;In cubetti di porfido;Verticale ed orizzontale;Sereno;Normale;Sufficiente;Sufficiente;1;0;0;2;;;0;2;Motociclo con passeggero;In marcia / fermata / arresto;Honda;SH 150;Conducente;1960;M;Rimandato;0;NON DECEDUTO;;
3561585;1;17/11/2017 20:50:00;Strada Urbana;VIA MILANO;all'intersezione con;VIA PALERMO;VIA PALERMO;;;Scontro frontale/laterale DX fra veicoli in marcia;Intersezione stradale segnalata;Una carreggiata a senso unico di marcia;Asciutto;In cubetti di porfido;Verticale ed orizzontale;Sereno;Normale;Sufficiente;Sufficiente;1;0;0;2;;;0;2;Motociclo con passeggero;In marcia / fermata / arresto;Honda;SH 150;Passeggero;1957;F;Illeso;0;;Non accertato;
3561626;4;18/11/2017 22:30:00;;VIA SALARIA;in prossimità;;della chilometrica;19.5;;Fuoriuscita dalla sede stradale;;;;;;;;;;0;0;0;2;;;0;1;Autovettura privata;In marcia / fermata / arresto;Lancia;Delta;Conducente;1994;M;Illeso;0;;;
3561626;4;18/11/2017 22:30:00;;VIA SALARIA;in prossimità;;della chilometrica;19.5;;Fuoriuscita dalla sede stradale;;;;;;;;;;0;0;0;2;;;0;1;Autovettura privata;In marcia / fermata / arresto;Lancia;Delta;Passeggero;0;M;Illeso;0;;;
3561637;4;19/11/2017 03:00:00;;Tangenziale Est direzione S. Giovanni;in prossimità;;del palo luce n.;29;;Ribaltamento senza urto contro ostacolo fisso;;;;;;;;;;0;0;0;1;;;0;1;Autovettura privata;In marcia / fermata / arresto;Smart ;-;Conducente;1991;M;Illeso;0;;;
3561644;4;19/11/2017 12:50:00;Strada Urbana;VIA DI SETTEBAGNI;in prossimità;;del civico n.;334;;Scontro frontale/laterale DX fra veicoli in marcia;Rettilineo;Una carreggiata a doppio senso;Asciutto;Asfaltata;Verticale ed orizzontale;Sereno;Normale;Buona;Ore Diurne;0;0;0;3;;;0;1;Autovettura privata;In marcia / fermata / arresto;Subaru;Forester;Conducente;1977;M;Illeso;0;;;
3561644;4;19/11/2017 12:50:00;Strada Urbana;VIA DI SETTEBAGNI;in prossimità;;del civico n.;334;;Scontro frontale/laterale DX fra veicoli in marcia;Rettilineo;Una carreggiata a doppio senso;Asciutto;Asfaltata;Verticale ed orizzontale;Sereno;Normale;Buona;Ore Diurne;0;0;0;3;;;0;2;Autovettura privata;In marcia / fermata / arresto;Renault;Clio;Conducente;1959;M;Illeso;0;;;
3561644;4;19/11/2017 12:50:00;Strada Urbana;VIA DI SETTEBAGNI;in prossimità;;del civico n.;334;;Scontro frontale/laterale DX fra veicoli in marcia;Rettilineo;Una carreggiata a doppio senso;Asciutto;Asfaltata;Verticale ed orizzontale;Sereno;Normale;Buona;Ore Diurne;0;0;0;3;;;0;2;Autovettura privata;In marcia / fermata / arresto;Renault;Clio;Passeggero;2001;M;Illeso;0;;;
3561647;4;19/11/2017 13:10:00;;VIA SALARIA;da specificare;;;;dir. RM centro alt. via della Marcigliana;Infortunio per sola frenata improvvisa;;;;;;;;;;1;0;0;0;12,51783;41,98705;0;1;Motociclo a solo;In marcia / fermata / arresto;KTM;Lc4;Conducente;1980;M;Rimandato;0;NON DECEDUTO;;
3561757;10;20/11/2017;Strada Urbana;VIA ULDERICO MAZZOLANI;da specificare;;;;prossimità di via I. Scimenelli;Scontro frontale/laterale SX fra veicoli in marcia;Rettilineo;Una carreggiata a senso unico di marcia;Asciutto;Asfaltata;Orizzontale;Sereno;Scarso;Buona;Ore Diurne;2;0;0;1;;;0;1;Autobus urbano;In marcia / fermata / arresto;Evobus;M.B. 0530;Conducente;1979;M;Rimandato;0;NON DECEDUTO;Non accertato;Inesistente
3561757;10;20/11/2017;Strada Urbana;VIA ULDERICO MAZZOLANI;da specificare;;;;prossimità di via I. Scimenelli;Scontro frontale/laterale SX fra veicoli in marcia;Rettilineo;Una carreggiata a senso unico di marcia;Asciutto;Asfaltata;Orizzontale;Sereno;Scarso;Buona;Ore Diurne;2;0;0;1;;;0;2;Autovettura privata;In marcia / fermata / arresto;Peugeot;208;Conducente;1969;M;Rifiuta cure immediate;0;NON DECEDUTO;Non accertato;Esploso
3561757;10;20/11/2017;Strada Urbana;VIA ULDERICO MAZZOLANI;da specificare;;;;prossimità di via I. Scimenelli;Scontro frontale/laterale SX fra veicoli in marcia;Rettilineo;Una carreggiata a senso unico di marcia;Asciutto;Asfaltata;Orizzontale;Sereno;Scarso;Buona;Ore Diurne;2;0;0;1;;;0;3;Autovettura privata;In marcia / fermata / arresto;Chevrolet;Captiva;Conducente;1980;M;Illeso;0;;Non accertato;Inesploso
3561776;12;16/11/2017 15:20:00;;VIA ARDEATINA;in prossimità;;del civico n.;1010;;Scontro frontale fra veicoli in marcia;;;;;;;;;;0;0;0;2;;;0;1;Autoarticolato;In marcia / fermata / arresto;Iveco;A260S/80;Conducente;1973;M;Illeso;0;;Non accertato;Inesploso
3561776;12;16/11/2017 15:20:00;;VIA ARDEATINA;in prossimità;;del civico n.;1010;;Scontro frontale fra veicoli in marcia;;;;;;;;;;0;0;0;2;;;0;2;Trattore agricolo;In marcia / fermata / arresto;(ignoto);(ignoto);Conducente;1996;M;Illeso;0;;Non accertato;Inesploso
3561802;19;20/11/2017 14:00:00;Strada Urbana;VIA DI TORREVECCHIA;in corrispondenza;;del civico n.;fc 135;;Investimento di pedone;Curva a visuale libera;Una carreggiata a doppio senso;Asciutto;Asfaltata;Orizzontale;Sereno;Normale;Buona;Ore Diurne;2;0;0;0;12,49637;41,90278;0;;;;;;Pedone;1960;M;Rimandato;0;NON DECEDUTO;;
3561802;19;20/11/2017 14:00:00;Strada Urbana;VIA DI TORREVECCHIA;in corrispondenza;;del civico n.;fc 135;;Investimento di pedone;Curva a visuale libera;Una carreggiata a doppio senso;Asciutto;Asfaltata;Orizzontale;Sereno;Normale;Buona;Ore Diurne;2;0;0;0;12,49637;41,90278;0;1;Motociclo a solo;In marcia / fermata / arresto;Honda;SH 150;Conducente;1991;M;Rimandato;0;NON DECEDUTO;Non accertato;
3561835;17;19/11/2017 10:30:00;Strada Urbana;VIA TRIONFALE;all'intersezione con;VIA TOMMASO CAMPANELLA;VIA TOMMASO CAMPANELLA;;;Scontro frontale/laterale DX fra veicoli in marcia;Incrocio;Una carreggiata a senso unico di marcia;Asciutto;Asfaltata;Verticale ed orizzontale;Sereno;Normale;Buona;Ore Diurne;1;0;0;1;12,45388;41,91114;0;1;Autovettura privata;In marcia / fermata / arresto;Opel;Corsa;Conducente;1971;M;Illeso;0;;;
3561835;17;19/11/2017 10:30:00;Strada Urbana;VIA TRIONFALE;all'intersezione con;VIA TOMMASO CAMPANELLA;VIA TOMMASO CAMPANELLA;;;Scontro frontale/laterale DX fra veicoli in marcia;Incrocio;Una carreggiata a senso unico di marcia;Asciutto;Asfaltata;Verticale ed orizzontale;Sereno;Normale;Buona;Ore Diurne;1;0;0;1;12,45388;41,91114;0;2;Motociclo a solo;In marcia / fermata / arresto;Honda;SH;Conducente;1997;M;Rimandato;0;NON DECEDUTO;;
3561836;18;20/11/2017 13:30:00;Strada Urbana;VIA DEL CASALE DI S. PIO V;in corrispondenza;;del civico n.;34;;Tamponamento Multiplo;Rettilineo;Una carreggiata a doppio senso;Asciutto;Asfaltata;Verticale ed orizzontale;Sereno;Normale;Buona;Ore Diurne;0;0;0;3;12,4332;41,89175;0;1;Autovettura privata;In marcia / fermata / arresto;Fiat;Punto;Conducente;1959;F;Illeso;0;;Non accertato;Inesploso
3561836;18;20/11/2017 13:30:00;Strada Urbana;VIA DEL CASALE DI S. PIO V;in corrispondenza;;del civico n.;34;;Tamponamento Multiplo;Rettilineo;Una carreggiata a doppio senso;Asciutto;Asfaltata;Verticale ed orizzontale;Sereno;Normale;Buona;Ore Diurne;0;0;0;3;12,4332;41,89175;0;2;Autovettura privata;In marcia / fermata / arresto;Mercedes;CLK270;Conducente;1979;M;Illeso;0;;Non accertato;Inesploso
3561836;18;20/11/2017 13:30:00;Strada Urbana;VIA DEL CASALE DI S. PIO V;in corrispondenza;;del civico n.;34;;Tamponamento Multiplo;Rettilineo;Una carreggiata a doppio senso;Asciutto;Asfaltata;Verticale ed orizzontale;Sereno;Normale;Buona;Ore Diurne;0;0;0;3;12,4332;41,89175;0;3;Autovettura privata;In marcia / fermata / arresto;Nissan;Micra;Conducente;1973;M;Illeso;0;;Non accertato;Inesploso
3561849;12;16/11/2017 07:35:00;Provinciale;VIA ARDEATINA;da specificare;;;;direzione Ardea prossimità VIA DEI PLUMBAGHI;Veicolo in marcia contro ostacolo fisso;Rettilineo;Una carreggiata a doppio senso;Asciutto;Asfaltata;Verticale ed orizzontale;Sereno;Normale;Buona;Ore Diurne;0;0;0;2;;;0;1;Autovettura privata;In marcia / fermata / arresto;Opel;Corsa;Conducente;1961;F;Illeso;0;;Non accertato;Inesploso
3561849;12;16/11/2017 07:35:00;Provinciale;VIA ARDEATINA;da specificare;;;;direzione Ardea prossimità VIA DEI PLUMBAGHI;Veicolo in marcia contro ostacolo fisso;Rettilineo;Una carreggiata a doppio senso;Asciutto;Asfaltata;Verticale ed orizzontale;Sereno;Normale;Buona;Ore Diurne;0;0;0;2;;;0;2;Autoarticolato;In marcia / fermata / arresto;Renault;Trucks Magnum;Conducente;1977;M;Illeso;0;;Non accertato;Inesistente
3561871;26;09/11/2017 11:20:00;Strada Urbana;VIA DELLE TRE PILE;in corrispondenza;;del civico n.;1;;Tamponamento;Pendenza;Una carreggiata a senso unico di marcia;Asciutto;Lastricata;Assente;Sereno;Scarso;Buona;Ore Diurne;0;0;0;2;12,48222;41,8931;-1;1;Autovettura privata;In marcia / fermata / arresto;Renault;Kangoo;Conducente;1954;M;Illeso;0;;;
3561871;26;09/11/2017 11:20:00;Strada Urbana;VIA DELLE TRE PILE;in corrispondenza;;del civico n.;1;;Tamponamento;Pendenza;Una carreggiata a senso unico di marcia;Asciutto;Lastricata;Assente;Sereno;Scarso;Buona;Ore Diurne;0;0;0;2;12,48222;41,8931;-1;2;Motociclo a solo;In marcia / fermata / arresto;Honda;Forza;Conducente;1981;M;Illeso;0;;;
3561909;19;20/11/2017 09:15:00;Strada Urbana;GALLERIA GIOVANNI XXIII;in prossimità;;della chilometrica;1.6;;Scontro laterale fra veicoli in marcia;Curva senza visuale libera;Una carreggiata a senso unico di marcia;Asciutto;Asfaltata;Orizzontale;Sereno;Normale;Buona;Ore Diurne;0;0;0;2;;;0;1;Autovettura privata;In marcia / fermata / arresto;Mercedes;Smart For Two;Conducente;1975;M;Illeso;0;;Non accertato;Inesploso
3561909;19;20/11/2017 09:15:00;Strada Urbana;GALLERIA GIOVANNI XXIII;in prossimità;;della chilometrica;1.6;;Scontro laterale fra veicoli in marcia;Curva senza visuale libera;Una carreggiata a senso unico di marcia;Asciutto;Asfaltata;Orizzontale;Sereno;Normale;Buona;Ore Diurne;0;0;0;2;;;0;2;Motociclo a solo;In marcia / fermata / arresto;Piaggio;Beverly 200;Conducente;1964;M;Illeso;0;;Non accertato;
3561918;12;17/11/2017 09:30:00;;VIA GIULIO ROCCO;da specificare;;;;prossimità VIA OSTIENSE;Veicolo in marcia contro ostacolo fisso;;;;;;;;;;1;0;0;0;12,47872;41,8629;0;1;Motociclo con passeggero;In marcia / fermata / arresto;Piaggio;Liberty;Conducente;0;M;Rimandato;0;NON DECEDUTO;;
3561940;17;17/11/2017 13:00:00;Strada Urbana;VIALE GIUSEPPE MAZZINI;in prossimità;;del civico n.;6;;Scontro frontale fra veicoli in marcia;Rettilineo;Due carreggiate;Asciutto;Asfaltata;Verticale ed orizzontale;Sereno;Normale;Buona;Ore Diurne;0;0;0;2;12,46777;41,9181;0;1;Autovettura privata;In marcia / fermata / arresto;Fiat;600;Conducente;1938;F;Illeso;0;;;
3561940;17;17/11/2017 13:00:00;Strada Urbana;VIALE GIUSEPPE MAZZINI;in prossimità;;del civico n.;6;;Scontro frontale fra veicoli in marcia;Rettilineo;Due carreggiate;Asciutto;Asfaltata;Verticale ed orizzontale;Sereno;Normale;Buona;Ore Diurne;0;0;0;2;12,46777;41,9181;0;2;Motociclo a solo;Sosta;Malaguti;Password;Conducente;1973;F;Illeso;0;;;
3561964;17;17/11/2017 15:45:00;Strada Urbana;VIA CIPRO;all'intersezione con;VIALE DEGLI AMMIRAGLI;VIALE DEGLI AMMIRAGLI;;;Scontro frontale fra veicoli in marcia;Intersezione semaforizzata;Due carreggiate;Asciutto;Asfaltata;Verticale ed orizzontale;Sereno;Normale;Buona;Ore Diurne;0;0;0;2;12,44493;41,90548;0;1;Autovettura privata;In marcia / fermata / arresto;Ford;KA;Conducente;1943;F;Illeso;0;;;
3561964;17;17/11/2017 15:45:00;Strada Urbana;VIA CIPRO;all'intersezione con;VIALE DEGLI AMMIRAGLI;VIALE DEGLI AMMIRAGLI;;;Scontro frontale fra veicoli in marcia;Intersezione semaforizzata;Due carreggiate;Asciutto;Asfaltata;Verticale ed orizzontale;Sereno;Normale;Buona;Ore Diurne;0;0;0;2;12,44493;41,90548;0;2;Motociclo a solo;In marcia / fermata / arresto;Piaggio;Beverly;Conducente;1989;M;Illeso;0;;;
3561966;12;17/11/2017 17:10:00;Provinciale;VIA LAURENTINA;da specificare;;;;PROSS. VIA CASTEL DI LEVA (ROTATORIA);Scontro laterale fra veicoli in marcia;Rotatoria;Una carreggiata a senso unico di marcia;Asciutto;Asfaltata;Verticale;Sereno;Normale;Buona;Sufficiente;0;0;0;3;;;0;1;Autovettura privata;In marcia / fermata / arresto;SSangyong;Korando;Conducente;1946;M;Illeso;0;;Non accertato;Inesploso
3561966;12;17/11/2017 17:10:00;Provinciale;VIA LAURENTINA;da specificare;;;;PROSS. VIA CASTEL DI LEVA (ROTATORIA);Scontro laterale fra veicoli in marcia;Rotatoria;Una carreggiata a senso unico di marcia;Asciutto;Asfaltata;Verticale;Sereno;Normale;Buona;Sufficiente;0;0;0;3;;;0;2;Autovettura privata;In marcia / fermata / arresto;Fiat;Punto;Conducente;1997;M;Illeso;0;;Non accertato;Inesploso
3561966;12;17/11/2017 17:10:00;Provinciale;VIA LAURENTINA;da specificare;;;;PROSS. VIA CASTEL DI LEVA (ROTATORIA);Scontro laterale fra veicoli in marcia;Rotatoria;Una carreggiata a senso unico di marcia;Asciutto;Asfaltata;Verticale;Sereno;Normale;Buona;Sufficiente;0;0;0;3;;;0;2;Autovettura privata;In marcia / fermata / arresto;Fiat;Punto;Passeggero;2011;F;Illeso;0;;Non accertato;Inesploso