Protocollo;Gruppo;DataOraIncidente;Localizzazione1;STRADA1;Localizzazione2;STRADA2;Strada02;Chilometrica;DaSpecificare;NaturaIncidente;particolaritastrade;TipoStrada;FondoStradale;Pavimentazione;Segnaletica;CondizioneAtmosferica;Traffico;Visibilita;Illuminazione;NUM_FERITI;NUM_RISERVATA;NUM_MORTI;NUM_ILLESI;Longitudine;Latitudine;Confermato;Progressivo;TipoVeicolo;StatoVeicolo;Marca;Modello;TipoPersona;AnnoNascita;Sesso;Tipolesione;Deceduto;DecedutoDopo;CinturaCascoUtilizzato;Airbag;
3562643;10;20/11/2017 18:55:00;;VIA APPIA NUOVA;da specificare;;;;altezza gra direzione ciampino;Scontro frontale/laterale DX fra veicoli in marcia;;;;;;;;;;0;0;0;2;;;0;2;Autovettura privata;In marcia / fermata / arresto;Ford;Fiesta;Conducente;1990;M;Illeso;0;;;
3562650;12;20/11/2017 09:20:00;Strada Urbana;VIA CRISTOFORO COLOMBO;da specificare;;;;prossimità svincolo VIALE MARCONI;Infortunio per sola frenata improvvisa;Rettilineo;Due carreggiate;Asciutto;Asfaltata;Verticale ed orizzontale;Sereno;Normale;Buona;Ore Diurne;1;0;0;1;12,38945;41,82261;0;1;Autovettura privata;In marcia / fermata / arresto;Toyota;Yaris;Conducente;1997;M;Illeso;0;;Non accertato;Inesploso
3562650;12;20/11/2017 09:20:00;Strada Urbana;VIA CRISTOFORO COLOMBO;da specificare;;;;prossimità svincolo VIALE MARCONI;Infortunio per sola frenata improvvisa;Rettilineo;Due carreggiate;Asciutto;Asfaltata;Verticale ed orizzontale;Sereno;Normale;Buona;Ore Diurne;1;0;0;1;12,38945;41,82261;0;2;Motociclo a solo;In marcia / fermata / arresto;Piaggio;Beverly 300;Conducente;1979;M;Rimandato;0;NON DECEDUTO;Non accertato;
3562654;15;20/11/2017 07:10:00;;VIA ANTONIO PACINOTTI;all'intersezione con;LUNGOTEVERE DI PIETRA PAPA;LUNGOTEVERE DI PIETRA PAPA;;;Scontro laterale fra veicoli in marcia;;;;;;;;;;0;0;0;2;12,46809;41,87107;0;1;Ciclomotore con passeggero;In marcia / fermata / arresto;Piaggio;(non accertato);Conducente;0;M;Illeso;0;;;
3562654;15;20/11/2017 07:10:00;;VIA ANTONIO PACINOTTI;all'intersezione con;LUNGOTEVERE DI PIETRA PAPA;LUNGOTEVERE DI PIETRA PAPA;;;Scontro laterale fra veicoli in marcia;;;;;;;;;;0;0;0;2;12,46809;41,87107;0;2;Autovettura privata;In marcia / fermata / arresto;Fiat;600;Conducente;0;M;Illeso;0;;;
3562657;5;20/11/2017 07:05:00;;VIA FABRIANO;all'intersezione con;VIA MUCCIA;VIA MUCCIA;;;Scontro frontale/laterale DX fra veicoli in marcia;;;;;;;;;;1;0;0;0;;;0;1;Motociclo con passeggero;In marcia / fermata / arresto;Honda;Foresight;Conducente;1963;M;Rimandato;0;NON DECEDUTO;Non accertato;
3562660;19;20/11/2017 22:00:00;Strada Urbana;VIA FANNY TACCHINARDI;da specificare;;;;fronte civ. 64;Scontro frontale/laterale DX fra veicoli in marcia;Rettilineo;Una carreggiata a senso unico di marcia;Asciutto;Asfaltata;Assente;Sereno;Normale;Buona;Sufficiente;0;0;0;2;12,42047;41,92568;0;1;Autovettura privata;In marcia / fermata / arresto;Fiat;Seicento;Conducente;1982;F;Illeso;0;;Non accertato;Inesploso
3562660;19;20/11/2017 22:00:00;Strada Urbana;VIA FANNY TACCHINARDI;da specificare;;;;fronte civ. 64;Scontro frontale/laterale DX fra veicoli in marcia;Rettilineo;Una carreggiata a senso unico di marcia;Asciutto;Asfaltata;Assente;Sereno;Normale;Buona;Sufficiente;0;0;0;2;12,42047;41,92568;0;2;Autovettura privata;In marcia / fermata / arresto;Volkswagen;Polo;Conducente;1978;M;Illeso;0;;Non accertato;Inesploso
3562662;15;20/11/2017 10:35:00;;VIA ANTONIO PACINOTTI;da specificare;;;;F.N.C. 24;Scontro frontale/laterale SX fra veicoli in marcia;;;;;;;;;;1;0;0;1;12,46809;41,87107;0;1;Autovettura privata;In marcia / fermata / arresto;Nissan;QASHQAI;Conducente;0;M;Illeso;0;;;
3562662;15;20/11/2017 10:35:00;;VIA ANTONIO PACINOTTI;da specificare;;;;F.N.C. 24;Scontro frontale/laterale SX fra veicoli in marcia;;;;;;;;;;1;0;0;1;12,46809;41,87107;0;2;Motociclo con passeggero;In marcia / fermata / arresto;Aprilia;125 cc.;Conducente;1993;M;Rimandato;0;NON DECEDUTO;;
3562663;15;20/11/2017 17:25:00;;VIA DEL TRULLO;all'intersezione con;VIA PITIGLIANO;VIA PITIGLIANO;;;Scontro frontale fra veicoli in marcia;;;;;;;;;;2;0;0;0;;;0;1;Autocarro inferiore 35 q.;In marcia / fermata / arresto;Fiat;Doblo';Conducente;0;M;Rifiuta cure immediate;0;NON DECEDUTO;;
3562663;15;20/11/2017 17:25:00;;VIA DEL TRULLO;all'intersezione con;VIA PITIGLIANO;VIA PITIGLIANO;;;Scontro frontale fra veicoli in marcia;;;;;;;;;;2;0;0;0;;;0;2;Autovettura privata;In marcia / fermata / arresto;Fiat;Punto;Conducente;0;F;Rifiuta cure immediate;0;NON DECEDUTO;;
3562672;20;20/11/2017 08:20:00;Strada Urbana;VIA CASSIA;in prossimità;;del civico n.;1056;;Scontro laterale fra veicoli in marcia;;Una carreggiata a doppio senso;Asciutto;Asfaltata;Verticale ed orizzontale;Sereno;Intenso;Buona;Ore Diurne;0;0;0;2;12,42629;41,97488;0;1;Motociclo a solo;In marcia / fermata / arresto;Honda;SH 125;Conducente;1968;F;Illeso;0;;Non accertato;
3562672;20;20/11/2017 08:20:00;Strada Urbana;VIA CASSIA;in prossimità;;del civico n.;1056;;Scontro laterale fra veicoli in marcia;;Una carreggiata a doppio senso;Asciutto;Asfaltata;Verticale ed orizzontale;Sereno;Intenso;Buona;Ore Diurne;0;0;0;2;12,42629;41,97488;0;2;Autovettura privata;In marcia / fermata / arresto;Peugeot;407;Conducente;1964;F;Illeso;0;;Non accertato;
3562678;19;20/11/2017 18:40:00;Comunale extraurbana;VIA DI BOCCEA;in prossimità;;del civico n.;1160;;Scontro frontale/laterale SX fra veicoli in marcia;Rettilineo;Una carreggiata a doppio senso;Asciutto;Asfaltata;Verticale ed orizzontale;Sereno;Scarso;Buona;Sufficiente;1;0;0;1;;;0;1;Motociclo a solo;In marcia / fermata / arresto;Honda;SH 150;Conducente;1985;M;Ricoverato;0;NON DECEDUTO;Non accertato;
3562678;19;20/11/2017 18:40:00;Comunale extraurbana;VIA DI BOCCEA;in prossimità;;del civico n.;1160;;Scontro frontale/laterale SX fra veicoli in marcia;Rettilineo;Una carreggiata a doppio senso;Asciutto;Asfaltata;Verticale ed orizzontale;Sereno;Scarso;Buona;Sufficiente;1;0;0;1;;;0;2;Autovettura privata;In marcia / fermata / arresto;Fiat;600;Conducente;1985;M;Illeso;0;;Non accertato;Inesploso
3562680;15;20/11/2017 08:45:00;;VIA DEL TRULLO;in corrispondenza;;del civico n.;284;;Scontro laterale fra veicoli in marcia;;;;;;;;;;0;0;0;2;12,43618;41,84421;0;1;Autocarro inferiore 35 q.;In marcia / fermata / arresto;Daimler-Benz;1831;Conducente;0;M;Illeso;0;;;
3562680;15;20/11/2017 08:45:00;;VIA DEL TRULLO;in corrispondenza;;del civico n.;284;;Scontro laterale fra veicoli in marcia;;;;;;;;;;0;0;0;2;12,43618;41,84421;0;2;Autovettura privata;In marcia / fermata / arresto;Lancia;Musa;Conducente;0;M;Illeso;0;;;
3562684;11;20/11/2017 08:20:00;Strada Urbana;VIA LAURENTINA;all'intersezione semaforizzata con;VIA CRISTOFORO COLOMBO;VIA CRISTOFORO COLOMBO;;;Scontro laterale fra veicoli in marcia;Intersezione semaforizzata;Due carreggiate;Asciutto;Asfaltata;Verticale ed orizzontale;Sereno;Intenso;Buona;Ore Diurne;0;0;0;2;12,4791;41,84595;0;1;Autovettura privata;In marcia / fermata / arresto;Peugeot;207;Conducente;1987;M;Illeso;0;;;
3562684;11;20/11/2017 08:20:00;Strada Urbana;VIA LAURENTINA;all'intersezione semaforizzata con;VIA CRISTOFORO COLOMBO;VIA CRISTOFORO COLOMBO;;;Scontro laterale fra veicoli in marcia;Intersezione semaforizzata;Due carreggiate;Asciutto;Asfaltata;Verticale ed orizzontale;Sereno;Intenso;Buona;Ore Diurne;0;0;0;2;12,4791;41,84595;0;2;Autovettura privata;In marcia / fermata / arresto;BMW;530;Conducente;1986;M;Illeso;0;;;
3562689;15;20/11/2017 17:10:00;;VIA DELLA MURATELLA;in prossimità;;del palo luce n.;167;;Scontro frontale/laterale SX fra veicoli in marcia;;;;;;;;;;1;0;0;1;;;0;1;Autovettura privata;In marcia / fermata / arresto;Lancia;Ypsilon;Conducente;0;M;Rifiuta cure immediate;0;NON DECEDUTO;;
3562689;15;20/11/2017 17:10:00;;VIA DELLA MURATELLA;in prossimità;;del palo luce n.;167;;Scontro frontale/laterale SX fra veicoli in marcia;;;;;;;;;;1;0;0;1;;;0;2;Autocarro inferiore 35 q.;In marcia / fermata / arresto;Renault;Trafic;Conducente;0;M;Illeso;0;;;
3562690;15;20/11/2017 18:30:00;;VIALE GUGLIELMO MARCONI;da specificare;;;;PROX. N.C. 196;Tamponamento;;;;;;;;;;0;0;0;1;12,47151;41,85667;0;1;Autovettura privata;In marcia / fermata / arresto;Volkswagen;Polo;Conducente;0;M;Illeso;0;;;
3562691;19;20/11/2017 17:35:00;Strada Urbana;VIA IPOGEO DEGLI OTTAVI;da specificare;;;;alt. Via delle Canossiane;Scontro laterale fra veicoli in marcia;Rettilineo;Una carreggiata a senso unico di marcia;Asciutto;Asfaltata;Verticale ed orizzontale;Sereno;Intenso;Sufficiente;Ore Diurne;0;0;0;3;12,40801;41,96561;0;1;Autovettura privata;In marcia / fermata / arresto;smart for two;(ignoto);Conducente;1964;F;Illeso;0;;Non accertato;Inesploso
3562691;19;20/11/2017 17:35:00;Strada Urbana;VIA IPOGEO DEGLI OTTAVI;da specificare;;;;alt. Via delle Canossiane;Scontro laterale fra veicoli in marcia;Rettilineo;Una carreggiata a senso unico di marcia;Asciutto;Asfaltata;Verticale ed orizzontale;Sereno;Intenso;Sufficiente;Ore Diurne;0;0;0;3;12,40801;41,96561;0;2;Autovettura privata;In marcia / fermata / arresto;Volkswagen;Polo;Conducente;1991;M;Illeso;0;;Non accertato;Inesploso
3562691;19;20/11/2017 17:35:00;Strada Urbana;VIA IPOGEO DEGLI OTTAVI;da specificare;;;;alt. Via delle Canossiane;Scontro laterale fra veicoli in marcia;Rettilineo;Una carreggiata a senso unico di marcia;Asciutto;Asfaltata;Verticale ed orizzontale;Sereno;Intenso;Sufficiente;Ore Diurne;0;0;0;3;12,40801;41,96561;0;2;Autovettura privata;In marcia / fermata / arresto;Volkswagen;Polo;Passeggero;1981;M;Illeso;0;;Non accertato;Inesploso
3562693;5;20/11/2017 07:40:00;;VIA TIBURTINA;all'intersezione con;VIA GALLA PLACIDIA;VIA GALLA PLACIDIA;;;Scontro laterale fra veicoli in marcia;;;;;;;;;;1;0;0;0;;;0;1;Autovettura privata;In marcia / fermata / arresto;Fiat;500;Conducente;1987;F;Rimandato;0;NON DECEDUTO;Non accertato;Inesploso
3562710;11;20/11/2017 07:00:00;Strada Urbana;CIRCONVALLAZIONE OSTIENSE;da specificare;;;;altezza palo acea 7;Scontro frontale fra veicoli in marcia;Rettilineo;Due carreggiate;Asciutto;Asfaltata;Verticale ed orizzontale;Sereno;Scarso;Buona;Ore Diurne;0;0;0;3;12,49048;41,8671;0;1;Autovettura privata;In marcia / fermata / arresto;Toyota;Yaris;Conducente;1959;M;Illeso;0;;Utilizzato;
3562710;11;20/11/2017 07:00:00;Strada Urbana;CIRCONVALLAZIONE OSTIENSE;da specificare;;;;altezza palo acea 7;Scontro frontale fra veicoli in marcia;Rettilineo;Due carreggiate;Asciutto;Asfaltata;Verticale ed orizzontale;Sereno;Scarso;Buona;Ore Diurne;0;0;0;3;12,49048;41,8671;0;1;Autovettura privata;In marcia / fermata / arresto;Toyota;Yaris;Passeggero;1960;M;Illeso;0;;Non accertato;
3562710;11;20/11/2017 07:00:00;Strada Urbana;CIRCONVALLAZIONE OSTIENSE;da specificare;;;;altezza palo acea 7;Scontro frontale fra veicoli in marcia;Rettilineo;Due carreggiate;Asciutto;Asfaltata;Verticale ed orizzontale;Sereno;Scarso;Buona;Ore Diurne;0;0;0;3;12,49048;41,8671;0;2;Autocarro inferiore 35 q.;In marcia / fermata / arresto;Fiat;Ducato;Conducente;1979;M;Illeso;0;;;
3562712;11;20/11/2017 11:00:00;Strada Urbana;CIRCONVALLAZIONE OSTIENSE;all'intersezione con;VIA PROSPERO ALPINO;VIA PROSPERO ALPINO;;;Tamponamento;Incrocio;Due carreggiate;Asciutto;Asfaltata;Verticale ed orizzontale;Sereno;Normale;Buona;Ore Diurne;3;0;0;0;12,48701;41,86739;0;1;Autovettura privata;In marcia / fermata / arresto;Micro C. Car;fortwo coupè;Conducente;1972;F;Rimandato;0;NON DECEDUTO;Non accertato;
3562712;11;20/11/2017 11:00:00;Strada Urbana;CIRCONVALLAZIONE OSTIENSE;all'intersezione con;VIA PROSPERO ALPINO;VIA PROSPERO ALPINO;;;Tamponamento;Incrocio;Due carreggiate;Asciutto;Asfaltata;Verticale ed orizzontale;Sereno;Normale;Buona;Ore Diurne;3;0;0;0;12,48701;41,86739;0;2;Autovettura privata;In marcia / fermata / arresto;Lancia;Y;Conducente;1947;F;Rimandato;0;NON DECEDUTO;Non accertato;
3562712;11;20/11/2017 11:00:00;Strada Urbana;CIRCONVALLAZIONE OSTIENSE;all'intersezione con;VIA PROSPERO ALPINO;VIA PROSPERO ALPINO;;;Tamponamento;Incrocio;Due carreggiate;Asciutto;Asfaltata;Verticale ed orizzontale;Sereno;Normale;Buona;Ore Diurne;3;0;0;0;12,48701;41,86739;0;2;Autovettura privata;In marcia / fermata / arresto;Lancia;Y;Passeggero;1944;F;Rifiuta cure immediate;0;NON DECEDUTO;Non accertato;
3562715;19;20/11/2017 21:50:00;Strada Urbana;VIA TRIONFALE;in corrispondenza;;del civico n.;8338;;Scontro laterale fra veicoli in marcia;Rettilineo;Una carreggiata a senso unico di marcia;Asciutto;Asfaltata;Verticale;Sereno;Normale;Buona;Sufficiente;0;0;0;3;12,42613;41,9378;0;1;Autovettura privata;In marcia / fermata / arresto;Toyota;Yaris;Conducente;1957;M;Illeso;0;;Non accertato;Inesploso
3562715;19;20/11/2017 21:50:00;Strada Urbana;VIA TRIONFALE;in corrispondenza;;del civico n.;8338;;Scontro laterale fra veicoli in marcia;Rettilineo;Una carreggiata a senso unico di marcia;Asciutto;Asfaltata;Verticale;Sereno;Normale;Buona;Sufficiente;0;0;0;3;12,42613;41,9378;0;2;Autovettura privata;In marcia / fermata / arresto;Fiat;500;Conducente;1993;M;Illeso;0;;Non accertato;Inesploso
3562715;19;20/11/2017 21:50:00;Strada Urbana;VIA TRIONFALE;in corrispondenza;;del civico n.;8338;;Scontro laterale fra veicoli in marcia;Rettilineo;Una carreggiata a senso unico di marcia;Asciutto;Asfaltata;Verticale;Sereno;Normale;Buona;Sufficiente;0;0;0;3;12,42613;41,9378;0;2;Autovettura privata;In marcia / fermata / arresto;Fiat;500;Passeggero;1993;M;Illeso;0;;Non accertato;Inesploso
3562765;7;20/11/2017 17:15:00;Strada Urbana;VIA DELLE PALME;in prossimità;;del civico n.;166;;Veicolo in marcia contro veicolo in sosta;Rettilineo;Una carreggiata a senso unico di marcia;Asciutto;Asfaltata;Assente;Sereno;Scarso;Buona;Sufficiente;0;0;0;1;12,57085;41,8904;0;1;Autovettura privata;In marcia / fermata / arresto;Fiat;Doblò;Conducente;1975;M;Illeso;0;;;
3562775;6;17/11/2017 13:20:00;Strada Urbana;VIA TOR DE' SCHIAVI;in corrispondenza;;del civico n.;406;;Veicolo in marcia contro veicolo in sosta;Rettilineo;Due carreggiate;Asciutto;Asfaltata;Verticale ed orizzontale;Sereno;Scarso;Buona;Ore Diurne;0;0;0;2;12,55946;41,89415;0;1;Motociclo a solo;In marcia / fermata / arresto;Honda;sh300;Conducente;1967;M;Illeso;0;;;
3562775;6;17/11/2017 13:20:00;Strada Urbana;VIA TOR DE' SCHIAVI;in corrispondenza;;del civico n.;406;;Veicolo in marcia contro veicolo in sosta;Rettilineo;Due carreggiate;Asciutto;Asfaltata;Verticale ed orizzontale;Sereno;Scarso;Buona;Ore Diurne;0;0;0;2;12,55946;41,89415;0;3;Autovettura privata;In marcia / fermata / arresto;Ford;Focus C Max;Conducente;1956;F;Illeso;0;;;
3562788;5;20/11/2017 09:10:00;;VIA DI PORTONACCIO;in prossimità;;del civico n.;41;;Veicolo in marcia contro veicolo fermo;;;;;;;;;;1;0;0;0;;;0;1;Motociclo a solo;In marcia / fermata / arresto;Piaggio;Liberty;Conducente;1994;M;Rimandato;0;NON DECEDUTO;Non accertato;
3562790;4;20/11/2017 08:10:00;;CIRCONVALLAZIONE NOMENTANA;all'intersezione con;VIA MONTE BIANCO;VIA MONTE BIANCO;;;Scontro laterale fra veicoli in marcia;;;;;;;;;;0;0;0;6;12,5272;41,9185;0;1;Autovettura privata;In marcia / fermata / arresto;Toyota;Corolla;Conducente;1977;M;Illeso;0;;;
3562790;4;20/11/2017 08:10:00;;CIRCONVALLAZIONE NOMENTANA;all'intersezione con;VIA MONTE BIANCO;VIA MONTE BIANCO;;;Scontro laterale fra veicoli in marcia;;;;;;;;;;0;0;0;6;12,5272;41,9185;0;1;Autovettura privata;In marcia / fermata / arresto;Toyota;Corolla;Passeggero;1977;M;Illeso;0;;;
3562790;4;20/11/2017 08:10:00;;CIRCONVALLAZIONE NOMENTANA;all'intersezione con;VIA MONTE BIANCO;VIA MONTE BIANCO;;;Scontro laterale fra veicoli in marcia;;;;;;;;;;0;0;0;6;12,5272;41,9185;0;2;Autovettura privata;In marcia / fermata / arresto;Volkswagen;Golf;Conducente;1987;M;Illeso;0;;;
3562790;4;20/11/2017 08:10:00;;CIRCONVALLAZIONE NOMENTANA;all'intersezione con;VIA MONTE BIANCO;VIA MONTE BIANCO;;;Scontro laterale fra veicoli in marcia;;;;;;;;;;0;0;0;6;12,5272;41,9185;0;2;Autovettura privata;In marcia / fermata / arresto;Volkswagen;Golf;Passeggero;1980;M;Illeso;0;;;
3562790;4;20/11/2017 08:10:00;;CIRCONVALLAZIONE NOMENTANA;all'intersezione con;VIA MONTE BIANCO;VIA MONTE BIANCO;;;Scontro laterale fra veicoli in marcia;;;;;;;;;;0;0;0;6;12,5272;41,9185;0;2;Autovettura privata;In marcia / fermata / arresto;Volkswagen;Golf;Passeggero;1994;M;Illeso;0;;;
3562790;4;20/11/2017 08:10:00;;CIRCONVALLAZIONE NOMENTANA;all'intersezione con;VIA MONTE BIANCO;VIA MONTE BIANCO;;;Scontro laterale fra veicoli in marcia;;;;;;;;;;0;0;0;6;12,5272;41,9185;0;2;Autovettura privata;In marcia / fermata / arresto;Volkswagen;Golf;Passeggero;2001;M;Illeso;0;;;
3562794;19;21/11/2017 07:45:00;Strada Urbana;VIA TAGGIA;all'intersezione con;VIA MONTEBRUNO;VIA MONTEBRUNO;;;Scontro frontale/laterale DX fra veicoli in marcia;Incrocio;Una carreggiata a doppio senso;Asciutto;Asfaltata;Verticale ed orizzontale;Nuvoloso;Normale;Buona;Ore Diurne;1;0;0;1;;;0;1;Autovettura privata;In marcia / fermata / arresto;Opel;Corsa;Conducente;1956;M;Illeso;0;;Non accertato;Inesploso
3562794;19;21/11/2017 07:45:00;Strada Urbana;VIA TAGGIA;all'intersezione con;VIA MONTEBRUNO;VIA MONTEBRUNO;;;Scontro frontale/laterale DX fra veicoli in marcia;Incrocio;Una carreggiata a doppio senso;Asciutto;Asfaltata;Verticale ed orizzontale;Nuvoloso;Normale;Buona;Ore Diurne;1;0;0;1;;;0;2;Motociclo a solo;In marcia / fermata / arresto;Piaggio;Liberty 150;Conducente;1970;F;Rimandato;0;NON DECEDUTO;Non accertato;
3562796;1;21/11/2017 00:10:00;Strada Urbana;VIA LABICANA;da specificare;;;;ALTEZZA VIA ISIDE;Scontro frontale fra veicoli in marcia;Rettilineo;Più di due carreggiate;Asciutto;Asfaltata;Verticale ed orizzontale;Sereno;Scarso;Sufficiente;Sufficiente;0;0;0;1;12,50205;41,8892;0;2;Autovettura privata;In marcia / fermata / arresto;Nissan;Micra;Conducente;1995;F;Illeso;0;;Non accertato;
3562804;18;21/11/2017 07:30:00;;VIA NICOLO' PICCOLOMINI;in prossimità;;del civico n.;20;;Scontro laterale fra veicoli in marcia;;;;;;;;;;0;0;0;2;12,44149;41,89021;0;1;Autocarro inferiore 35 q.;In marcia / fermata / arresto;Iveco;35 A;Conducente;1961;M;Illeso;0;;Non accertato;
3562804;18;21/11/2017 07:30:00;;VIA NICOLO' PICCOLOMINI;in prossimità;;del civico n.;20;;Scontro laterale fra veicoli in marcia;;;;;;;;;;0;0;0;2;12,44149;41,89021;0;2;Motociclo a solo;In marcia / fermata / arresto;Honda;CBF 600;Conducente;1981;F;Illeso;0;;Non accertato;
3562807;5;20/11/2017 09:40:00;;VIA DEI MONTI TIBURTINI;da specificare;;;;dir. Lanciani 35 mt. prima di via dei Durantini;Scontro laterale fra veicoli in marcia;;;;;;;;;;1;0;0;0;;;0;2;Motociclo a solo;In marcia / fermata / arresto;Honda;SH 125;Conducente;1981;M;Rimandato;0;NON DECEDUTO;;
3562818;7;20/11/2017 13:40:00;;VIA PRENESTINA;all'intersezione con;VIA DEL MAGGIOLINO;VIA DEL MAGGIOLINO;;;Scontro frontale/laterale SX fra veicoli in marcia;;;;;;;;;;0;0;0;1;;;0;1;Autovettura privata;In marcia / fermata / arresto;Mini;Cooper;Conducente;1989;F;Illeso;0;;Non accertato;Inesploso
3562837;12;20/11/2017 14:30:00;Strada Urbana;VIA CRISTOFORO COLOMBO;all'intersezione con;VIALE GUGLIELMO MARCONI;VIALE GUGLIELMO MARCONI;;;Tamponamento;Intersezione stradale segnalata;Più di due carreggiate;Asciutto;Asfaltata;Verticale ed orizzontale;Sereno;Intenso;Buona;Ore Diurne;0;0;0;3;;;0;1;Autovettura privata;In marcia / fermata / arresto;Audi;A8;Conducente;1980;M;Illeso;0;;Utilizzato;Inesploso
3562837;12;20/11/2017 14:30:00;Strada Urbana;VIA CRISTOFORO COLOMBO;all'intersezione con;VIALE GUGLIELMO MARCONI;VIALE GUGLIELMO MARCONI;;;Tamponamento;Intersezione stradale segnalata;Più di due carreggiate;Asciutto;Asfaltata;Verticale ed orizzontale;Sereno;Intenso;Buona;Ore Diurne;0;0;0;3;;;0;1;Autovettura privata;In marcia / fermata / arresto;Audi;A8;Passeggero;1997;F;Illeso;0;;Utilizzato;Inesploso
3562837;12;20/11/2017 14:30:00;Strada Urbana;VIA CRISTOFORO COLOMBO;all'intersezione con;VIALE GUGLIELMO MARCONI;VIALE GUGLIELMO MARCONI;;;Tamponamento;Intersezione stradale segnalata;Più di due carreggiate;Asciutto;Asfaltata;Verticale ed orizzontale;Sereno;Intenso;Buona;Ore Diurne;0;0;0;3;;;0;2;Autovettura privata;In marcia / fermata / arresto;Mercedes;Smart Fortwo;Conducente;1993;M;Illeso;0;;Utilizzato;Inesploso
3562854;1;17/11/2017 00:35:00;;VIA DANDOLO;in prossimità;;del civico n.;45;;Veicolo in marcia contro ostacolo accidentale;;;;;;;;;;3;0;0;1;12,46575;41,88422;0;1;Motociclo con passeggero;In marcia / fermata / arresto;Kymco;AT 50;Conducente;1995;M;Rifiuta cure immediate;0;NON DECEDUTO;Utilizzato;
3562854;1;17/11/2017 00:35:00;;VIA DANDOLO;in prossimità;;del civico n.;45;;Veicolo in marcia contro ostacolo accidentale;;;;;;;;;;3;0;0;1;12,46575;41,88422;0;1;Motociclo con passeggero;In marcia / fermata / arresto;Kymco;AT 50;Passeggero;1996;M;Illeso;0;;Utilizzato;
3562854;1;17/11/2017 00:35:00;;VIA DANDOLO;in prossimità;;del civico n.;45;;Veicolo in marcia contro ostacolo accidentale;;;;;;;;;;3;0;0;1;12,46575;41,88422;0;2;Motociclo a solo;In marcia / fermata / arresto;Honda;SH;Conducente;1975;M;Rifiuta cure immediate;0;NON DECEDUTO;Utilizzato;
3562854;1;17/11/2017 00:35:00;;VIA DANDOLO;in prossimità;;del civico n.;45;;Veicolo in marcia contro ostacolo accidentale;;;;;;;;;;3;0;0;1;12,46575;41,88422;0;3;Motociclo a solo;In marcia / fermata / arresto;Honda;SH;Conducente;1988;M;Rimandato;0;NON DECEDUTO;Utilizzato;
3562856;8;20/11/2017 19:30:00;;VIA DELICETO;all'intersezione con;VIA MELISSANO;VIA MELISSANO;;;Scontro frontale/laterale DX fra veicoli in marcia;;;;;;;;;;2;0;0;0;;;0;1;Autovettura privata;In marcia / fermata / arresto;Fiat;Uno;Conducente;1962;M;Ricoverato;0;NON DECEDUTO;;
3562856;8;20/11/2017 19:30:00;;VIA DELICETO;all'intersezione con;VIA MELISSANO;VIA MELISSANO;;;Scontro frontale/laterale DX fra veicoli in marcia;;;;;;;;;;2;0;0;0;;;0;1;Autovettura privata;In marcia / fermata / arresto;Fiat;Uno;Passeggero;1961;M;Ricoverato;0;NON DECEDUTO;Utilizzato;
3562865;9;21/11/2017 06:50:00;Strada Urbana;VIA DELL'ARCO DI TRAVERTINO;in prossimità;;del civico n.;84/g;;Veicolo in marcia contro veicolo arresto;Rettilineo;Una carreggiata a senso unico di marcia;Asciutto;Asfaltata;Orizzontale;Sereno;Normale;Buona;Ore Diurne;0;0;0;3;;;0;1;Autovettura privata;In marcia / fermata / arresto;Ford;Focus;Conducente;1965;M;Illeso;0;;Non accertato;Inesploso
3562865;9;21/11/2017 06:50:00;Strada Urbana;VIA DELL'ARCO DI TRAVERTINO;in prossimità;;del civico n.;84/g;;Veicolo in marcia contro veicolo arresto;Rettilineo;Una carreggiata a senso unico di marcia;Asciutto;Asfaltata;Orizzontale;Sereno;Normale;Buona;Ore Diurne;0;0;0;3;;;0;2;Autocarro inferiore 35 q.;In marcia / fermata / arresto;Renault;Trafic;Conducente;1973;M;Illeso;0;;Non accertato;Inesploso
3562865;9;21/11/2017 06:50:00;Strada Urbana;VIA DELL'ARCO DI TRAVERTINO;in prossimità;;del civico n.;84/g;;Veicolo in marcia contro veicolo arresto;Rettilineo;Una carreggiata a senso unico di marcia;Asciutto;Asfaltata;Orizzontale;Sereno;Normale;Buona;Ore Diurne;0;0;0;3;;;0;2;Autocarro inferiore 35 q.;In marcia / fermata / arresto;Renault;Trafic;Passeggero;1971;M;Illeso;0;;Non accertato;Inesploso
3562874;8;20/11/2017 12:10:00;;VIA DI TOR BELLA MONACA;da specificare;;;;100 metri prima svincolo Aspertini Casilina;Tamponamento;;;;;;;;;;1;0;0;2;12,62375;41,87848;0;1;Autovettura privata;In marcia / fermata / arresto;Opel;Astra;Conducente;1941;M;Illeso;0;;Non accertato;Inesploso
3562874;8;20/11/2017 12:10:00;;VIA DI TOR BELLA MONACA;da specificare;;;;100 metri prima svincolo Aspertini Casilina;Tamponamento;;;;;;;;;;1;0;0;2;12,62375;41,87848;0;1;Autovettura privata;In marcia / fermata / arresto;Opel;Astra;Passeggero;1942;F;Illeso;0;;Non accertato;Inesploso
3562874;8;20/11/2017 12:10:00;;VIA DI TOR BELLA MONACA;da specificare;;;;100 metri prima svincolo Aspertini Casilina;Tamponamento;;;;;;;;;;1;0;0;2;12,62375;41,87848;0;2;Motociclo a solo;In marcia / fermata / arresto;Suzuki;Burgman 400;Conducente;1977;M;Rimandato;0;NON DECEDUTO;Non accertato;
3562884;8;20/11/2017 11:00:00;Strada Urbana;VIALE OXFORD;da specificare;;;;immissione viale heildeberg;Tamponamento;Rotatoria;Due carreggiate;Asciutto;Asfaltata;Verticale ed orizzontale;Sereno;Normale;Buona;Ore Diurne;0;0;0;2;;;0;1;Autovettura pubblica;In marcia / fermata / arresto;Opel;Astra;Conducente;1973;M;Illeso;0;;Non accertato;Inesploso