Protocollo;Gruppo;DataOraIncidente;Localizzazione1;STRADA1;Localizzazione2;STRADA2;Strada02;Chilometrica;DaSpecificare;NaturaIncidente;particolaritastrade;TipoStrada;FondoStradale;Pavimentazione;Segnaletica;CondizioneAtmosferica;Traffico;Visibilita;Illuminazione;NUM_FERITI;NUM_RISERVATA;NUM_MORTI;NUM_ILLESI;Longitudine;Latitudine;Confermato;Progressivo;TipoVeicolo;StatoVeicolo;Marca;Modello;TipoPersona;AnnoNascita;Sesso;Tipolesione;Deceduto;DecedutoDopo;CinturaCascoUtilizzato;Airbag;
3566552;17;22/11/2017 09:00:00;Strada Urbana;VIA GIUSEPPE GIOACHINO BELLI;in corrispondenza;;del civico n.;96;;Infortunio per sola frenata improvvisa;Rettilineo;Una carreggiata a senso unico di marcia;Asciutto;Lastricata;Verticale ed orizzontale;Sereno;Normale;Buona;Ore Diurne;1;0;0;2;12,46986;41,9068;0;1;Autovettura privata;In marcia / fermata / arresto;Lancia;Y;Passeggero;1959;F;Illeso;0;;;
3566552;17;22/11/2017 09:00:00;Strada Urbana;VIA GIUSEPPE GIOACHINO BELLI;in corrispondenza;;del civico n.;96;;Infortunio per sola frenata improvvisa;Rettilineo;Una carreggiata a senso unico di marcia;Asciutto;Lastricata;Verticale ed orizzontale;Sereno;Normale;Buona;Ore Diurne;1;0;0;2;12,46986;41,9068;0;2;Motociclo a solo;In marcia / fermata / arresto;Piaggio;Vespa;Conducente;1973;M;Rimandato;0;NON DECEDUTO;;
3566569;6;22/11/2017 16:00:00;Strada Urbana;VIA DI CENTOCELLE;all'intersezione con;VIA DEGLI ANGELI;VIA DEGLI ANGELI;;;Scontro laterale fra veicoli in marcia;Incrocio;Una carreggiata a doppio senso;Asciutto;Asfaltata;Verticale ed orizzontale;Sereno;Normale;Buona;Ore Diurne;0;0;0;3;12,54977;41,87246;-1;1;Autocarro inferiore 35 q.;In marcia / fermata / arresto;Fiat;350M;Conducente;1958;M;Illeso;0;;Non accertato;Inesploso
3566569;6;22/11/2017 16:00:00;Strada Urbana;VIA DI CENTOCELLE;all'intersezione con;VIA DEGLI ANGELI;VIA DEGLI ANGELI;;;Scontro laterale fra veicoli in marcia;Incrocio;Una carreggiata a doppio senso;Asciutto;Asfaltata;Verticale ed orizzontale;Sereno;Normale;Buona;Ore Diurne;0;0;0;3;12,54977;41,87246;-1;2;Autovettura di polizia;In marcia / fermata / arresto;Fiat;Punto;Conducente;1993;M;Illeso;0;;Non accertato;Inesploso
3566569;6;22/11/2017 16:00:00;Strada Urbana;VIA DI CENTOCELLE;all'intersezione con;VIA DEGLI ANGELI;VIA DEGLI ANGELI;;;Scontro laterale fra veicoli in marcia;Incrocio;Una carreggiata a doppio senso;Asciutto;Asfaltata;Verticale ed orizzontale;Sereno;Normale;Buona;Ore Diurne;0;0;0;3;12,54977;41,87246;-1;2;Autovettura di polizia;In marcia / fermata / arresto;Fiat;Punto;Passeggero;1986;M;Illeso;0;;Non accertato;Inesploso
3566592;5;23/11/2017 11:00:00;;VIA TIBURTINA;da specificare;;;;altezza via di Tor Cervara;Scontro laterale fra veicoli in marcia;;;;;;;;;;1;0;0;1;;;0;1;Autovettura privata;In marcia / fermata / arresto;Renault;Megane;Conducente;0;M;Illeso;0;;;
3566592;5;23/11/2017 11:00:00;;VIA TIBURTINA;da specificare;;;;altezza via di Tor Cervara;Scontro laterale fra veicoli in marcia;;;;;;;;;;1;0;0;1;;;0;2;Motociclo a solo;In marcia / fermata / arresto;Yamaha;MT 03;Conducente;0;M;Rimandato;0;NON DECEDUTO;;
3566612;6;22/11/2017 18:00:00;Strada Urbana;VIA CASILINA;in corrispondenza;;del civico n.;524 A;;Tamponamento;Rettilineo;Due carreggiate;Asciutto;Asfaltata;Verticale ed orizzontale;Nuvoloso;Intenso;Sufficiente;Sufficiente;0;0;0;2;12,54704;41,87821;-1;1;Autovettura privata;In marcia / fermata / arresto;Volkswagen;Golf;Conducente;1975;M;Illeso;0;;;
3566612;6;22/11/2017 18:00:00;Strada Urbana;VIA CASILINA;in corrispondenza;;del civico n.;524 A;;Tamponamento;Rettilineo;Due carreggiate;Asciutto;Asfaltata;Verticale ed orizzontale;Nuvoloso;Intenso;Sufficiente;Sufficiente;0;0;0;2;12,54704;41,87821;-1;2;Autovettura privata;In marcia / fermata / arresto;BMW;316;Conducente;1995;M;Illeso;0;;;
3566614;1;23/11/2017 08:55:00;Strada Urbana;VIA DELLE TERME DI TITO;all'intersezione con;LARGO DELLA POLVERIERA;LARGO DELLA POLVERIERA;;;Scontro laterale fra veicoli in marcia;Incrocio;Una carreggiata a senso unico di marcia;Asciutto;Asfaltata;Verticale ed orizzontale;Sereno;Scarso;Buona;Ore Diurne;0;0;0;2;;;0;1;Autovettura privata;In marcia / fermata / arresto;Ford;Fiesta;Conducente;1992;F;Illeso;0;;Utilizzato;Inesploso
3566614;1;23/11/2017 08:55:00;Strada Urbana;VIA DELLE TERME DI TITO;all'intersezione con;LARGO DELLA POLVERIERA;LARGO DELLA POLVERIERA;;;Scontro laterale fra veicoli in marcia;Incrocio;Una carreggiata a senso unico di marcia;Asciutto;Asfaltata;Verticale ed orizzontale;Sereno;Scarso;Buona;Ore Diurne;0;0;0;2;;;0;2;Autovettura privata;In marcia / fermata / arresto;Peugeot;306;Conducente;1970;M;Illeso;0;;Utilizzato;Inesploso
3566616;4;22/11/2017 12:40:00;Strada Urbana;VIA MONTE MASSICO;in corrispondenza;;del civico n.;96;;Veicolo in marcia contro veicolo in sosta;Rettilineo;Due carreggiate;Asciutto;Asfaltata;Assente;Sereno;Normale;Buona;Ore Diurne;0;0;0;1;12,52734;41,95105;0;1;Autovettura privata;In marcia / fermata / arresto;Nissan;Almera;Conducente;1937;M;Illeso;0;;;
3566642;4;22/11/2017 21:00:00;;VIA DARIO NICCODEMI;in prossimità;;del civico n.;39;;Scontro laterale fra veicoli in marcia;;;;;;;;;;0;0;0;3;;;0;1;Autovettura privata;In marcia / fermata / arresto;Volkswagen;Golf;Conducente;1986;M;Illeso;0;;Non accertato;
3566642;4;22/11/2017 21:00:00;;VIA DARIO NICCODEMI;in prossimità;;del civico n.;39;;Scontro laterale fra veicoli in marcia;;;;;;;;;;0;0;0;3;;;0;1;Autovettura privata;In marcia / fermata / arresto;Volkswagen;Golf;Passeggero;1992;F;Illeso;0;;Non accertato;
3566642;4;22/11/2017 21:00:00;;VIA DARIO NICCODEMI;in prossimità;;del civico n.;39;;Scontro laterale fra veicoli in marcia;;;;;;;;;;0;0;0;3;;;0;2;Motociclo a solo;In marcia / fermata / arresto;Aprilia;Scarabeo;Conducente;1969;M;Illeso;0;;Non accertato;
3566651;12;23/11/2017 09:05:00;Strada Urbana;VIA LAURENTINA;da specificare;;;;in prossimità di viale Africa direzione GRA;Investimento di pedone;Rettilineo;Due carreggiate;Asciutto;Asfaltata;Verticale ed orizzontale;Sereno;Normale;Buona;Ore Diurne;0;0;0;4;;;0;;;;;;Pedone;0;M;Illeso;0;;;
3566651;12;23/11/2017 09:05:00;Strada Urbana;VIA LAURENTINA;da specificare;;;;in prossimità di viale Africa direzione GRA;Investimento di pedone;Rettilineo;Due carreggiate;Asciutto;Asfaltata;Verticale ed orizzontale;Sereno;Normale;Buona;Ore Diurne;0;0;0;4;;;0;;;;;;Pedone;1953;F;Illeso;0;;;
3566651;12;23/11/2017 09:05:00;Strada Urbana;VIA LAURENTINA;da specificare;;;;in prossimità di viale Africa direzione GRA;Investimento di pedone;Rettilineo;Due carreggiate;Asciutto;Asfaltata;Verticale ed orizzontale;Sereno;Normale;Buona;Ore Diurne;0;0;0;4;;;0;1;Autovettura privata;In marcia / fermata / arresto;Renault;Megane;Conducente;1958;M;Illeso;0;;Utilizzato;Inesploso
3566651;12;23/11/2017 09:05:00;Strada Urbana;VIA LAURENTINA;da specificare;;;;in prossimità di viale Africa direzione GRA;Investimento di pedone;Rettilineo;Due carreggiate;Asciutto;Asfaltata;Verticale ed orizzontale;Sereno;Normale;Buona;Ore Diurne;0;0;0;4;;;0;1;Autovettura privata;In marcia / fermata / arresto;Renault;Megane;Passeggero;1969;F;Illeso;0;;Utilizzato;Inesploso
3566668;4;22/11/2017 15:20:00;Strada Urbana;VIA VAL D'OSSOLA;all'intersezione con;VIA VALDINIEVOLE;VIA VALDINIEVOLE;;;Scontro frontale/laterale DX fra veicoli in marcia;Intersezione stradale segnalata;Una carreggiata a doppio senso;Asciutto;Asfaltata;Verticale ed orizzontale;Sereno;Normale;Buona;Ore Diurne;0;0;0;3;12,52874;41,9352;0;1;Autovettura privata;In marcia / fermata / arresto;Renault;Megane;Conducente;1993;M;Illeso;0;;;
3566668;4;22/11/2017 15:20:00;Strada Urbana;VIA VAL D'OSSOLA;all'intersezione con;VIA VALDINIEVOLE;VIA VALDINIEVOLE;;;Scontro frontale/laterale DX fra veicoli in marcia;Intersezione stradale segnalata;Una carreggiata a doppio senso;Asciutto;Asfaltata;Verticale ed orizzontale;Sereno;Normale;Buona;Ore Diurne;0;0;0;3;12,52874;41,9352;0;1;Autovettura privata;In marcia / fermata / arresto;Renault;Megane;Passeggero;1998;F;Illeso;0;;;
3566668;4;22/11/2017 15:20:00;Strada Urbana;VIA VAL D'OSSOLA;all'intersezione con;VIA VALDINIEVOLE;VIA VALDINIEVOLE;;;Scontro frontale/laterale DX fra veicoli in marcia;Intersezione stradale segnalata;Una carreggiata a doppio senso;Asciutto;Asfaltata;Verticale ed orizzontale;Sereno;Normale;Buona;Ore Diurne;0;0;0;3;12,52874;41,9352;0;2;Autovettura privata;In marcia / fermata / arresto;Mercedes;Smart Fortwo;Conducente;1992;F;Illeso;0;;;
3566670;6;23/11/2017 07:45:00;Strada Urbana;VIA DI ACQUA BULLICANTE;all'intersezione con;VIA SAN VITO ROMANO;VIA SAN VITO ROMANO;;;Veicolo in marcia contro ostacolo accidentale;Intersezione non regolata/non segnalata;Una carreggiata a doppio senso;Bagnato (umidità in atto);Asfaltata;Assente;Sereno;Normale;Buona;Ore Diurne;0;0;0;1;12,54311;41,88738;-1;1;Autovettura privata;In marcia / fermata / arresto;Fiat;Panda;Conducente;1989;M;Illeso;0;;Non accertato;Inesploso
3566714;18;23/11/2017 12:00:00;Strada Urbana;VIA AURELIA;in prossimità;;della chilometrica;9.2;;Ribaltamento senza urto contro ostacolo fisso;Curva a visuale libera;Più di due carreggiate;Asciutto;Asfaltata;Verticale ed orizzontale;Sereno;Normale;Buona;Ore Diurne;1;0;0;1;;;0;1;Motociclo con passeggero;In marcia / fermata / arresto;Peugeot;Looxor;Conducente;1943;M;Illeso;0;;Non accertato;
3566714;18;23/11/2017 12:00:00;Strada Urbana;VIA AURELIA;in prossimità;;della chilometrica;9.2;;Ribaltamento senza urto contro ostacolo fisso;Curva a visuale libera;Più di due carreggiate;Asciutto;Asfaltata;Verticale ed orizzontale;Sereno;Normale;Buona;Ore Diurne;1;0;0;1;;;0;1;Motociclo con passeggero;In marcia / fermata / arresto;Peugeot;Looxor;Passeggero;1989;F;Rimandato;0;NON DECEDUTO;Non accertato;
3566768;9;23/11/2017 12:20:00;Strada Urbana;VIA PORTOFERRAIO;all'intersezione con;VIA TERNI;VIA TERNI;;;Infortunio per sola frenata improvvisa;Incrocio;Una carreggiata a doppio senso;Asciutto;Asfaltata;Verticale ed orizzontale;Sereno;Normale;Buona;Ore Diurne;1;0;0;1;;;0;1;Autovettura privata;In marcia / fermata / arresto;Renault;Megane;Conducente;1943;M;Illeso;0;;Non accertato;Inesploso
3566768;9;23/11/2017 12:20:00;Strada Urbana;VIA PORTOFERRAIO;all'intersezione con;VIA TERNI;VIA TERNI;;;Infortunio per sola frenata improvvisa;Incrocio;Una carreggiata a doppio senso;Asciutto;Asfaltata;Verticale ed orizzontale;Sereno;Normale;Buona;Ore Diurne;1;0;0;1;;;0;2;Motociclo con passeggero;In marcia / fermata / arresto;Ducati;Monster;Conducente;1972;M;Rimandato;0;NON DECEDUTO;Non accertato;
3566833;5;22/11/2017 17:14:00;;VIA DI PIETRALATA;in prossimità;;del civico n.;321;;Veicolo in marcia contro ostacolo accidentale;;;;;;;;;;0;0;0;1;;;0;1;Autovettura privata;In marcia / fermata / arresto;Dodge;Journey;Conducente;0;M;Illeso;0;;;
3566860;5;22/11/2017 19:40:00;;VIA NINO TAMASSIA;da specificare;;;;DIREZIONE DIREZIONE GRA ALTEZZA VIA S. S. MARCHE;Tamponamento;;;;;;;;;;1;0;0;1;;;0;1;Autovettura privata;In marcia / fermata / arresto;Toyota;Yaris;Conducente;0;M;Rimandato;0;NON DECEDUTO;;
3566860;5;22/11/2017 19:40:00;;VIA NINO TAMASSIA;da specificare;;;;DIREZIONE DIREZIONE GRA ALTEZZA VIA S. S. MARCHE;Tamponamento;;;;;;;;;;1;0;0;1;;;0;2;Autovettura privata;In marcia / fermata / arresto;Fiat;500;Conducente;0;M;Illeso;0;;;
3566935;2;23/11/2017 11:50:00;Strada Urbana;VIA TRIPOLITANIA;in corrispondenza;;del civico n.;57;;Scontro laterale fra veicoli in marcia;Rettilineo;Una carreggiata a senso unico di marcia;Asciutto;Asfaltata;Orizzontale;Sereno;Normale;Buona;Ore Diurne;0;0;0;2;;;0;1;Autovettura privata;In marcia / fermata / arresto;Smart ;-;Conducente;1956;F;Illeso;0;;Non accertato;
3566935;2;23/11/2017 11:50:00;Strada Urbana;VIA TRIPOLITANIA;in corrispondenza;;del civico n.;57;;Scontro laterale fra veicoli in marcia;Rettilineo;Una carreggiata a senso unico di marcia;Asciutto;Asfaltata;Orizzontale;Sereno;Normale;Buona;Ore Diurne;0;0;0;2;;;0;2;Autocarro inferiore 35 q.;In marcia / fermata / arresto;Daimler-Benz;(ignoto);Conducente;1979;M;Illeso;0;;;
3566941;17;22/11/2017 09:04:00;Strada Urbana;VIA FABIO MASSIMO;all'intersezione con;VIA GERMANICO;VIA GERMANICO;;;Scontro frontale/laterale DX fra veicoli in marcia;Incrocio;Una carreggiata a senso unico di marcia;Asciutto;Asfaltata;Verticale ed orizzontale;Sereno;Normale;Buona;Ore Diurne;0;0;0;2;;;0;1;Autovettura privata;In marcia / fermata / arresto;Fiat;Panda;Conducente;1938;F;Illeso;0;;;
3566941;17;22/11/2017 09:04:00;Strada Urbana;VIA FABIO MASSIMO;all'intersezione con;VIA GERMANICO;VIA GERMANICO;;;Scontro frontale/laterale DX fra veicoli in marcia;Incrocio;Una carreggiata a senso unico di marcia;Asciutto;Asfaltata;Verticale ed orizzontale;Sereno;Normale;Buona;Ore Diurne;0;0;0;2;;;0;2;Motociclo a solo;In marcia / fermata / arresto;Piaggio;Liberty;Conducente;1980;F;Illeso;0;;;
3566957;15;23/11/2017 11:40:00;;VIA PORTUENSE;in corrispondenza;;del civico n.;796;;Scontro laterale fra veicoli in marcia;;;;;;;;;;0;0;0;2;;;0;1;Autovettura privata;In marcia / fermata / arresto;Nissan;Micra;Conducente;0;M;Illeso;0;;;
3566957;15;23/11/2017 11:40:00;;VIA PORTUENSE;in corrispondenza;;del civico n.;796;;Scontro laterale fra veicoli in marcia;;;;;;;;;;0;0;0;2;;;0;2;Autovettura privata;In marcia / fermata / arresto;Fiat;Stilo;Conducente;0;F;Illeso;0;;;
3566962;15;23/11/2017 10:40:00;;VIA PIETRO FRATTINI;all'intersezione con;VIA ADEODATO MATRICARDI;VIA ADEODATO MATRICARDI;;;Veicolo in marcia contro veicolo in sosta;;;;;;;;;;0;0;0;1;;;0;1;Autovettura privata;In marcia / fermata / arresto;Ford;KA;Conducente;0;F;Illeso;0;;;
3566971;15;23/11/2017 11:55:00;;PIAZZA DELLA RADIO;da specificare;;;;fronte civico 73;Scontro laterale fra veicoli in marcia;;;;;;;;;;0;0;0;2;;;0;1;Motociclo a solo;In marcia / fermata / arresto;Honda;SH 300;Conducente;0;M;Illeso;0;;;
3566971;15;23/11/2017 11:55:00;;PIAZZA DELLA RADIO;da specificare;;;;fronte civico 73;Scontro laterale fra veicoli in marcia;;;;;;;;;;0;0;0;2;;;0;2;Autocarro inferiore 35 q.;In marcia / fermata / arresto;Ford;Transit;Conducente;0;M;Illeso;0;;;
3566975;1;23/11/2017 12:15:00;Strada Urbana;VIA CARDINALE MERRY DEL VAL;da specificare;;;;IN PROSSIMITA' VIALE TRASTEVERE;Veicolo in marcia contro veicolo in sosta;Rettilineo;Una carreggiata a doppio senso;Asciutto;In cubetti di porfido;Verticale ed orizzontale;Sereno;Normale;Buona;Ore Diurne;0;0;0;2;;;0;1;Autocarro inferiore 35 q.;In marcia / fermata / arresto;Fiat;Iveco Daily;Conducente;1997;M;Illeso;0;;Non accertato;
3566975;1;23/11/2017 12:15:00;Strada Urbana;VIA CARDINALE MERRY DEL VAL;da specificare;;;;IN PROSSIMITA' VIALE TRASTEVERE;Veicolo in marcia contro veicolo in sosta;Rettilineo;Una carreggiata a doppio senso;Asciutto;In cubetti di porfido;Verticale ed orizzontale;Sereno;Normale;Buona;Ore Diurne;0;0;0;2;;;0;1;Autocarro inferiore 35 q.;In marcia / fermata / arresto;Fiat;Iveco Daily;Passeggero;1995;M;Illeso;0;;Non accertato;
3567016;13;23/11/2017 12:15:00;Strada Urbana;VIA DI SAPONARA;in prossimità;;del civico n.;2b;;Investimento di pedone;Rettilineo;Una carreggiata a doppio senso;Asciutto;Asfaltata;Assente;Sereno;Normale;Buona;Ore Diurne;1;0;0;1;;;0;;;;;;Pedone;0;F;Ricoverato;0;NON DECEDUTO;;
3567016;13;23/11/2017 12:15:00;Strada Urbana;VIA DI SAPONARA;in prossimità;;del civico n.;2b;;Investimento di pedone;Rettilineo;Una carreggiata a doppio senso;Asciutto;Asfaltata;Assente;Sereno;Normale;Buona;Ore Diurne;1;0;0;1;;;0;1;Autovettura privata;In marcia / fermata / arresto;Daimler AG;Smart Fortwo coupè;Conducente;1991;F;Illeso;0;;Non accertato;Inesploso
3567037;17;22/11/2017 17:30:00;Strada Urbana;CIRCONVALLAZIONE CLODIA;da specificare;;;;fronte civico 68;Investimento di pedone;Rettilineo;Due carreggiate;Asciutto;Asfaltata;Verticale ed orizzontale;Nuvoloso;Intenso;Sufficiente;Sufficiente;0;0;0;2;;;0;;;;;;Pedone;1962;F;Illeso;0;;;
3567037;17;22/11/2017 17:30:00;Strada Urbana;CIRCONVALLAZIONE CLODIA;da specificare;;;;fronte civico 68;Investimento di pedone;Rettilineo;Due carreggiate;Asciutto;Asfaltata;Verticale ed orizzontale;Nuvoloso;Intenso;Sufficiente;Sufficiente;0;0;0;2;;;0;1;Autovettura privata;In marcia / fermata / arresto;Nissan;Terrano;Conducente;1961;F;Illeso;0;;;
3567060;13;20/11/2017 15:30:00;Strada Urbana;VIA PINDARO;da specificare;;;;prossimità "drive in";Scontro laterale fra veicoli in marcia;Rettilineo;Una carreggiata a doppio senso;Asciutto;Asfaltata;Orizzontale;Sereno;Intenso;Buona;Ore Diurne;0;0;0;2;12,36768;41,75638;0;1;Autovettura privata;In marcia / fermata / arresto;Citroen;C 2;Conducente;1972;F;Illeso;0;;Non accertato;Inesploso
3567060;13;20/11/2017 15:30:00;Strada Urbana;VIA PINDARO;da specificare;;;;prossimità "drive in";Scontro laterale fra veicoli in marcia;Rettilineo;Una carreggiata a doppio senso;Asciutto;Asfaltata;Orizzontale;Sereno;Intenso;Buona;Ore Diurne;0;0;0;2;12,36768;41,75638;0;1;Autovettura privata;In marcia / fermata / arresto;Citroen;C 2;Passeggero;2007;M;Illeso;0;;;
3567064;10;23/11/2017 12:45:00;;VIA APPIA NUOVA;da specificare;;;;fr. civ. 1411;Tamponamento;;;;;;;;;;0;0;0;2;;;0;1;Autovettura privata;In marcia / fermata / arresto;Nissan;QASHQAI;Conducente;1960;M;Illeso;0;;;
3567064;10;23/11/2017 12:45:00;;VIA APPIA NUOVA;da specificare;;;;fr. civ. 1411;Tamponamento;;;;;;;;;;0;0;0;2;;;0;2;Autovettura privata;In marcia / fermata / arresto;Nissan;Juke;Conducente;1986;M;Illeso;0;;;
3567099;9;23/11/2017 15:30:00;Strada Urbana;PIAZZALE METRONIO;da specificare;;;;fronte via Pannonia;Scontro laterale fra veicoli in marcia;Rotatoria;Una carreggiata a senso unico di marcia;Asciutto;Asfaltata;Verticale ed orizzontale;Sereno;Normale;Buona;Ore Diurne;0;0;0;3;;;0;1;Autovettura privata;In marcia / fermata / arresto;Alfa Romeo;Giulietta;Conducente;1981;M;Illeso;0;;Non accertato;Inesploso
3567099;9;23/11/2017 15:30:00;Strada Urbana;PIAZZALE METRONIO;da specificare;;;;fronte via Pannonia;Scontro laterale fra veicoli in marcia;Rotatoria;Una carreggiata a senso unico di marcia;Asciutto;Asfaltata;Verticale ed orizzontale;Sereno;Normale;Buona;Ore Diurne;0;0;0;3;;;0;2;Autovettura privata;In marcia / fermata / arresto;Fiat;Punto;Conducente;1943;M;Illeso;0;;Non accertato;Inesploso
3567099;9;23/11/2017 15:30:00;Strada Urbana;PIAZZALE METRONIO;da specificare;;;;fronte via Pannonia;Scontro laterale fra veicoli in marcia;Rotatoria;Una carreggiata a senso unico di marcia;Asciutto;Asfaltata;Verticale ed orizzontale;Sereno;Normale;Buona;Ore Diurne;0;0;0;3;;;0;2;Autovettura privata;In marcia / fermata / arresto;Fiat;Punto;Passeggero;1946;M;Illeso;0;;Non accertato;Inesploso
3567190;17;22/11/2017 19:30:00;Strada Urbana;VIA GREGORIO VII;da specificare;;;;sottopasso alt.za curva prima uscita  gregorio VII;Infortunio per sola frenata improvvisa;Curva a visuale libera;Una carreggiata a senso unico di marcia;Asciutto;Asfaltata;Orizzontale;Sereno;Normale;Buona;Sufficiente;1;0;0;0;;;0;1;Motociclo a solo;In marcia / fermata / arresto;Aprilia;Scarabeo;Conducente;1941;M;Rimandato;0;NON DECEDUTO;;
3567196;18;23/11/2017 09:10:00;;VIA DI BOCCEA;all'intersezione semaforizzata con;VIA MATTIA BATTISTINI;VIA MATTIA BATTISTINI;;;Scontro laterale fra veicoli in marcia;;;;;;;;;;1;0;0;0;12,37296;41,92203;0;2;Motociclo a solo;In marcia / fermata / arresto;KTM;EXC;Conducente;1997;M;Rimandato;0;NON DECEDUTO;;
3567198;10;23/11/2017 13:25:00;;VIA DEI SETTE METRI;all'intersezione con;VIA DELLA MARRANELLA DI MARINO;VIA DELLA MARRANELLA DI MARINO;;;Scontro frontale/laterale SX fra veicoli in marcia;;;;;;;;;;1;0;0;1;;;0;1;Autovettura privata;In marcia / fermata / arresto;BMW;X 1;Conducente;1966;F;Illeso;0;;;
3567198;10;23/11/2017 13:25:00;;VIA DEI SETTE METRI;all'intersezione con;VIA DELLA MARRANELLA DI MARINO;VIA DELLA MARRANELLA DI MARINO;;;Scontro frontale/laterale SX fra veicoli in marcia;;;;;;;;;;1;0;0;1;;;0;2;Motociclo a solo;In marcia / fermata / arresto;Yamaha;Majestic;Conducente;1970;M;Rimandato;0;NON DECEDUTO;;
3567201;12;21/11/2017 19:56:00;Strada Urbana;VIALE DELL'OCEANO PACIFICO;all'intersezione con;VIALE CITTA' D'EUROPA;VIALE CITTA' D'EUROPA;;;Scontro laterale fra veicoli in marcia;Incrocio;Una carreggiata a doppio senso;Asciutto;Asfaltata;Verticale ed orizzontale;Sereno;Normale;Buona;Ore Diurne;0;0;0;2;12,4592;41,82197;0;1;Autovettura privata;In marcia / fermata / arresto;Fiat;500 L;Conducente;1965;M;Illeso;0;;Utilizzato;Inesploso
3567201;12;21/11/2017 19:56:00;Strada Urbana;VIALE DELL'OCEANO PACIFICO;all'intersezione con;VIALE CITTA' D'EUROPA;VIALE CITTA' D'EUROPA;;;Scontro laterale fra veicoli in marcia;Incrocio;Una carreggiata a doppio senso;Asciutto;Asfaltata;Verticale ed orizzontale;Sereno;Normale;Buona;Ore Diurne;0;0;0;2;12,4592;41,82197;0;2;Autovettura privata;In marcia / fermata / arresto;Mini;Cooper S;Conducente;1963;M;Illeso;0;;Utilizzato;Inesploso
3567204;10;23/11/2017 10:30:00;;VIA APPIA NUOVA;in prossimità;;del civico n.;1220;;Tamponamento Multiplo;;;;;;;;;;0;0;0;3;;;0;1;Autocarro inferiore 35 q.;In marcia / fermata / arresto;Iveco;FIAT 240;Conducente;1976;M;Illeso;0;;;
3567204;10;23/11/2017 10:30:00;;VIA APPIA NUOVA;in prossimità;;del civico n.;1220;;Tamponamento Multiplo;;;;;;;;;;0;0;0;3;;;0;2;Autocarro inferiore 35 q.;In marcia / fermata / arresto; Mercedes ;Sprinter;Conducente;1969;M;Illeso;0;;;
3567204;10;23/11/2017 10:30:00;;VIA APPIA NUOVA;in prossimità;;del civico n.;1220;;Tamponamento Multiplo;;;;;;;;;;0;0;0;3;;;0;3;Autovettura privata;In marcia / fermata / arresto;Lancia;Ypsilon;Conducente;1964;M;Illeso;0;;;
3567213;13;23/11/2017 14:00:00;Strada Urbana;VIA LISIPPO;all'intersezione con;VIA IBICO;VIA IBICO;;;Scontro frontale/laterale DX fra veicoli in marcia;Incrocio;Una carreggiata a senso unico di marcia;Asciutto;Asfaltata;Verticale ed orizzontale;Sereno;Normale;Buona;Ore Diurne;0;0;0;1;12,36884;41,76613;0;1;Autovettura privata;In marcia / fermata / arresto;Fiat;Seicento;Conducente;1968;F;Illeso;0;;Non accertato;Inesploso
3567244;17;23/11/2017 14:15:00;Strada Urbana;LUNGOTEVERE MARESCIALLO CADORNA;all'intersezione con;VIA DI PRATO FALCONE;VIA DI PRATO FALCONE;;;Scontro laterale fra veicoli in marcia;Incrocio;Una carreggiata a senso unico di marcia;Asciutto;Asfaltata;Verticale ed orizzontale;Sereno;Normale;Buona;Ore Diurne;0;0;0;2;12,45859;41,92458;0;1;Autovettura privata;In marcia / fermata / arresto;BMW;525;Conducente;1983;F;Illeso;0;;;
3567244;17;23/11/2017 14:15:00;Strada Urbana;LUNGOTEVERE MARESCIALLO CADORNA;all'intersezione con;VIA DI PRATO FALCONE;VIA DI PRATO FALCONE;;;Scontro laterale fra veicoli in marcia;Incrocio;Una carreggiata a senso unico di marcia;Asciutto;Asfaltata;Verticale ed orizzontale;Sereno;Normale;Buona;Ore Diurne;0;0;0;2;12,45859;41,92458;0;2;Autocarro inferiore 35 q.;In marcia / fermata / arresto;Citroen;jumpig;Conducente;1992;F;Illeso;0;;;
3567332;12;23/11/2017 16:30:00;Regionale;VIA PONTINA;da specificare;;;;direz. G.R.A. pross. Km.11,600;Tamponamento;Rettilineo;Due carreggiate;Asciutto;Asfaltata;Verticale ed orizzontale;Sereno;Intenso;Buona;Ore Diurne;1;0;0;3;;;0;1;Autovettura privata;In marcia / fermata / arresto;BMW;118 D;Conducente;1984;M;Illeso;0;;Non accertato;Inesploso
3567332;12;23/11/2017 16:30:00;Regionale;VIA PONTINA;da specificare;;;;direz. G.R.A. pross. Km.11,600;Tamponamento;Rettilineo;Due carreggiate;Asciutto;Asfaltata;Verticale ed orizzontale;Sereno;Intenso;Buona;Ore Diurne;1;0;0;3;;;0;1;Autovettura privata;In marcia / fermata / arresto;BMW;118 D;Passeggero;1985;F;Rimandato;0;NON DECEDUTO;Non accertato;Inesploso
3567332;12;23/11/2017 16:30:00;Regionale;VIA PONTINA;da specificare;;;;direz. G.R.A. pross. Km.11,600;Tamponamento;Rettilineo;Due carreggiate;Asciutto;Asfaltata;Verticale ed orizzontale;Sereno;Intenso;Buona;Ore Diurne;1;0;0;3;;;0;1;Autovettura privata;In marcia / fermata / arresto;BMW;118 D;Passeggero;2014;F;Illeso;0;;Non accertato;Inesploso