Protocollo;Gruppo;DataOraIncidente;Localizzazione1;STRADA1;Localizzazione2;STRADA2;Strada02;Chilometrica;DaSpecificare;NaturaIncidente;particolaritastrade;TipoStrada;FondoStradale;Pavimentazione;Segnaletica;CondizioneAtmosferica;Traffico;Visibilita;Illuminazione;NUM_FERITI;NUM_RISERVATA;NUM_MORTI;NUM_ILLESI;Longitudine;Latitudine;Confermato;Progressivo;TipoVeicolo;StatoVeicolo;Marca;Modello;TipoPersona;AnnoNascita;Sesso;Tipolesione;Deceduto;DecedutoDopo;CinturaCascoUtilizzato;Airbag;
3567332;12;23/11/2017 16:30:00;Regionale;VIA PONTINA;da specificare;;;;direz. G.R.A. pross. Km.11,600;Tamponamento;Rettilineo;Due carreggiate;Asciutto;Asfaltata;Verticale ed orizzontale;Sereno;Intenso;Buona;Ore Diurne;1;0;0;3;;;0;2;Autovettura privata;In marcia / fermata / arresto;Toyota;Yaris;Conducente;1990;M;Illeso;0;;Non accertato;Inesploso
3567342;9;23/11/2017 17:25:00;Strada Urbana;VIA CENEDA;all'intersezione con;VIA ALBALONGA;VIA ALBALONGA;;;Investimento di pedone;Incrocio;Una carreggiata a senso unico di marcia;Asciutto;Asfaltata;Verticale ed orizzontale;Sereno;Normale;Sufficiente;Sufficiente;1;0;0;1;;;0;;;;;;Pedone;0;F;Rimandato;0;NON DECEDUTO;;
3567342;9;23/11/2017 17:25:00;Strada Urbana;VIA CENEDA;all'intersezione con;VIA ALBALONGA;VIA ALBALONGA;;;Investimento di pedone;Incrocio;Una carreggiata a senso unico di marcia;Asciutto;Asfaltata;Verticale ed orizzontale;Sereno;Normale;Sufficiente;Sufficiente;1;0;0;1;;;0;1;Autovettura privata;In marcia / fermata / arresto;Toyota;Yaris;Conducente;1979;F;Illeso;0;;Non accertato;Inesploso
3567348;10;23/11/2017 13:30:00;Strada Urbana;VIA PONZIO COMINIO;in corrispondenza;;del civico n.;23;;Veicoli in marcia contro veicolo fermo;Rettilineo;Due carreggiate;Asciutto;Asfaltata;Orizzontale;Sereno;Normale;Buona;Ore Diurne;0;0;0;4;;;0;1;Autovettura privata;In marcia / fermata / arresto;Renault;Clio;Conducente;1964;M;Illeso;0;;;
3567348;10;23/11/2017 13:30:00;Strada Urbana;VIA PONZIO COMINIO;in corrispondenza;;del civico n.;23;;Veicoli in marcia contro veicolo fermo;Rettilineo;Due carreggiate;Asciutto;Asfaltata;Orizzontale;Sereno;Normale;Buona;Ore Diurne;0;0;0;4;;;0;1;Autovettura privata;In marcia / fermata / arresto;Renault;Clio;Passeggero;1968;F;Illeso;0;;Non accertato;Inesploso
3567348;10;23/11/2017 13:30:00;Strada Urbana;VIA PONZIO COMINIO;in corrispondenza;;del civico n.;23;;Veicoli in marcia contro veicolo fermo;Rettilineo;Due carreggiate;Asciutto;Asfaltata;Orizzontale;Sereno;Normale;Buona;Ore Diurne;0;0;0;4;;;0;2;Autovettura privata;In marcia / fermata / arresto;Toyota;Aygo;Conducente;1992;F;Illeso;0;;;
3567348;10;23/11/2017 13:30:00;Strada Urbana;VIA PONZIO COMINIO;in corrispondenza;;del civico n.;23;;Veicoli in marcia contro veicolo fermo;Rettilineo;Due carreggiate;Asciutto;Asfaltata;Orizzontale;Sereno;Normale;Buona;Ore Diurne;0;0;0;4;;;0;3;Autovettura privata;In marcia / fermata / arresto;Nissan;Micra;Conducente;1963;F;Illeso;0;;;
3567394;7;23/11/2017 17:15:00;Strada Urbana;VIALE PALMIRO TOGLIATTI;da specificare;;;;100 metri prima di via FILOMUSI GUELFI;Scontro laterale fra veicoli in marcia;Rettilineo;Due carreggiate;Asciutto;Asfaltata;Verticale ed orizzontale;Nuvoloso;Intenso;Sufficiente;Sufficiente;0;0;0;1;12,57334;41,88718;0;2;Autovettura privata;In marcia / fermata / arresto;Ford;Focus;Conducente;1975;F;Illeso;0;;Non accertato;Inesploso
3567403;12;22/11/2017 12:40:00;Strada Urbana;PIAZZALE PIER LUIGI NERVI;da specificare;;;;prox palo Acea 12;Scontro frontale/laterale DX fra veicoli in marcia;Rettilineo;Una carreggiata a senso unico di marcia;Asciutto;Asfaltata;Verticale ed orizzontale;Sereno;Scarso;Buona;Ore Diurne;0;0;0;2;12,4658;41,82426;0;1;Autovettura privata;In marcia / fermata / arresto;Alfa Romeo;MITO;Conducente;1954;M;Illeso;0;;Utilizzato;Inesploso
3567403;12;22/11/2017 12:40:00;Strada Urbana;PIAZZALE PIER LUIGI NERVI;da specificare;;;;prox palo Acea 12;Scontro frontale/laterale DX fra veicoli in marcia;Rettilineo;Una carreggiata a senso unico di marcia;Asciutto;Asfaltata;Verticale ed orizzontale;Sereno;Scarso;Buona;Ore Diurne;0;0;0;2;12,4658;41,82426;0;2;Autovettura privata;In marcia / fermata / arresto;Ford;Fiesta;Conducente;1966;F;Illeso;0;;Utilizzato;Inesploso
3567418;5;23/11/2017 17:15:00;Strada Urbana;VIA TIBURTINA;da specificare;;;;prossimità rotatoria via Rubellia;Investimento di pedone;Rettilineo;Due carreggiate;Asciutto;Asfaltata;Verticale ed orizzontale;Sereno;Normale;Sufficiente;Sufficiente;1;0;0;0;;;0;;;;;;Pedone;1967;M;Rimandato;0;NON DECEDUTO;;
3567429;6;23/11/2017 17:25:00;;VIA DELLA MARRANELLA;all'intersezione con;VIA BARTOLOMEO PERESTRELLO;VIA BARTOLOMEO PERESTRELLO;;;Scontro frontale/laterale DX fra veicoli in marcia;;;;;;;;;;0;0;0;3;;;0;1;Motociclo a solo;In marcia / fermata / arresto;Ducati;Scrambler;Conducente;1978;M;Illeso;0;;;
3567429;6;23/11/2017 17:25:00;;VIA DELLA MARRANELLA;all'intersezione con;VIA BARTOLOMEO PERESTRELLO;VIA BARTOLOMEO PERESTRELLO;;;Scontro frontale/laterale DX fra veicoli in marcia;;;;;;;;;;0;0;0;3;;;0;2;Autovettura privata;In marcia / fermata / arresto;Fiat;Punto;Conducente;1982;M;Illeso;0;;;
3567429;6;23/11/2017 17:25:00;;VIA DELLA MARRANELLA;all'intersezione con;VIA BARTOLOMEO PERESTRELLO;VIA BARTOLOMEO PERESTRELLO;;;Scontro frontale/laterale DX fra veicoli in marcia;;;;;;;;;;0;0;0;3;;;0;2;Autovettura privata;In marcia / fermata / arresto;Fiat;Punto;Passeggero;1998;F;Illeso;0;;;
3567435;6;23/11/2017 18:25:00;Strada Urbana;VIA DI ACQUA BULLICANTE;in corrispondenza;;del civico n.;6;;Veicolo in marcia contro veicolo arresto;Rettilineo;Una carreggiata a doppio senso;Asciutto;Asfaltata;Verticale ed orizzontale;Sereno;Normale;Sufficiente;Sufficiente;0;0;0;3;12,5427;41,88077;-1;1;Autovettura privata;In marcia / fermata / arresto;Ford;Fiesta;Conducente;1962;M;Illeso;0;;Non accertato;Inesploso
3567435;6;23/11/2017 18:25:00;Strada Urbana;VIA DI ACQUA BULLICANTE;in corrispondenza;;del civico n.;6;;Veicolo in marcia contro veicolo arresto;Rettilineo;Una carreggiata a doppio senso;Asciutto;Asfaltata;Verticale ed orizzontale;Sereno;Normale;Sufficiente;Sufficiente;0;0;0;3;12,5427;41,88077;-1;1;Autovettura privata;In marcia / fermata / arresto;Ford;Fiesta;Passeggero;2000;M;Illeso;0;;Non accertato;Inesploso
3567435;6;23/11/2017 18:25:00;Strada Urbana;VIA DI ACQUA BULLICANTE;in corrispondenza;;del civico n.;6;;Veicolo in marcia contro veicolo arresto;Rettilineo;Una carreggiata a doppio senso;Asciutto;Asfaltata;Verticale ed orizzontale;Sereno;Normale;Sufficiente;Sufficiente;0;0;0;3;12,5427;41,88077;-1;2;Autovettura privata;In marcia / fermata / arresto;Mini;Cooper;Conducente;1988;M;Illeso;0;;Non accertato;Inesploso
3567568;15;23/11/2017 18:50:00;;VIALE ISACCO NEWTON;da specificare;;;;100 mt dopo rampa imm.ne Via Portuense;Scontro laterale fra veicoli in marcia;;;;;;;;;;1;0;0;5;;;0;1;Motociclo a solo;In marcia / fermata / arresto;Suzuki;(non accertato);Conducente;0;M;Rifiuta cure immediate;0;NON DECEDUTO;;
3567568;15;23/11/2017 18:50:00;;VIALE ISACCO NEWTON;da specificare;;;;100 mt dopo rampa imm.ne Via Portuense;Scontro laterale fra veicoli in marcia;;;;;;;;;;1;0;0;5;;;0;2;Autocarro inferiore 35 q.;In marcia / fermata / arresto;Fiat;Doblo';Conducente;0;F;Illeso;0;;;
3567568;15;23/11/2017 18:50:00;;VIALE ISACCO NEWTON;da specificare;;;;100 mt dopo rampa imm.ne Via Portuense;Scontro laterale fra veicoli in marcia;;;;;;;;;;1;0;0;5;;;0;2;Autocarro inferiore 35 q.;In marcia / fermata / arresto;Fiat;Doblo';Passeggero;0;F;Illeso;0;;;
3567568;15;23/11/2017 18:50:00;;VIALE ISACCO NEWTON;da specificare;;;;100 mt dopo rampa imm.ne Via Portuense;Scontro laterale fra veicoli in marcia;;;;;;;;;;1;0;0;5;;;0;3;Autovettura privata;In marcia / fermata / arresto;Volkswagen;Lupo;Conducente;0;M;Illeso;0;;;
3567568;15;23/11/2017 18:50:00;;VIALE ISACCO NEWTON;da specificare;;;;100 mt dopo rampa imm.ne Via Portuense;Scontro laterale fra veicoli in marcia;;;;;;;;;;1;0;0;5;;;0;3;Autovettura privata;In marcia / fermata / arresto;Volkswagen;Lupo;Passeggero;0;M;Illeso;0;;;
3567568;15;23/11/2017 18:50:00;;VIALE ISACCO NEWTON;da specificare;;;;100 mt dopo rampa imm.ne Via Portuense;Scontro laterale fra veicoli in marcia;;;;;;;;;;1;0;0;5;;;0;4;Autovettura privata;In marcia / fermata / arresto;Mini;One;Conducente;0;F;Illeso;0;;;
3567573;15;23/11/2017 18:55:00;;VIALE ISACCO NEWTON;da specificare;;;;altezza rampa uscita centro Via Portuense ;Veicolo in marcia contro ostacolo accidentale;;;;;;;;;;0;0;0;1;;;0;1;Autovettura privata;In marcia / fermata / arresto;Toyota;Yaris;Conducente;0;M;Illeso;0;;;
3567775;11;23/11/2017 11:20:00;Strada Urbana;VIA ARDEATINA;da specificare;;;;altezza palo ACEA 138;Scontro laterale fra veicoli in marcia;Rettilineo;Una carreggiata a senso unico di marcia;Asciutto;Asfaltata;Verticale ed orizzontale;Sereno;Normale;Buona;Ore Diurne;0;0;0;3;12,518;41,82694;0;1;Autovettura privata;In marcia / fermata / arresto;Volkswagen;Passat;Conducente;1974;F;Illeso;0;;Non accertato;
3567775;11;23/11/2017 11:20:00;Strada Urbana;VIA ARDEATINA;da specificare;;;;altezza palo ACEA 138;Scontro laterale fra veicoli in marcia;Rettilineo;Una carreggiata a senso unico di marcia;Asciutto;Asfaltata;Verticale ed orizzontale;Sereno;Normale;Buona;Ore Diurne;0;0;0;3;12,518;41,82694;0;2;Autovettura privata;In marcia / fermata / arresto;Nissan;X Trail;Conducente;1951;M;Illeso;0;;Non accertato;
3567775;11;23/11/2017 11:20:00;Strada Urbana;VIA ARDEATINA;da specificare;;;;altezza palo ACEA 138;Scontro laterale fra veicoli in marcia;Rettilineo;Una carreggiata a senso unico di marcia;Asciutto;Asfaltata;Verticale ed orizzontale;Sereno;Normale;Buona;Ore Diurne;0;0;0;3;12,518;41,82694;0;2;Autovettura privata;In marcia / fermata / arresto;Nissan;X Trail;Passeggero;1949;F;Illeso;0;;Non accertato;
3567784;8;23/11/2017 08:10:00;Strada Urbana;VIA DI TOR BELLA MONACA;in prossimità;;del palo luce n.;77;;Veicolo in marcia contro veicolo fermo;Rettilineo;Due carreggiate;Asciutto;Asfaltata;Verticale ed orizzontale;Sereno;Normale;Buona;Ore Diurne;0;0;0;3;12,62375;41,87848;-1;1;Autovettura privata;In marcia / fermata / arresto;Fiat;Punto;Conducente;1967;M;Illeso;0;;Non accertato;Inesploso
3567784;8;23/11/2017 08:10:00;Strada Urbana;VIA DI TOR BELLA MONACA;in prossimità;;del palo luce n.;77;;Veicolo in marcia contro veicolo fermo;Rettilineo;Due carreggiate;Asciutto;Asfaltata;Verticale ed orizzontale;Sereno;Normale;Buona;Ore Diurne;0;0;0;3;12,62375;41,87848;-1;1;Autovettura privata;In marcia / fermata / arresto;Fiat;Punto;Passeggero;2007;M;Illeso;0;;Non accertato;Inesploso
3567784;8;23/11/2017 08:10:00;Strada Urbana;VIA DI TOR BELLA MONACA;in prossimità;;del palo luce n.;77;;Veicolo in marcia contro veicolo fermo;Rettilineo;Due carreggiate;Asciutto;Asfaltata;Verticale ed orizzontale;Sereno;Normale;Buona;Ore Diurne;0;0;0;3;12,62375;41,87848;-1;2;Autovettura privata;In marcia / fermata / arresto;Opel;Corsa;Conducente;1988;M;Illeso;0;;Non accertato;Inesploso
3567788;7;23/11/2017 07:40:00;Strada Urbana;VIA PRENESTINA;all'intersezione con;VIA DEL MAGGIOLINO;VIA DEL MAGGIOLINO;;;Tamponamento;Incrocio;Una carreggiata a doppio senso;Asciutto;Asfaltata;Verticale ed orizzontale;Nuvoloso;Intenso;Buona;Ore Diurne;0;0;0;2;12,61059;41,89346;0;1;Autovettura privata;In marcia / fermata / arresto;Opel;Mokka;Conducente;1946;M;Illeso;0;;;
3567788;7;23/11/2017 07:40:00;Strada Urbana;VIA PRENESTINA;all'intersezione con;VIA DEL MAGGIOLINO;VIA DEL MAGGIOLINO;;;Tamponamento;Incrocio;Una carreggiata a doppio senso;Asciutto;Asfaltata;Verticale ed orizzontale;Nuvoloso;Intenso;Buona;Ore Diurne;0;0;0;2;12,61059;41,89346;0;2;Autovettura privata;In marcia / fermata / arresto;Citroen;C3;Conducente;1987;M;Illeso;0;;;
3567789;8;23/11/2017 19:30:00;Strada Urbana;VIA CASILINA;da specificare;;;;alt. Via Massa Calciana;Scontro laterale fra veicoli in marcia;Rettilineo;Una carreggiata a doppio senso;Asciutto;Asfaltata;Verticale ed orizzontale;Sereno;Normale;Buona;Sufficiente;0;0;0;2;12,61123;41,86364;-1;1;Autovettura privata;In marcia / fermata / arresto;Renault;4;Conducente;1955;M;Illeso;0;;Non accertato;
3567789;8;23/11/2017 19:30:00;Strada Urbana;VIA CASILINA;da specificare;;;;alt. Via Massa Calciana;Scontro laterale fra veicoli in marcia;Rettilineo;Una carreggiata a doppio senso;Asciutto;Asfaltata;Verticale ed orizzontale;Sereno;Normale;Buona;Sufficiente;0;0;0;2;12,61123;41,86364;-1;2;Autovettura privata;In marcia / fermata / arresto;Mercedes;Smart Fortwo;Conducente;1950;M;Illeso;0;;Non accertato;
3567793;9;23/11/2017 17:45:00;;PIAZZA MONTECASTRILLI;all'intersezione con;VIA DELLA MARRANA;VIA DELLA MARRANA;;;Scontro frontale/laterale DX fra veicoli in marcia;;;;;;;;;;1;0;0;1;;;0;1;Autovettura privata;In marcia / fermata / arresto;Opel;Meriva;Conducente;1969;M;Illeso;0;;;
3567793;9;23/11/2017 17:45:00;;PIAZZA MONTECASTRILLI;all'intersezione con;VIA DELLA MARRANA;VIA DELLA MARRANA;;;Scontro frontale/laterale DX fra veicoli in marcia;;;;;;;;;;1;0;0;1;;;0;2;Motociclo a solo;In marcia / fermata / arresto;Cbr;(ignoto);Conducente;1967;F;Rimandato;0;NON DECEDUTO;;
3567794;8;23/11/2017 07:55:00;;VIA CASILINA;in prossimità;;del palo luce n.;823;;Scontro laterale fra veicoli in marcia;;;;;;;;;;0;0;0;4;;;0;1;Autovettura privata;In marcia / fermata / arresto;Dacia;Duster;Conducente;1982;F;Illeso;0;;;
3567794;8;23/11/2017 07:55:00;;VIA CASILINA;in prossimità;;del palo luce n.;823;;Scontro laterale fra veicoli in marcia;;;;;;;;;;0;0;0;4;;;0;1;Autovettura privata;In marcia / fermata / arresto;Dacia;Duster;Passeggero;2008;M;Illeso;0;;;
3567794;8;23/11/2017 07:55:00;;VIA CASILINA;in prossimità;;del palo luce n.;823;;Scontro laterale fra veicoli in marcia;;;;;;;;;;0;0;0;4;;;0;1;Autovettura privata;In marcia / fermata / arresto;Dacia;Duster;Passeggero;2013;M;Illeso;0;;;
3567794;8;23/11/2017 07:55:00;;VIA CASILINA;in prossimità;;del palo luce n.;823;;Scontro laterale fra veicoli in marcia;;;;;;;;;;0;0;0;4;;;0;2;Autocarro inferiore 35 q.;In marcia / fermata / arresto;Iveco;Magirus;Conducente;1966;M;Illeso;0;;;
3567795;13;23/11/2017 07:45:00;Strada Urbana;VIA POSIDIPPO;all'intersezione con;VIA DI ACILIA;VIA DI ACILIA;;;Scontro frontale/laterale DX fra veicoli in marcia;;Una carreggiata a doppio senso;Asciutto;Asfaltata;Assente;Sereno;Normale;Buona;Ore Diurne;0;0;0;4;12,36423;41,78105;0;1;Autovettura privata;In marcia / fermata / arresto;BMW;X3;Conducente;1954;M;Illeso;0;;Non accertato;Inesploso
3567795;13;23/11/2017 07:45:00;Strada Urbana;VIA POSIDIPPO;all'intersezione con;VIA DI ACILIA;VIA DI ACILIA;;;Scontro frontale/laterale DX fra veicoli in marcia;;Una carreggiata a doppio senso;Asciutto;Asfaltata;Assente;Sereno;Normale;Buona;Ore Diurne;0;0;0;4;12,36423;41,78105;0;2;Autovettura privata;In marcia / fermata / arresto;Ford;Focus;Conducente;1976;F;Illeso;0;;Non accertato;Inesploso
3567795;13;23/11/2017 07:45:00;Strada Urbana;VIA POSIDIPPO;all'intersezione con;VIA DI ACILIA;VIA DI ACILIA;;;Scontro frontale/laterale DX fra veicoli in marcia;;Una carreggiata a doppio senso;Asciutto;Asfaltata;Assente;Sereno;Normale;Buona;Ore Diurne;0;0;0;4;12,36423;41,78105;0;2;Autovettura privata;In marcia / fermata / arresto;Ford;Focus;Passeggero;2005;F;Illeso;0;;Non accertato;Inesploso
3567795;13;23/11/2017 07:45:00;Strada Urbana;VIA POSIDIPPO;all'intersezione con;VIA DI ACILIA;VIA DI ACILIA;;;Scontro frontale/laterale DX fra veicoli in marcia;;Una carreggiata a doppio senso;Asciutto;Asfaltata;Assente;Sereno;Normale;Buona;Ore Diurne;0;0;0;4;12,36423;41,78105;0;2;Autovettura privata;In marcia / fermata / arresto;Ford;Focus;Passeggero;2009;M;Illeso;0;;Non accertato;Inesploso
3567797;10;23/11/2017 18:00:00;Strada Urbana;VIA LUCREZIA ROMANA;all'intersezione con;CIRCONVALLAZIONE ORIENTALE;CIRCONVALLAZIONE ORIENTALE;;;Scontro laterale fra veicoli in marcia;Incrocio;Una carreggiata a senso unico di marcia;Asciutto;Asfaltata;Verticale;Sereno;Normale;Buona;Ore Diurne;0;0;0;2;;;0;1;Autovettura privata;In marcia / fermata / arresto;Volkswagen;Polo;Conducente;1997;M;Illeso;0;;;
3567797;10;23/11/2017 18:00:00;Strada Urbana;VIA LUCREZIA ROMANA;all'intersezione con;CIRCONVALLAZIONE ORIENTALE;CIRCONVALLAZIONE ORIENTALE;;;Scontro laterale fra veicoli in marcia;Incrocio;Una carreggiata a senso unico di marcia;Asciutto;Asfaltata;Verticale;Sereno;Normale;Buona;Ore Diurne;0;0;0;2;;;0;2;Autovettura privata;In marcia / fermata / arresto;Ford;C - MAX;Conducente;1977;M;Illeso;0;;Non accertato;Inesploso
3567801;8;23/11/2017 12:55:00;;VIA DI TORRENOVA;in prossimità;;del civico n.;65/C;;Scontro laterale fra veicoli in marcia;;;;;;;;;;0;0;0;2;;;0;1;Veicolo speciale;In marcia / fermata / arresto;Scania;(non accertato);Conducente;1976;M;Illeso;0;;;
3567801;8;23/11/2017 12:55:00;;VIA DI TORRENOVA;in prossimità;;del civico n.;65/C;;Scontro laterale fra veicoli in marcia;;;;;;;;;;0;0;0;2;;;0;2;Autovettura privata;In marcia / fermata / arresto;Fiat;500;Conducente;1996;F;Illeso;0;;;
3567804;6;23/11/2017 21:30:00;Strada Urbana;VIA TOR DE' SCHIAVI;in prossimità;;del civico n.;263;;Scontro laterale fra veicoli in marcia;Rettilineo;Due carreggiate;Asciutto;Asfaltata;Assente;Sereno;Scarso;Sufficiente;Sufficiente;0;0;0;1;;;0;1;Autovettura privata;In marcia / fermata / arresto;Renault;Twingo;Conducente;1978;M;Illeso;0;;Non accertato;Inesploso
3567810;8;23/11/2017 17:40:00;;VIA WALTER TOBAGI;da specificare;;;;alt. Via G. Ginanni;Tamponamento Multiplo;;;;;;;;;;0;0;0;3;;;0;1;Autovettura privata;In marcia / fermata / arresto;Daewoo;Matiz;Conducente;1977;;Illeso;0;;;
3567810;8;23/11/2017 17:40:00;;VIA WALTER TOBAGI;da specificare;;;;alt. Via G. Ginanni;Tamponamento Multiplo;;;;;;;;;;0;0;0;3;;;0;2;Autovettura privata;In marcia / fermata / arresto;Lancia;Ypsilon;Conducente;1960;;Illeso;0;;;
3567810;8;23/11/2017 17:40:00;;VIA WALTER TOBAGI;da specificare;;;;alt. Via G. Ginanni;Tamponamento Multiplo;;;;;;;;;;0;0;0;3;;;0;3;Autovettura privata;In marcia / fermata / arresto;Ford;Focus;Conducente;1961;M;Illeso;0;;Non accertato;
3567812;11;23/11/2017 09:35:00;Strada Urbana;VIA BALDASSARRE CASTIGLIONE;da specificare;;;;prossimità Viale Pico della Mirandola;Tamponamento Multiplo;Rettilineo;Una carreggiata a doppio senso;Asciutto;Asfaltata;Verticale ed orizzontale;Sereno;Normale;Buona;Ore Diurne;1;0;0;2;12,48428;41,84478;0;1;Autovettura privata;In marcia / fermata / arresto;Renault;Clio;Conducente;1943;F;Illeso;0;;;
3567812;11;23/11/2017 09:35:00;Strada Urbana;VIA BALDASSARRE CASTIGLIONE;da specificare;;;;prossimità Viale Pico della Mirandola;Tamponamento Multiplo;Rettilineo;Una carreggiata a doppio senso;Asciutto;Asfaltata;Verticale ed orizzontale;Sereno;Normale;Buona;Ore Diurne;1;0;0;2;12,48428;41,84478;0;2;Autovettura privata;In marcia / fermata / arresto;Volkswagen;Passat;Conducente;1936;M;Illeso;0;;;
3567812;11;23/11/2017 09:35:00;Strada Urbana;VIA BALDASSARRE CASTIGLIONE;da specificare;;;;prossimità Viale Pico della Mirandola;Tamponamento Multiplo;Rettilineo;Una carreggiata a doppio senso;Asciutto;Asfaltata;Verticale ed orizzontale;Sereno;Normale;Buona;Ore Diurne;1;0;0;2;12,48428;41,84478;0;3;Autovettura privata;In marcia / fermata / arresto;Mercedes;Smart Fortwo Coupè;Conducente;1987;F;Rifiuta cure immediate;0;NON DECEDUTO;;
3567813;8;23/11/2017 13:18:00;;VIALE DEI ROMANISTI;all'intersezione semaforizzata con;VIA DI TORRE SPACCATA;VIA DI TORRE SPACCATA;;;Scontro frontale/laterale SX fra veicoli in marcia;;;;;;;;;;2;0;0;2;;;0;1;Autovettura privata;In marcia / fermata / arresto;Alfa Romeo;Giulietta;Conducente;1996;F;Rimandato;0;NON DECEDUTO;Non accertato;Esploso
3567813;8;23/11/2017 13:18:00;;VIALE DEI ROMANISTI;all'intersezione semaforizzata con;VIA DI TORRE SPACCATA;VIA DI TORRE SPACCATA;;;Scontro frontale/laterale SX fra veicoli in marcia;;;;;;;;;;2;0;0;2;;;0;2;Autoambulanza;In marcia / fermata / arresto;Fiat;ARICART;Conducente;1957;M;Illeso;0;;Non accertato;Inesploso
3567813;8;23/11/2017 13:18:00;;VIALE DEI ROMANISTI;all'intersezione semaforizzata con;VIA DI TORRE SPACCATA;VIA DI TORRE SPACCATA;;;Scontro frontale/laterale SX fra veicoli in marcia;;;;;;;;;;2;0;0;2;;;0;2;Autoambulanza;In marcia / fermata / arresto;Fiat;ARICART;Passeggero;0;M;Rimandato;0;NON DECEDUTO;;
3567813;8;23/11/2017 13:18:00;;VIALE DEI ROMANISTI;all'intersezione semaforizzata con;VIA DI TORRE SPACCATA;VIA DI TORRE SPACCATA;;;Scontro frontale/laterale SX fra veicoli in marcia;;;;;;;;;;2;0;0;2;;;0;2;Autoambulanza;In marcia / fermata / arresto;Fiat;ARICART;Passeggero;1969;M;Illeso;0;;Non accertato;Inesploso
3567815;7;23/11/2017 10:25:00;Strada Urbana;VIALE DELLA PRIMAVERA;in corrispondenza;;del civico n.;20;;Scontro laterale fra veicoli in marcia;Rettilineo;Due carreggiate;Asciutto;Asfaltata;Verticale ed orizzontale;Sereno;Normale;Buona;Ore Diurne;0;0;0;3;12,56107;41,88673;0;1;Autovettura privata;In marcia / fermata / arresto;Opel;Corsa;Conducente;1990;M;Illeso;0;;;
3567815;7;23/11/2017 10:25:00;Strada Urbana;VIALE DELLA PRIMAVERA;in corrispondenza;;del civico n.;20;;Scontro laterale fra veicoli in marcia;Rettilineo;Due carreggiate;Asciutto;Asfaltata;Verticale ed orizzontale;Sereno;Normale;Buona;Ore Diurne;0;0;0;3;12,56107;41,88673;0;2;Autovettura privata;In marcia / fermata / arresto;Nissan;Micra;Conducente;1964;M;Illeso;0;;;
3567815;7;23/11/2017 10:25:00;Strada Urbana;VIALE DELLA PRIMAVERA;in corrispondenza;;del civico n.;20;;Scontro laterale fra veicoli in marcia;Rettilineo;Due carreggiate;Asciutto;Asfaltata;Verticale ed orizzontale;Sereno;Normale;Buona;Ore Diurne;0;0;0;3;12,56107;41,88673;0;2;Autovettura privata;In marcia / fermata / arresto;Nissan;Micra;Passeggero;1935;F;Illeso;0;;;
3567816;8;23/11/2017 13:30:00;;VIA CASILINA;da specificare;;;;alt. Via Licata;Tamponamento;;;;;;;;;;4;0;0;0;;;0;1;Autovettura privata;In marcia / fermata / arresto;Smart ;FORTWO;Conducente;1973;M;Rifiuta cure immediate;0;NON DECEDUTO;Non accertato;Esploso
3567816;8;23/11/2017 13:30:00;;VIA CASILINA;da specificare;;;;alt. Via Licata;Tamponamento;;;;;;;;;;4;0;0;0;;;0;2;Autovettura privata;In marcia / fermata / arresto;Ford;Fiesta;Conducente;1986;M;Rimandato;0;NON DECEDUTO;Non accertato;Inesploso
3567816;8;23/11/2017 13:30:00;;VIA CASILINA;da specificare;;;;alt. Via Licata;Tamponamento;;;;;;;;;;4;0;0;0;;;0;2;Autovettura privata;In marcia / fermata / arresto;Ford;Fiesta;Passeggero;1984;M;Rimandato;0;NON DECEDUTO;Non accertato;Inesploso
3567816;8;23/11/2017 13:30:00;;VIA CASILINA;da specificare;;;;alt. Via Licata;Tamponamento;;;;;;;;;;4;0;0;0;;;0;2;Autovettura privata;In marcia / fermata / arresto;Ford;Fiesta;Passeggero;1989;M;Rifiuta cure immediate;0;NON DECEDUTO;Non accertato;Inesploso
3567818;4;23/11/2017 08:20:00;;VIALE JONIO;da specificare;;;;altezza via SCARPANTO;Scontro frontale/laterale DX fra veicoli in marcia;;;;;;;;;;0;0;0;2;;;0;1;Autovettura privata;In marcia / fermata / arresto;Mercedes;Smart;Conducente;1978;F;Illeso;0;;Non accertato;
3567818;4;23/11/2017 08:20:00;;VIALE JONIO;da specificare;;;;altezza via SCARPANTO;Scontro frontale/laterale DX fra veicoli in marcia;;;;;;;;;;0;0;0;2;;;0;2;Motociclo a solo;In marcia / fermata / arresto;Yamaha;T MAX;Conducente;1947;M;Illeso;0;;Non accertato;
3567821;4;23/11/2017 11:10:00;Strada Urbana;VIALE JONIO;in corrispondenza;;del civico n.;53;;Scontro frontale/laterale DX fra veicoli in marcia;Rettilineo;Due carreggiate;Asciutto;Asfaltata;Verticale ed orizzontale;Sereno;Normale;Buona;Ore Diurne;0;0;0;2;;;0;1;Autovettura privata;In marcia / fermata / arresto;Mercedes;Smart For Two;Conducente;1959;M;Illeso;0;;;
3567821;4;23/11/2017 11:10:00;Strada Urbana;VIALE JONIO;in corrispondenza;;del civico n.;53;;Scontro frontale/laterale DX fra veicoli in marcia;Rettilineo;Due carreggiate;Asciutto;Asfaltata;Verticale ed orizzontale;Sereno;Normale;Buona;Ore Diurne;0;0;0;2;;;0;2;Autovettura privata;In marcia / fermata / arresto;Hyundai;i 20;Conducente;1951;F;Illeso;0;;;
3567827;9;23/11/2017 21:10:00;;VIA TUSCOLANA;all'intersezione semaforizzata con;VIALE FURIO CAMILLO;VIALE FURIO CAMILLO;;;Scontro frontale/laterale SX fra veicoli in marcia;;;;;;;;;;0;0;0;2;;;0;1;Autovettura privata;In marcia / fermata / arresto;Alfa Romeo;147;Conducente;1964;M;Illeso;0;;;