Protocollo;Gruppo;DataOraIncidente;Localizzazione1;STRADA1;Localizzazione2;STRADA2;Strada02;Chilometrica;DaSpecificare;NaturaIncidente;particolaritastrade;TipoStrada;FondoStradale;Pavimentazione;Segnaletica;CondizioneAtmosferica;Traffico;Visibilita;Illuminazione;NUM_FERITI;NUM_RISERVATA;NUM_MORTI;NUM_ILLESI;Longitudine;Latitudine;Confermato;Progressivo;TipoVeicolo;StatoVeicolo;Marca;Modello;TipoPersona;AnnoNascita;Sesso;Tipolesione;Deceduto;DecedutoDopo;CinturaCascoUtilizzato;Airbag;
3568074;19;23/11/2017 12:00:00;;VIA FEDERICO BORROMEO;da specificare;;;;fronte civico 28;Tamponamento Multiplo;;;;;;;;;;3;0;0;2;;;0;2;Autovettura privata;In marcia / fermata / arresto;Ford;Fiesta;Conducente;1985;F;Rimandato;0;NON DECEDUTO;;
3568074;19;23/11/2017 12:00:00;;VIA FEDERICO BORROMEO;da specificare;;;;fronte civico 28;Tamponamento Multiplo;;;;;;;;;;3;0;0;2;;;0;2;Autovettura privata;In marcia / fermata / arresto;Ford;Fiesta;Passeggero;2005;F;Rimandato;0;NON DECEDUTO;Non accertato;
3568074;19;23/11/2017 12:00:00;;VIA FEDERICO BORROMEO;da specificare;;;;fronte civico 28;Tamponamento Multiplo;;;;;;;;;;3;0;0;2;;;0;2;Autovettura privata;In marcia / fermata / arresto;Ford;Fiesta;Passeggero;2009;F;Rimandato;0;NON DECEDUTO;Non accertato;
3568074;19;23/11/2017 12:00:00;;VIA FEDERICO BORROMEO;da specificare;;;;fronte civico 28;Tamponamento Multiplo;;;;;;;;;;3;0;0;2;;;0;3;Autovettura privata;In marcia / fermata / arresto;Renault;Twingo;Conducente;1958;F;Illeso;0;;Non accertato;
3568082;1;23/11/2017 18:40:00;Strada Urbana;VIA DEL PLEBISCITO;in corrispondenza;;del civico n.;101;;Scontro frontale/laterale DX fra veicoli in marcia;Rettilineo;Una carreggiata a senso unico di marcia;Asciutto;Asfaltata;Orizzontale;Sereno;Intenso;Buona;Sufficiente;1;0;0;1;;;0;1;Autovettura privata;In marcia / fermata / arresto;Smart ;-;Conducente;1967;M;Rifiuta cure immediate;0;NON DECEDUTO;;
3568082;1;23/11/2017 18:40:00;Strada Urbana;VIA DEL PLEBISCITO;in corrispondenza;;del civico n.;101;;Scontro frontale/laterale DX fra veicoli in marcia;Rettilineo;Una carreggiata a senso unico di marcia;Asciutto;Asfaltata;Orizzontale;Sereno;Intenso;Buona;Sufficiente;1;0;0;1;;;0;2;Motociclo a solo;In marcia / fermata / arresto;Suzuki;SIXTEEN;Conducente;1969;F;Illeso;0;;;
3568083;3;23/11/2017 09:00:00;Strada Urbana;PIAZZALE DEL VERANO;in prossimità;;del civico n.;36;;Scontro laterale fra veicoli in marcia;Rotatoria;Una carreggiata a senso unico di marcia;Asciutto;Asfaltata;Verticale ed orizzontale;Sereno;Normale;Buona;Ore Diurne;0;0;0;3;;;0;1;Autovettura privata;In marcia / fermata / arresto;Fiat;500;Conducente;1981;M;Illeso;0;;Non accertato;Inesploso
3568083;3;23/11/2017 09:00:00;Strada Urbana;PIAZZALE DEL VERANO;in prossimità;;del civico n.;36;;Scontro laterale fra veicoli in marcia;Rotatoria;Una carreggiata a senso unico di marcia;Asciutto;Asfaltata;Verticale ed orizzontale;Sereno;Normale;Buona;Ore Diurne;0;0;0;3;;;0;2;Autovettura privata;In marcia / fermata / arresto;Toyota;Yaris;Conducente;1983;M;Illeso;0;;Non accertato;Inesploso
3568083;3;23/11/2017 09:00:00;Strada Urbana;PIAZZALE DEL VERANO;in prossimità;;del civico n.;36;;Scontro laterale fra veicoli in marcia;Rotatoria;Una carreggiata a senso unico di marcia;Asciutto;Asfaltata;Verticale ed orizzontale;Sereno;Normale;Buona;Ore Diurne;0;0;0;3;;;0;2;Autovettura privata;In marcia / fermata / arresto;Toyota;Yaris;Passeggero;1959;M;Illeso;0;;Non accertato;Inesploso
3568098;3;23/11/2017 08:00:00;;VIA DELLA LEGA LOMBARDA;all'intersezione semaforizzata con;VIA ARDUINO;VIA ARDUINO;;;Veicolo in marcia contro veicolo in sosta;;;;;;;;;;1;0;0;0;;;0;1;Motociclo a solo;In marcia / fermata / arresto;Kymco;Agility 125;Conducente;1999;M;Rifiuta cure immediate;0;NON DECEDUTO;;
3568131;12;24/11/2017 00:20:00;Strada Urbana;PIAZZA DELLA RADIO;in corrispondenza;;del civico n.;73;;Scontro laterale fra veicoli in marcia;Rettilineo;Due carreggiate;Asciutto;Asfaltata;Verticale ed orizzontale;Nuvoloso;Normale;Buona;Sufficiente;0;0;0;3;;;0;1;Autovettura privata;In marcia / fermata / arresto;Fiat;500;Conducente;1981;M;Illeso;0;;;
3568131;12;24/11/2017 00:20:00;Strada Urbana;PIAZZA DELLA RADIO;in corrispondenza;;del civico n.;73;;Scontro laterale fra veicoli in marcia;Rettilineo;Due carreggiate;Asciutto;Asfaltata;Verticale ed orizzontale;Nuvoloso;Normale;Buona;Sufficiente;0;0;0;3;;;0;2;Autovettura privata;In marcia / fermata / arresto;Nissan;quashquai;Conducente;1961;M;Illeso;0;;;
3568131;12;24/11/2017 00:20:00;Strada Urbana;PIAZZA DELLA RADIO;in corrispondenza;;del civico n.;73;;Scontro laterale fra veicoli in marcia;Rettilineo;Due carreggiate;Asciutto;Asfaltata;Verticale ed orizzontale;Nuvoloso;Normale;Buona;Sufficiente;0;0;0;3;;;0;2;Autovettura privata;In marcia / fermata / arresto;Nissan;quashquai;Passeggero;1996;M;Illeso;0;;;
3568133;19;23/11/2017 10:10:00;;VIA DELLA PINETA SACCHETTI;all'intersezione con;VIA VITTORIO MONTIGLIO;VIA VITTORIO MONTIGLIO;;;Scontro frontale/laterale DX fra veicoli in marcia;;;;;;;;;;1;0;0;1;;;0;1;Autovettura privata;In marcia / fermata / arresto;Toyota;Yaris;Conducente;1976;M;Illeso;0;;Non accertato;
3568133;19;23/11/2017 10:10:00;;VIA DELLA PINETA SACCHETTI;all'intersezione con;VIA VITTORIO MONTIGLIO;VIA VITTORIO MONTIGLIO;;;Scontro frontale/laterale DX fra veicoli in marcia;;;;;;;;;;1;0;0;1;;;0;2;Motociclo a solo;In marcia / fermata / arresto;Honda;SH150;Conducente;1973;F;Rimandato;0;NON DECEDUTO;;
3568145;6;24/11/2017 07:50:00;Statale entro l'abitato;VIA CASILINA;da specificare;;;;PROX CIVICO 601;Scontro laterale fra veicoli in marcia;Rettilineo;Due carreggiate;Asciutto;Asfaltata;Orizzontale;Nuvoloso;Intenso;Buona;Ore Diurne;0;0;0;2;;;0;1;Autovettura privata;In marcia / fermata / arresto;Toyota;Yaris;Conducente;1982;M;Illeso;0;;;
3568145;6;24/11/2017 07:50:00;Statale entro l'abitato;VIA CASILINA;da specificare;;;;PROX CIVICO 601;Scontro laterale fra veicoli in marcia;Rettilineo;Due carreggiate;Asciutto;Asfaltata;Orizzontale;Nuvoloso;Intenso;Buona;Ore Diurne;0;0;0;2;;;0;2;Autovettura privata;In marcia / fermata / arresto;Fiat;Panda;Conducente;1969;F;Illeso;0;;;
3568174;1;22/11/2017 12:35:00;Strada Urbana;PIAZZA DELL'EMPORIO;all'intersezione semaforizzata con;LUNGOTEVERE AVENTINO;LUNGOTEVERE AVENTINO;;;Scontro frontale/laterale DX fra veicoli in marcia;Intersezione semaforizzata;Una carreggiata a senso unico di marcia;Asciutto;Asfaltata;Verticale ed orizzontale;Nuvoloso;Normale;Buona;Ore Diurne;0;0;0;2;;;0;1;Motociclo a solo;In marcia / fermata / arresto;Honda;SH 150;Conducente;1989;M;Illeso;0;;;
3568174;1;22/11/2017 12:35:00;Strada Urbana;PIAZZA DELL'EMPORIO;all'intersezione semaforizzata con;LUNGOTEVERE AVENTINO;LUNGOTEVERE AVENTINO;;;Scontro frontale/laterale DX fra veicoli in marcia;Intersezione semaforizzata;Una carreggiata a senso unico di marcia;Asciutto;Asfaltata;Verticale ed orizzontale;Nuvoloso;Normale;Buona;Ore Diurne;0;0;0;2;;;0;2;Autovettura pubblica;In marcia / fermata / arresto;Mercedes;E 220 CDI;Conducente;1955;M;Illeso;0;;;
3568181;13;24/11/2017 10:15:00;Provinciale;VIA GUIDO CALZA;da specificare;;;;in direzione di VIA DI TOR BOACCIANA;Tamponamento Multiplo;Rettilineo;Due carreggiate;Asciutto;Asfaltata;Verticale ed orizzontale;Nuvoloso;Normale;Buona;Ore Diurne;1;0;0;4;12,49637;41,90278;0;1;Autovettura privata;In marcia / fermata / arresto;Citroen;C3;Conducente;1987;M;Illeso;0;;Non accertato;Inesploso
3568181;13;24/11/2017 10:15:00;Provinciale;VIA GUIDO CALZA;da specificare;;;;in direzione di VIA DI TOR BOACCIANA;Tamponamento Multiplo;Rettilineo;Due carreggiate;Asciutto;Asfaltata;Verticale ed orizzontale;Nuvoloso;Normale;Buona;Ore Diurne;1;0;0;4;12,49637;41,90278;0;1;Autovettura privata;In marcia / fermata / arresto;Citroen;C3;Passeggero;1989;M;Illeso;0;;Non accertato;Inesploso
3568181;13;24/11/2017 10:15:00;Provinciale;VIA GUIDO CALZA;da specificare;;;;in direzione di VIA DI TOR BOACCIANA;Tamponamento Multiplo;Rettilineo;Due carreggiate;Asciutto;Asfaltata;Verticale ed orizzontale;Nuvoloso;Normale;Buona;Ore Diurne;1;0;0;4;12,49637;41,90278;0;1;Autovettura privata;In marcia / fermata / arresto;Citroen;C3;Passeggero;1999;M;Illeso;0;;Non accertato;
3568181;13;24/11/2017 10:15:00;Provinciale;VIA GUIDO CALZA;da specificare;;;;in direzione di VIA DI TOR BOACCIANA;Tamponamento Multiplo;Rettilineo;Due carreggiate;Asciutto;Asfaltata;Verticale ed orizzontale;Nuvoloso;Normale;Buona;Ore Diurne;1;0;0;4;12,49637;41,90278;0;2;Autovettura privata;In marcia / fermata / arresto;Fiat;Panda;Conducente;1991;F;Rifiuta cure immediate;0;NON DECEDUTO;Non accertato;Inesploso
3568181;13;24/11/2017 10:15:00;Provinciale;VIA GUIDO CALZA;da specificare;;;;in direzione di VIA DI TOR BOACCIANA;Tamponamento Multiplo;Rettilineo;Due carreggiate;Asciutto;Asfaltata;Verticale ed orizzontale;Nuvoloso;Normale;Buona;Ore Diurne;1;0;0;4;12,49637;41,90278;0;3;Autocarro superiore 35 q.;In marcia / fermata / arresto;Mercedes;Sprinter;Conducente;1987;M;Illeso;0;;Non accertato;Inesploso
3568200;17;23/11/2017 19:44:00;Strada Urbana;PIAZZALE DEGLI EROI;all'intersezione semaforizzata con;CIRCONVALLAZIONE TRIONFALE;CIRCONVALLAZIONE TRIONFALE;;;Tamponamento;Intersezione semaforizzata;Una carreggiata a senso unico di marcia;Asciutto;Asfaltata;Verticale ed orizzontale;Sereno;Normale;Buona;Sufficiente;0;0;0;4;12,44884;41,9094;0;1;Autoambulanza;In marcia / fermata / arresto;Fiat;ORION;Conducente;1983;M;Illeso;0;;;
3568200;17;23/11/2017 19:44:00;Strada Urbana;PIAZZALE DEGLI EROI;all'intersezione semaforizzata con;CIRCONVALLAZIONE TRIONFALE;CIRCONVALLAZIONE TRIONFALE;;;Tamponamento;Intersezione semaforizzata;Una carreggiata a senso unico di marcia;Asciutto;Asfaltata;Verticale ed orizzontale;Sereno;Normale;Buona;Sufficiente;0;0;0;4;12,44884;41,9094;0;1;Autoambulanza;In marcia / fermata / arresto;Fiat;ORION;Passeggero;1993;F;Illeso;0;;;
3568200;17;23/11/2017 19:44:00;Strada Urbana;PIAZZALE DEGLI EROI;all'intersezione semaforizzata con;CIRCONVALLAZIONE TRIONFALE;CIRCONVALLAZIONE TRIONFALE;;;Tamponamento;Intersezione semaforizzata;Una carreggiata a senso unico di marcia;Asciutto;Asfaltata;Verticale ed orizzontale;Sereno;Normale;Buona;Sufficiente;0;0;0;4;12,44884;41,9094;0;1;Autoambulanza;In marcia / fermata / arresto;Fiat;ORION;Passeggero;1999;M;Illeso;0;;;
3568200;17;23/11/2017 19:44:00;Strada Urbana;PIAZZALE DEGLI EROI;all'intersezione semaforizzata con;CIRCONVALLAZIONE TRIONFALE;CIRCONVALLAZIONE TRIONFALE;;;Tamponamento;Intersezione semaforizzata;Una carreggiata a senso unico di marcia;Asciutto;Asfaltata;Verticale ed orizzontale;Sereno;Normale;Buona;Sufficiente;0;0;0;4;12,44884;41,9094;0;2;Autovettura privata;In marcia / fermata / arresto;Ford;Galaxy;Conducente;1963;M;Illeso;0;;;
3568202;2;23/11/2017 11:26:00;;VIA GUIDUBALDO DEL MONTE;da specificare;;;;altezza parcheggio;Scontro frontale/laterale DX fra veicoli in marcia;;;;;;;;;;0;0;0;1;;;0;1;Velocipede;In marcia / fermata / arresto;(ignoto);(ignoto);Conducente;1949;M;Illeso;0;;Esente;
3568203;2;23/11/2017 10:00:00;;VIA ANTONIO POLLAIOLO;in prossimità;;del civico n.;1a;;Veicolo in marcia contro veicolo in sosta;;;;;;;;;;0;0;0;1;;;0;2;Autocarro inferiore 35 q.;In marcia / fermata / arresto;Fiat Iveco;Girelli;Conducente;1962;M;Illeso;0;;;
3568206;2;23/11/2017 16:40:00;;VIA NOMENTANA;in prossimità;;del civico n.;222;;Scontro frontale/laterale SX fra veicoli in marcia;;;;;;;;;;1;0;0;1;;;0;1;Autovettura pubblica;In marcia / fermata / arresto;Mercedes;E 220;Conducente;1954;M;Illeso;0;;;
3568206;2;23/11/2017 16:40:00;;VIA NOMENTANA;in prossimità;;del civico n.;222;;Scontro frontale/laterale SX fra veicoli in marcia;;;;;;;;;;1;0;0;1;;;0;2;Motociclo a solo;In marcia / fermata / arresto;Honda;Spazio;Conducente;1968;M;Rimandato;0;NON DECEDUTO;;
3568228;1;23/11/2017 16:40:00;Strada Urbana;VIALE MANZONI;in prossimità;;del civico n.;22;;Veicolo in marcia contro veicolo in sosta;Rettilineo;Una carreggiata a doppio senso;Asciutto;Asfaltata;Verticale ed orizzontale;Sereno;Normale;Buona;Ore Diurne;0;0;0;1;;;0;1;Autovettura privata;In marcia / fermata / arresto;Lancia;Delta;Conducente;1977;F;Illeso;0;;;
3568238;10;24/11/2017 10:35:00;Strada Urbana;VIALE PALMIRO TOGLIATTI;in prossimità;;del palo luce n.;8;;Scontro laterale fra veicoli in marcia;Rettilineo;Più di due carreggiate;Asciutto;Asfaltata;Verticale;Sereno;Normale;Buona;Ore Diurne;0;0;0;3;;;0;1;Autovettura privata;In marcia / fermata / arresto;Toyota;Yaris;Conducente;1974;M;Illeso;0;;Non accertato;Inesploso
3568238;10;24/11/2017 10:35:00;Strada Urbana;VIALE PALMIRO TOGLIATTI;in prossimità;;del palo luce n.;8;;Scontro laterale fra veicoli in marcia;Rettilineo;Più di due carreggiate;Asciutto;Asfaltata;Verticale;Sereno;Normale;Buona;Ore Diurne;0;0;0;3;;;0;1;Autovettura privata;In marcia / fermata / arresto;Toyota;Yaris;Passeggero;1946;F;Illeso;0;;Non accertato;Inesploso
3568238;10;24/11/2017 10:35:00;Strada Urbana;VIALE PALMIRO TOGLIATTI;in prossimità;;del palo luce n.;8;;Scontro laterale fra veicoli in marcia;Rettilineo;Più di due carreggiate;Asciutto;Asfaltata;Verticale;Sereno;Normale;Buona;Ore Diurne;0;0;0;3;;;0;2;Autocarro inferiore 35 q.;In marcia / fermata / arresto;Fiat;Talento;Conducente;1989;M;Illeso;0;;Non accertato;Inesploso
3568267;2;23/11/2017 23:15:00;;VIA DI BOCCEA;in corrispondenza;;del civico n.;447;;Veicolo in marcia contro veicolo fermo;;;;;;;;;;0;0;0;2;12,39274;41,91093;0;1;Autovettura privata;In marcia / fermata / arresto;Hyundai;Gallopper;Conducente;1959;M;Illeso;0;;;
3568267;2;23/11/2017 23:15:00;;VIA DI BOCCEA;in corrispondenza;;del civico n.;447;;Veicolo in marcia contro veicolo fermo;;;;;;;;;;0;0;0;2;12,39274;41,91093;0;2;Autovettura privata;In marcia / fermata / arresto;Seat;Leon;Conducente;0;M;Illeso;0;;;
3568276;1;23/11/2017 14:45:00;Strada Urbana;VIA MARSALA;in prossimità;;del civico n.;69;;Scontro laterale fra veicoli in marcia;Pendenza;Una carreggiata a senso unico di marcia;Asciutto;Acciotolata;Temporanea di cantiere;Sereno;Normale;Buona;Ore Diurne;1;0;0;1;;;0;1;Motociclo a solo;In marcia / fermata / arresto;Honda;SH 150;Conducente;1971;F;Rimandato;0;NON DECEDUTO;;
3568276;1;23/11/2017 14:45:00;Strada Urbana;VIA MARSALA;in prossimità;;del civico n.;69;;Scontro laterale fra veicoli in marcia;Pendenza;Una carreggiata a senso unico di marcia;Asciutto;Acciotolata;Temporanea di cantiere;Sereno;Normale;Buona;Ore Diurne;1;0;0;1;;;0;2;Autovettura privata;In marcia / fermata / arresto;Fiat;Freemont;Conducente;1965;M;Illeso;0;;;
3568305;2;23/11/2017 18:15:00;;VIALE MARESCIALLO PILSUDSKI;in prossimità;;del civico n.;124;;Investimento di pedone;;;;;;;;;;1;0;0;1;12,48026;41,92819;0;;;;;;Pedone;1979;M;Ricoverato;0;NON DECEDUTO;;
3568305;2;23/11/2017 18:15:00;;VIALE MARESCIALLO PILSUDSKI;in prossimità;;del civico n.;124;;Investimento di pedone;;;;;;;;;;1;0;0;1;12,48026;41,92819;0;1;Autovettura privata;In marcia / fermata / arresto;Fiat;Panda;Conducente;1977;F;Illeso;0;;;
3568307;2;23/11/2017 18:30:00;;PIAZZA BUENOS AIRES;da specificare;;;;fronte civico 22;Scontro laterale fra veicoli in marcia;;;;;;;;;;1;0;0;1;12,50003;41,91817;0;1;Motociclo a solo;In marcia / fermata / arresto;Piaggio;Beverly;Conducente;1987;M;Rimandato;0;NON DECEDUTO;;
3568307;2;23/11/2017 18:30:00;;PIAZZA BUENOS AIRES;da specificare;;;;fronte civico 22;Scontro laterale fra veicoli in marcia;;;;;;;;;;1;0;0;1;12,50003;41,91817;0;2;Motociclo a solo;In marcia / fermata / arresto;Honda;RC;Conducente;1971;M;Illeso;0;;;
3568357;1;23/11/2017 17:00:00;Strada Urbana;VIA EMANUELE FILIBERTO;all'intersezione con;VIA DOMENICO FONTANA;VIA DOMENICO FONTANA;;;Scontro frontale/laterale DX fra veicoli in marcia;Incrocio;Una carreggiata a doppio senso;Asciutto;Asfaltata;Verticale ed orizzontale;Sereno;Normale;Buona;Sufficiente;1;0;0;4;;;0;1;Autovettura privata;In marcia / fermata / arresto;Fiat;500;Conducente;1981;F;Illeso;0;;;
3568357;1;23/11/2017 17:00:00;Strada Urbana;VIA EMANUELE FILIBERTO;all'intersezione con;VIA DOMENICO FONTANA;VIA DOMENICO FONTANA;;;Scontro frontale/laterale DX fra veicoli in marcia;Incrocio;Una carreggiata a doppio senso;Asciutto;Asfaltata;Verticale ed orizzontale;Sereno;Normale;Buona;Sufficiente;1;0;0;4;;;0;2;Autovettura privata;In marcia / fermata / arresto;Renault;Modus;Conducente;1991;F;Illeso;0;;;
3568357;1;23/11/2017 17:00:00;Strada Urbana;VIA EMANUELE FILIBERTO;all'intersezione con;VIA DOMENICO FONTANA;VIA DOMENICO FONTANA;;;Scontro frontale/laterale DX fra veicoli in marcia;Incrocio;Una carreggiata a doppio senso;Asciutto;Asfaltata;Verticale ed orizzontale;Sereno;Normale;Buona;Sufficiente;1;0;0;4;;;0;2;Autovettura privata;In marcia / fermata / arresto;Renault;Modus;Passeggero;1947;M;Illeso;0;;;
3568357;1;23/11/2017 17:00:00;Strada Urbana;VIA EMANUELE FILIBERTO;all'intersezione con;VIA DOMENICO FONTANA;VIA DOMENICO FONTANA;;;Scontro frontale/laterale DX fra veicoli in marcia;Incrocio;Una carreggiata a doppio senso;Asciutto;Asfaltata;Verticale ed orizzontale;Sereno;Normale;Buona;Sufficiente;1;0;0;4;;;0;2;Autovettura privata;In marcia / fermata / arresto;Renault;Modus;Passeggero;1959;F;Rimandato;0;NON DECEDUTO;;
3568357;1;23/11/2017 17:00:00;Strada Urbana;VIA EMANUELE FILIBERTO;all'intersezione con;VIA DOMENICO FONTANA;VIA DOMENICO FONTANA;;;Scontro frontale/laterale DX fra veicoli in marcia;Incrocio;Una carreggiata a doppio senso;Asciutto;Asfaltata;Verticale ed orizzontale;Sereno;Normale;Buona;Sufficiente;1;0;0;4;;;0;2;Autovettura privata;In marcia / fermata / arresto;Renault;Modus;Passeggero;1983;F;Illeso;0;;;
3568364;16;23/11/2017 11:10:00;;VIA GINO FUNAIOLI;in corrispondenza;;del civico n.;30;;Scontro laterale fra veicoli in marcia;;;;;;;;;;0;0;0;4;12,44059;41,85944;0;1;Autovettura privata;In marcia / fermata / arresto;Citroen;C 1;Conducente;0;F;Illeso;0;;;
3568364;16;23/11/2017 11:10:00;;VIA GINO FUNAIOLI;in corrispondenza;;del civico n.;30;;Scontro laterale fra veicoli in marcia;;;;;;;;;;0;0;0;4;12,44059;41,85944;0;1;Autovettura privata;In marcia / fermata / arresto;Citroen;C 1;Passeggero;0;F;Illeso;0;;;
3568364;16;23/11/2017 11:10:00;;VIA GINO FUNAIOLI;in corrispondenza;;del civico n.;30;;Scontro laterale fra veicoli in marcia;;;;;;;;;;0;0;0;4;12,44059;41,85944;0;1;Autovettura privata;In marcia / fermata / arresto;Citroen;C 1;Passeggero;0;M;Illeso;0;;;
3568364;16;23/11/2017 11:10:00;;VIA GINO FUNAIOLI;in corrispondenza;;del civico n.;30;;Scontro laterale fra veicoli in marcia;;;;;;;;;;0;0;0;4;12,44059;41,85944;0;2;Autovettura privata;In marcia / fermata / arresto;Mercedes;A 160;Conducente;0;F;Illeso;0;;;
3568365;13;24/11/2017 11:00:00;Strada Urbana;VIA DOMENICO CECCAROSSI;all'intersezione con;VIA GIOVANNI BOLZONI;VIA GIOVANNI BOLZONI;;;Scontro frontale/laterale SX fra veicoli in marcia;Incrocio;Una carreggiata a doppio senso;Asciutto;Asfaltata;Orizzontale;Sereno;Normale;Buona;Ore Diurne;0;0;0;2;12,36401;41,74197;0;1;Autovettura privata;In marcia / fermata / arresto;Jaguar;X- Tipe;Conducente;1977;M;Illeso;0;;Non accertato;Inesploso
3568365;13;24/11/2017 11:00:00;Strada Urbana;VIA DOMENICO CECCAROSSI;all'intersezione con;VIA GIOVANNI BOLZONI;VIA GIOVANNI BOLZONI;;;Scontro frontale/laterale SX fra veicoli in marcia;Incrocio;Una carreggiata a doppio senso;Asciutto;Asfaltata;Orizzontale;Sereno;Normale;Buona;Ore Diurne;0;0;0;2;12,36401;41,74197;0;2;Autovettura privata;In marcia / fermata / arresto;Kia;Sportage;Conducente;1950;F;Illeso;0;;Non accertato;Inesploso
3568432;1;23/11/2017 18:40:00;Strada Urbana;PIAZZA VENEZIA;in prossimità;;del civico n.;3;;Tamponamento;;Una carreggiata a senso unico di marcia;Asciutto;In cubetti di porfido;Verticale ed orizzontale;Sereno;Intenso;Sufficiente;Sufficiente;1;0;0;1;;;0;1;Autovettura privata;In marcia / fermata / arresto;Fiat;500;Conducente;1952;M;Illeso;0;;;
3568432;1;23/11/2017 18:40:00;Strada Urbana;PIAZZA VENEZIA;in prossimità;;del civico n.;3;;Tamponamento;;Una carreggiata a senso unico di marcia;Asciutto;In cubetti di porfido;Verticale ed orizzontale;Sereno;Intenso;Sufficiente;Sufficiente;1;0;0;1;;;0;2;Velocipede;In marcia / fermata / arresto;(ignoto);(non accertato);Conducente;1984;M;Rimandato;0;NON DECEDUTO;Esente;
3568448;16;23/11/2017 21:30:00;;VIA DI BOCCEA;all'intersezione con;VIA TEODOLFO MERTEL;VIA TEODOLFO MERTEL;;;Scontro frontale/laterale SX fra veicoli in marcia;;;;;;;;;;0;0;0;3;12,37296;41,92203;0;1;Autovettura privata;In marcia / fermata / arresto;Alfa Lancia;Y;Conducente;0;F;Illeso;0;;;
3568448;16;23/11/2017 21:30:00;;VIA DI BOCCEA;all'intersezione con;VIA TEODOLFO MERTEL;VIA TEODOLFO MERTEL;;;Scontro frontale/laterale SX fra veicoli in marcia;;;;;;;;;;0;0;0;3;12,37296;41,92203;0;2;Motociclo a solo;In marcia / fermata / arresto;Peugeot;Tweet;Conducente;0;F;Illeso;0;;;
3568448;16;23/11/2017 21:30:00;;VIA DI BOCCEA;all'intersezione con;VIA TEODOLFO MERTEL;VIA TEODOLFO MERTEL;;;Scontro frontale/laterale SX fra veicoli in marcia;;;;;;;;;;0;0;0;3;12,37296;41,92203;0;2;Motociclo a solo;In marcia / fermata / arresto;Peugeot;Tweet;Passeggero;0;F;Illeso;0;;;
3568479;23;23/11/2017 12:35:00;Strada Urbana;LUNGOTEVERE DELLA VITTORIA;in corrispondenza;;del civico n.;9;;Scontro frontale/laterale SX fra veicoli in marcia;Rettilineo;Una carreggiata a doppio senso;Asciutto;Asfaltata;Orizzontale;Sereno;Scarso;Buona;Ore Diurne;1;0;0;1;;;0;1;Autovettura privata;In marcia / fermata / arresto;Volkswagen;Golf;Conducente;1983;F;Illeso;0;;Non accertato;Inesploso
3568479;23;23/11/2017 12:35:00;Strada Urbana;LUNGOTEVERE DELLA VITTORIA;in corrispondenza;;del civico n.;9;;Scontro frontale/laterale SX fra veicoli in marcia;Rettilineo;Una carreggiata a doppio senso;Asciutto;Asfaltata;Orizzontale;Sereno;Scarso;Buona;Ore Diurne;1;0;0;1;;;0;2;Motociclo a solo;In marcia / fermata / arresto;Honda;SH-300;Conducente;1993;M;Rifiuta cure immediate;0;NON DECEDUTO;Utilizzato;
3568650;18;24/11/2017 13:45:00;Strada Urbana;VIA DI BOCCEA;in corrispondenza;;del civico n.;232;;Investimento di pedone;Rettilineo;Una carreggiata a doppio senso;Asciutto;Asfaltata;Verticale ed orizzontale;Sereno;Normale;Buona;Ore Diurne;1;0;0;1;12,42084;41,90348;0;;;;;;Pedone;1953;F;Rimandato;0;NON DECEDUTO;;
3568650;18;24/11/2017 13:45:00;Strada Urbana;VIA DI BOCCEA;in corrispondenza;;del civico n.;232;;Investimento di pedone;Rettilineo;Una carreggiata a doppio senso;Asciutto;Asfaltata;Verticale ed orizzontale;Sereno;Normale;Buona;Ore Diurne;1;0;0;1;12,42084;41,90348;0;1;Autobus urbano;In marcia / fermata / arresto;Breda;Menaribus;Conducente;1975;M;Illeso;0;;Non accertato;Inesistente
3568656;9;24/11/2017 13:40:00;;PIAZZA TUSCOLO;da specificare;;;;fr4onte civico 23;Investimento di pedone;;;;;;;;;;2;0;0;0;;;0;;;;;;Pedone;1995;M;Rimandato;0;NON DECEDUTO;;
3568656;9;24/11/2017 13:40:00;;PIAZZA TUSCOLO;da specificare;;;;fr4onte civico 23;Investimento di pedone;;;;;;;;;;2;0;0;0;;;0;1;Motociclo a solo;In marcia / fermata / arresto;Piaggio;Beverly;Conducente;1973;M;Rimandato;0;NON DECEDUTO;Utilizzato;
3568683;1;24/11/2017 01:00:00;Strada Urbana;VIA FLAVIA;in prossimità;;del civico n.;257;;Veicolo in marcia contro ostacolo accidentale;Rettilineo;Una carreggiata a senso unico di marcia;Viscido da liquidi oleosi;Acciotolata;Verticale ed orizzontale;Sereno;Scarso;Buona;Sufficiente;1;0;0;0;12,49845;41,90801;0;1;Motociclo a solo;In marcia / fermata / arresto;Harley Davidson;883;Conducente;1969;M;Rifiuta cure immediate;0;NON DECEDUTO;Utilizzato;
3568688;23;23/11/2017 23:35:00;Strada Urbana;VIA CRISTOFORO COLOMBO;all'intersezione semaforizzata con;VIA PINDARO;VIA PINDARO;;;Tamponamento;Intersezione semaforizzata;Due carreggiate;Asciutto;Asfaltata;Verticale ed orizzontale;Sereno;Scarso;Buona;Sufficiente;0;0;0;1;;;0;1;Autovettura privata;In marcia / fermata / arresto;Smart ;.;Conducente;1986;M;Illeso;0;;Non accertato;Inesploso
3568724;1;24/11/2017 00:05:00;Strada Urbana;CORSO VITTORIO EMANUELE II;in prossimità;;del civico n.;257;;Veicolo in marcia contro veicolo fermo;Rettilineo;Una carreggiata a senso unico di marcia;Asciutto;Asfaltata;Verticale ed orizzontale;Sereno;Scarso;Buona;Sufficiente;0;0;0;3;12,46786;41,8985;0;1;Autovettura privata;In marcia / fermata / arresto;Alfa Romeo;159;Conducente;1990;M;Illeso;0;;Utilizzato;Inesploso