Protocollo;Gruppo;DataOraIncidente;Localizzazione1;STRADA1;Localizzazione2;STRADA2;Strada02;Chilometrica;DaSpecificare;NaturaIncidente;particolaritastrade;TipoStrada;FondoStradale;Pavimentazione;Segnaletica;CondizioneAtmosferica;Traffico;Visibilita;Illuminazione;NUM_FERITI;NUM_RISERVATA;NUM_MORTI;NUM_ILLESI;Longitudine;Latitudine;Confermato;Progressivo;TipoVeicolo;StatoVeicolo;Marca;Modello;TipoPersona;AnnoNascita;Sesso;Tipolesione;Deceduto;DecedutoDopo;CinturaCascoUtilizzato;Airbag;
3569627;17;24/11/2017 18:50:00;Strada Urbana;VIA MOCENIGO;all'intersezione con;VIA FRANCESCO CARACCIOLO;VIA FRANCESCO CARACCIOLO;;;Scontro frontale/laterale DX fra veicoli in marcia;Intersezione stradale segnalata;Una carreggiata a senso unico di marcia;Asciutto;Asfaltata;Verticale ed orizzontale;Sereno;Scarso;Sufficiente;Sufficiente;0;0;0;2;12,4513;41,90856;0;2;Autovettura privata;In marcia / fermata / arresto;Alfa Romeo;159;Conducente;1966;M;Illeso;0;;;Esploso
3569658;1;25/11/2017 05:00:00;Strada Urbana;VIALE MANZONI;all'intersezione semaforizzata con;VIA DI PORTA MAGGIORE;VIA DI PORTA MAGGIORE;;;Scontro frontale/laterale SX fra veicoli in marcia;Intersezione semaforizzata;Una carreggiata a doppio senso;Asciutto;Asfaltata;Verticale ed orizzontale;Sereno;Scarso;Buona;Sufficiente;0;0;0;4;12,50975;41,89319;0;1;Autovettura privata;In marcia / fermata / arresto;Citroen;C 1;Conducente;1992;F;Illeso;0;;Utilizzato;Inesploso
3569658;1;25/11/2017 05:00:00;Strada Urbana;VIALE MANZONI;all'intersezione semaforizzata con;VIA DI PORTA MAGGIORE;VIA DI PORTA MAGGIORE;;;Scontro frontale/laterale SX fra veicoli in marcia;Intersezione semaforizzata;Una carreggiata a doppio senso;Asciutto;Asfaltata;Verticale ed orizzontale;Sereno;Scarso;Buona;Sufficiente;0;0;0;4;12,50975;41,89319;0;1;Autovettura privata;In marcia / fermata / arresto;Citroen;C 1;Passeggero;1991;F;Illeso;0;;Utilizzato;Inesploso
3569658;1;25/11/2017 05:00:00;Strada Urbana;VIALE MANZONI;all'intersezione semaforizzata con;VIA DI PORTA MAGGIORE;VIA DI PORTA MAGGIORE;;;Scontro frontale/laterale SX fra veicoli in marcia;Intersezione semaforizzata;Una carreggiata a doppio senso;Asciutto;Asfaltata;Verticale ed orizzontale;Sereno;Scarso;Buona;Sufficiente;0;0;0;4;12,50975;41,89319;0;2;Autovettura privata;In marcia / fermata / arresto;Alfa Romeo;147;Conducente;1987;M;Illeso;0;;Utilizzato;Inesploso
3569658;1;25/11/2017 05:00:00;Strada Urbana;VIALE MANZONI;all'intersezione semaforizzata con;VIA DI PORTA MAGGIORE;VIA DI PORTA MAGGIORE;;;Scontro frontale/laterale SX fra veicoli in marcia;Intersezione semaforizzata;Una carreggiata a doppio senso;Asciutto;Asfaltata;Verticale ed orizzontale;Sereno;Scarso;Buona;Sufficiente;0;0;0;4;12,50975;41,89319;0;2;Autovettura privata;In marcia / fermata / arresto;Alfa Romeo;147;Passeggero;1992;M;Illeso;0;;Utilizzato;Inesploso
3569669;20;24/11/2017 19:15:00;Strada Urbana;VIA CONCESIO;da specificare;;;;in prossimità via della Giustiniana;Investimento di pedone;Rettilineo;Una carreggiata a doppio senso;Asciutto;Asfaltata;Orizzontale;Sereno;Normale;Sufficiente;Sufficiente;1;0;0;1;;;0;;;;;;Pedone;1999;F;Ricoverato;0;NON DECEDUTO;;
3569669;20;24/11/2017 19:15:00;Strada Urbana;VIA CONCESIO;da specificare;;;;in prossimità via della Giustiniana;Investimento di pedone;Rettilineo;Una carreggiata a doppio senso;Asciutto;Asfaltata;Orizzontale;Sereno;Normale;Sufficiente;Sufficiente;1;0;0;1;;;0;1;Autovettura privata;In marcia / fermata / arresto;Mercedes;VITO;Conducente;1967;M;Illeso;0;;Non accertato;
3569681;2;24/11/2017 07:50:00;;VIALE REGINA MARGHERITA;in prossimità;;del civico n.;79;;Scontro laterale fra veicoli in marcia;;;;;;;;;;1;0;0;1;;;0;1;Autovettura privata;In marcia / fermata / arresto;Fiat;Punto;Conducente;1946;M;Illeso;0;;;
3569681;2;24/11/2017 07:50:00;;VIALE REGINA MARGHERITA;in prossimità;;del civico n.;79;;Scontro laterale fra veicoli in marcia;;;;;;;;;;1;0;0;1;;;0;2;Motociclo a solo;In marcia / fermata / arresto;Honda;SH125;Conducente;1972;F;Rimandato;0;NON DECEDUTO;;
3569683;2;24/11/2017 11:15:00;;PIAZZA GENTILE DA FABRIANO;da specificare;;;;alt. PONTE DELLA MUSICA - dir. P.te Duca D'Aosta;Scontro laterale fra veicoli in marcia;;;;;;;;;;0;0;0;3;;;0;1;Autovettura privata;In marcia / fermata / arresto;Smart ;-;Conducente;1948;M;Illeso;0;;;
3569683;2;24/11/2017 11:15:00;;PIAZZA GENTILE DA FABRIANO;da specificare;;;;alt. PONTE DELLA MUSICA - dir. P.te Duca D'Aosta;Scontro laterale fra veicoli in marcia;;;;;;;;;;0;0;0;3;;;0;1;Autovettura privata;In marcia / fermata / arresto;Smart ;-;Passeggero;0;M;Illeso;0;;;
3569683;2;24/11/2017 11:15:00;;PIAZZA GENTILE DA FABRIANO;da specificare;;;;alt. PONTE DELLA MUSICA - dir. P.te Duca D'Aosta;Scontro laterale fra veicoli in marcia;;;;;;;;;;0;0;0;3;;;0;2;Autovettura privata;In marcia / fermata / arresto;Alfa Romeo;147;Conducente;1981;M;Illeso;0;;;
3569684;15;24/11/2017 11:40:00;;VIA PORTUENSE;in corrispondenza;;del civico n.;1118;;Scontro frontale/laterale SX fra veicoli in marcia;;;;;;;;;;0;0;0;2;;;0;1;Autovettura privata;In marcia / fermata / arresto;Seat;Ibiza;Conducente;0;M;Illeso;0;;;
3569684;15;24/11/2017 11:40:00;;VIA PORTUENSE;in corrispondenza;;del civico n.;1118;;Scontro frontale/laterale SX fra veicoli in marcia;;;;;;;;;;0;0;0;2;;;0;2;Motociclo a solo;In marcia / fermata / arresto;Honda;SH 150;Conducente;0;M;Illeso;0;;;
3569698;20;25/11/2017 05:15:00;Regionale entro l'abitato;VIA CASSIA;in prossimità;;del civico n.;927l;;Scontro frontale fra veicoli in marcia;Rettilineo;Una carreggiata a doppio senso;Asciutto;Asfaltata;Orizzontale;Sereno;Scarso;Buona;Sufficiente;1;0;0;1;;;0;1;Autovettura privata;In marcia / fermata / arresto;Daimler;Smart;Conducente;1997;M;Rimandato;0;NON DECEDUTO;Non accertato;Esploso
3569698;20;25/11/2017 05:15:00;Regionale entro l'abitato;VIA CASSIA;in prossimità;;del civico n.;927l;;Scontro frontale fra veicoli in marcia;Rettilineo;Una carreggiata a doppio senso;Asciutto;Asfaltata;Orizzontale;Sereno;Scarso;Buona;Sufficiente;1;0;0;1;;;0;2;Autobus di linea;In marcia / fermata / arresto;Fiat;Iveco;Conducente;1972;M;Illeso;0;;Non accertato;Inesploso
3569708;17;24/11/2017 19:45:00;Strada Urbana;VIA VIRGILIO;in corrispondenza;;del civico n.;15;;Scontro laterale fra veicoli in marcia;Rettilineo;Una carreggiata a senso unico alternato;Asciutto;Asfaltata;Verticale ed orizzontale;Sereno;Normale;Buona;Sufficiente;0;0;0;3;12,46612;41,90591;0;1;Autovettura privata;In marcia / fermata / arresto;Mercedes;E 250;Conducente;1968;M;Illeso;0;;;
3569708;17;24/11/2017 19:45:00;Strada Urbana;VIA VIRGILIO;in corrispondenza;;del civico n.;15;;Scontro laterale fra veicoli in marcia;Rettilineo;Una carreggiata a senso unico alternato;Asciutto;Asfaltata;Verticale ed orizzontale;Sereno;Normale;Buona;Sufficiente;0;0;0;3;12,46612;41,90591;0;2;Autovettura privata;In marcia / fermata / arresto;Renault;Clio;Conducente;1997;M;Illeso;0;;;
3569708;17;24/11/2017 19:45:00;Strada Urbana;VIA VIRGILIO;in corrispondenza;;del civico n.;15;;Scontro laterale fra veicoli in marcia;Rettilineo;Una carreggiata a senso unico alternato;Asciutto;Asfaltata;Verticale ed orizzontale;Sereno;Normale;Buona;Sufficiente;0;0;0;3;12,46612;41,90591;0;2;Autovettura privata;In marcia / fermata / arresto;Renault;Clio;Passeggero;1998;M;Illeso;0;;;
3569713;10;24/11/2017 16:30:00;;VIA DI CASAL MORENA;all'intersezione con;VIA DELLA STAZIONE TUSCOLANA;VIA DELLA STAZIONE TUSCOLANA;;;Tamponamento;;;;;;;;;;0;0;0;2;;;0;1;Autovettura privata;In marcia / fermata / arresto;Honda;Jazz;Conducente;1967;F;Illeso;0;;;
3569713;10;24/11/2017 16:30:00;;VIA DI CASAL MORENA;all'intersezione con;VIA DELLA STAZIONE TUSCOLANA;VIA DELLA STAZIONE TUSCOLANA;;;Tamponamento;;;;;;;;;;0;0;0;2;;;0;2;Autovettura privata;In marcia / fermata / arresto;Jaguar;(ignoto);Conducente;1982;M;Illeso;0;;;
3569722;20;24/11/2017 21:30:00;Strada Urbana;VIA FLAMINIA;all'intersezione con;VIA BOMARZO;VIA BOMARZO;;;Scontro laterale fra veicoli in marcia;Incrocio;Due carreggiate;Asciutto;Asfaltata;Verticale ed orizzontale;Sereno;Normale;Sufficiente;Sufficiente;0;0;0;2;;;0;1;Autovettura privata;In marcia / fermata / arresto;Volkswagen;Polo;Conducente;1981;M;Illeso;0;;Non accertato;
3569722;20;24/11/2017 21:30:00;Strada Urbana;VIA FLAMINIA;all'intersezione con;VIA BOMARZO;VIA BOMARZO;;;Scontro laterale fra veicoli in marcia;Incrocio;Due carreggiate;Asciutto;Asfaltata;Verticale ed orizzontale;Sereno;Normale;Sufficiente;Sufficiente;0;0;0;2;;;0;1;Autovettura privata;In marcia / fermata / arresto;Volkswagen;Polo;Passeggero;1991;F;Illeso;0;;;
3569743;10;25/11/2017 05:50:00;;VIA QUINTILIO VARO;all'intersezione con;VIA SESTIO CALVINO;VIA SESTIO CALVINO;;;Veicolo in marcia contro veicoli in sosta;;;;;;;;;;0;0;0;2;;;0;1;Altro;In marcia / fermata / arresto;Toyota;(ignoto);Conducente;1954;M;Illeso;0;;;
3569743;10;25/11/2017 05:50:00;;VIA QUINTILIO VARO;all'intersezione con;VIA SESTIO CALVINO;VIA SESTIO CALVINO;;;Veicolo in marcia contro veicoli in sosta;;;;;;;;;;0;0;0;2;;;0;2;Autovettura privata;In marcia / fermata / arresto;Fiat;Doblò;Conducente;1978;F;Illeso;0;;;
3569844;13;25/11/2017 11:35:00;Strada Urbana;VIA GIULIO BERTONI;all'intersezione con;VIA MARIO SANSONE;VIA MARIO SANSONE;;;Scontro laterale fra veicoli in marcia;Intersezione stradale segnalata;Una carreggiata a doppio senso;Asciutto;Asfaltata;Verticale;Nuvoloso;Normale;Buona;Ore Diurne;0;0;0;2;12,34815;41,73767;0;1;Autocarro inferiore 35 q.;In marcia / fermata / arresto;Fiat Iveco;Daily;Conducente;1948;M;Illeso;0;;Non accertato;Inesploso
3569844;13;25/11/2017 11:35:00;Strada Urbana;VIA GIULIO BERTONI;all'intersezione con;VIA MARIO SANSONE;VIA MARIO SANSONE;;;Scontro laterale fra veicoli in marcia;Intersezione stradale segnalata;Una carreggiata a doppio senso;Asciutto;Asfaltata;Verticale;Nuvoloso;Normale;Buona;Ore Diurne;0;0;0;2;12,34815;41,73767;0;2;Autovettura privata;In marcia / fermata / arresto;DR MOTOR;DR5;Conducente;1976;F;Illeso;0;;Non accertato;Inesploso
3569850;10;25/11/2017 10:50:00;;VIALE MARCO FULVIO NOBILIORE;all'intersezione con;VIA EMILIO LEPIDO;VIA EMILIO LEPIDO;;;Scontro frontale/laterale DX fra veicoli in marcia;;;;;;;;;;0;0;0;5;;;0;1;Autovettura privata;In marcia / fermata / arresto;Ford;Fiesta;Conducente;1982;M;Illeso;0;;;
3569850;10;25/11/2017 10:50:00;;VIALE MARCO FULVIO NOBILIORE;all'intersezione con;VIA EMILIO LEPIDO;VIA EMILIO LEPIDO;;;Scontro frontale/laterale DX fra veicoli in marcia;;;;;;;;;;0;0;0;5;;;0;1;Autovettura privata;In marcia / fermata / arresto;Ford;Fiesta;Passeggero;1945;F;Illeso;0;;;
3569850;10;25/11/2017 10:50:00;;VIALE MARCO FULVIO NOBILIORE;all'intersezione con;VIA EMILIO LEPIDO;VIA EMILIO LEPIDO;;;Scontro frontale/laterale DX fra veicoli in marcia;;;;;;;;;;0;0;0;5;;;0;1;Autovettura privata;In marcia / fermata / arresto;Ford;Fiesta;Passeggero;1995;F;Illeso;0;;;
3569850;10;25/11/2017 10:50:00;;VIALE MARCO FULVIO NOBILIORE;all'intersezione con;VIA EMILIO LEPIDO;VIA EMILIO LEPIDO;;;Scontro frontale/laterale DX fra veicoli in marcia;;;;;;;;;;0;0;0;5;;;0;1;Autovettura privata;In marcia / fermata / arresto;Ford;Fiesta;Passeggero;2003;F;Illeso;0;;;
3569850;10;25/11/2017 10:50:00;;VIALE MARCO FULVIO NOBILIORE;all'intersezione con;VIA EMILIO LEPIDO;VIA EMILIO LEPIDO;;;Scontro frontale/laterale DX fra veicoli in marcia;;;;;;;;;;0;0;0;5;;;0;2;Autovettura privata;In marcia / fermata / arresto;Mercedes;Smart For Two;Conducente;1950;M;Illeso;0;;;
3570042;1;25/11/2017 10:10:00;Strada Urbana;VIA NICOLA ZABAGLIA;all'intersezione con;VIA ALESSANDRO VOLTA;VIA ALESSANDRO VOLTA;;;Scontro frontale/laterale SX fra veicoli in marcia;Incrocio;Una carreggiata a doppio senso;Asciutto;Asfaltata;Verticale ed orizzontale;Nuvoloso;Normale;Buona;Ore Diurne;0;0;0;2;;;0;1;Motociclo a solo;In marcia / fermata / arresto;Yamaha;T MAX;Conducente;1978;M;Illeso;0;;;
3570042;1;25/11/2017 10:10:00;Strada Urbana;VIA NICOLA ZABAGLIA;all'intersezione con;VIA ALESSANDRO VOLTA;VIA ALESSANDRO VOLTA;;;Scontro frontale/laterale SX fra veicoli in marcia;Incrocio;Una carreggiata a doppio senso;Asciutto;Asfaltata;Verticale ed orizzontale;Nuvoloso;Normale;Buona;Ore Diurne;0;0;0;2;;;0;2;Velocipede;In marcia / fermata / arresto;BTWIN;(non accertato);Conducente;1996;M;Illeso;0;;Esente;
3570071;1;25/11/2017 12:20:00;Strada Urbana;LUNGOTEVERE DEI VALLATI;in prossimità;;del civico n.;6;;Scontro laterale fra veicoli in marcia;Curva a visuale libera;Una carreggiata a senso unico di marcia;Asciutto;Asfaltata;Verticale ed orizzontale;Nuvoloso;Normale;Buona;Ore Diurne;0;0;0;6;;;0;1;Autovettura privata;In marcia / fermata / arresto;Renault;Megane;Conducente;1989;M;Illeso;0;;;
3570071;1;25/11/2017 12:20:00;Strada Urbana;LUNGOTEVERE DEI VALLATI;in prossimità;;del civico n.;6;;Scontro laterale fra veicoli in marcia;Curva a visuale libera;Una carreggiata a senso unico di marcia;Asciutto;Asfaltata;Verticale ed orizzontale;Nuvoloso;Normale;Buona;Ore Diurne;0;0;0;6;;;0;1;Autovettura privata;In marcia / fermata / arresto;Renault;Megane;Passeggero;1961;M;Illeso;0;;;
3570071;1;25/11/2017 12:20:00;Strada Urbana;LUNGOTEVERE DEI VALLATI;in prossimità;;del civico n.;6;;Scontro laterale fra veicoli in marcia;Curva a visuale libera;Una carreggiata a senso unico di marcia;Asciutto;Asfaltata;Verticale ed orizzontale;Nuvoloso;Normale;Buona;Ore Diurne;0;0;0;6;;;0;1;Autovettura privata;In marcia / fermata / arresto;Renault;Megane;Passeggero;1962;F;Illeso;0;;;
3570071;1;25/11/2017 12:20:00;Strada Urbana;LUNGOTEVERE DEI VALLATI;in prossimità;;del civico n.;6;;Scontro laterale fra veicoli in marcia;Curva a visuale libera;Una carreggiata a senso unico di marcia;Asciutto;Asfaltata;Verticale ed orizzontale;Nuvoloso;Normale;Buona;Ore Diurne;0;0;0;6;;;0;1;Autovettura privata;In marcia / fermata / arresto;Renault;Megane;Passeggero;1989;F;Illeso;0;;;
3570071;1;25/11/2017 12:20:00;Strada Urbana;LUNGOTEVERE DEI VALLATI;in prossimità;;del civico n.;6;;Scontro laterale fra veicoli in marcia;Curva a visuale libera;Una carreggiata a senso unico di marcia;Asciutto;Asfaltata;Verticale ed orizzontale;Nuvoloso;Normale;Buona;Ore Diurne;0;0;0;6;;;0;1;Autovettura privata;In marcia / fermata / arresto;Renault;Megane;Passeggero;2017;M;Illeso;0;;;
3570071;1;25/11/2017 12:20:00;Strada Urbana;LUNGOTEVERE DEI VALLATI;in prossimità;;del civico n.;6;;Scontro laterale fra veicoli in marcia;Curva a visuale libera;Una carreggiata a senso unico di marcia;Asciutto;Asfaltata;Verticale ed orizzontale;Nuvoloso;Normale;Buona;Ore Diurne;0;0;0;6;;;0;2;Autovettura privata;In marcia / fermata / arresto;Fiat;Panda;Conducente;1973;M;Illeso;0;;;
3570219;1;25/11/2017 13:10:00;Strada Urbana;VIA NICOLA SALVI;all'intersezione semaforizzata con;PIAZZA DEL COLOSSEO;PIAZZA DEL COLOSSEO;;;Scontro laterale fra veicoli in marcia;Intersezione semaforizzata;Una carreggiata a senso unico di marcia;Asciutto;Asfaltata;Verticale ed orizzontale;Nuvoloso;Normale;Buona;Ore Diurne;0;0;0;3;;;0;1;Autovettura privata;In marcia / fermata / arresto;BMW;535D;Conducente;1939;M;Illeso;0;;;
3570219;1;25/11/2017 13:10:00;Strada Urbana;VIA NICOLA SALVI;all'intersezione semaforizzata con;PIAZZA DEL COLOSSEO;PIAZZA DEL COLOSSEO;;;Scontro laterale fra veicoli in marcia;Intersezione semaforizzata;Una carreggiata a senso unico di marcia;Asciutto;Asfaltata;Verticale ed orizzontale;Nuvoloso;Normale;Buona;Ore Diurne;0;0;0;3;;;0;2;Autobus turistico;In marcia / fermata / arresto;Man;Titanium;Conducente;1964;M;Illeso;0;;;
3570219;1;25/11/2017 13:10:00;Strada Urbana;VIA NICOLA SALVI;all'intersezione semaforizzata con;PIAZZA DEL COLOSSEO;PIAZZA DEL COLOSSEO;;;Scontro laterale fra veicoli in marcia;Intersezione semaforizzata;Una carreggiata a senso unico di marcia;Asciutto;Asfaltata;Verticale ed orizzontale;Nuvoloso;Normale;Buona;Ore Diurne;0;0;0;3;;;0;2;Autobus turistico;In marcia / fermata / arresto;Man;Titanium;Passeggero;1967;M;Illeso;0;;;
3570239;11;25/11/2017 13:16:00;Strada Urbana;VIA GIULIO ARISTIDE SARTORIO;in corrispondenza;;del civico n.;10;;Tamponamento;Rettilineo;Due carreggiate;Asciutto;Asfaltata;Verticale ed orizzontale;Sereno;Normale;Buona;Ore Diurne;1;0;0;2;;;0;1;Autovettura privata;In marcia / fermata / arresto;Land Rover;Discovery;Conducente;1961;F;Illeso;0;;Non accertato;
3570239;11;25/11/2017 13:16:00;Strada Urbana;VIA GIULIO ARISTIDE SARTORIO;in corrispondenza;;del civico n.;10;;Tamponamento;Rettilineo;Due carreggiate;Asciutto;Asfaltata;Verticale ed orizzontale;Sereno;Normale;Buona;Ore Diurne;1;0;0;2;;;0;1;Autovettura privata;In marcia / fermata / arresto;Land Rover;Discovery;Passeggero;2003;F;Illeso;0;;Utilizzato;
3570239;11;25/11/2017 13:16:00;Strada Urbana;VIA GIULIO ARISTIDE SARTORIO;in corrispondenza;;del civico n.;10;;Tamponamento;Rettilineo;Due carreggiate;Asciutto;Asfaltata;Verticale ed orizzontale;Sereno;Normale;Buona;Ore Diurne;1;0;0;2;;;0;2;Autovettura privata;In marcia / fermata / arresto;Citroen;C3;Conducente;1998;M;Rimandato;0;NON DECEDUTO;Non accertato;
3570256;11;25/11/2017 13:30:00;Strada Urbana;VIA GIULIO ARISTIDE SARTORIO;in corrispondenza;;del civico n.;12;;Veicolo in marcia contro veicolo in sosta;Rettilineo;Due carreggiate;Asciutto;Asfaltata;Verticale ed orizzontale;Sereno;Normale;Buona;Ore Diurne;0;0;0;1;;;0;1;Autovettura privata;In marcia / fermata / arresto;Citroen;C 3;Conducente;1998;M;Illeso;0;;;
3570266;15;24/11/2017 19:00:00;Strada Urbana;VICOLO DI PAPA LEONE;all'intersezione con;VIA ALBERESE;VIA ALBERESE;;;Scontro laterale fra veicoli in marcia;Incrocio;Una carreggiata a doppio senso;Asciutto;Asfaltata;Verticale ed orizzontale;Nuvoloso;Normale;Sufficiente;Sufficiente;1;0;0;1;;;0;1;Autovettura privata;In marcia / fermata / arresto;Jeep;(ignoto);Conducente;1941;M;Illeso;0;;Non accertato;Inesistente
3570266;15;24/11/2017 19:00:00;Strada Urbana;VICOLO DI PAPA LEONE;all'intersezione con;VIA ALBERESE;VIA ALBERESE;;;Scontro laterale fra veicoli in marcia;Incrocio;Una carreggiata a doppio senso;Asciutto;Asfaltata;Verticale ed orizzontale;Nuvoloso;Normale;Sufficiente;Sufficiente;1;0;0;1;;;0;2;Motociclo a solo;In marcia / fermata / arresto;Suzuki;Burgman;Conducente;1967;M;Rimandato;0;NON DECEDUTO;Non accertato;
3570285;19;25/11/2017 11:30:00;;VIA DI BOCCEA;in prossimità;;del civico n.;1151;;Fuoriuscita dalla sede stradale;;;;;;;;;;0;0;0;1;;;0;1;Autovettura privata;In marcia / fermata / arresto;Fiat;Punto;Conducente;1947;F;Illeso;0;;;
3570291;19;24/11/2017 11:30:00;Strada Urbana;VIA DI SELVA CANDIDA;da specificare;;;;fronte civico 580;Veicolo in marcia contro ostacolo accidentale;Rettilineo;Una carreggiata a doppio senso;Asciutto;Asfaltata;Orizzontale;Sereno;Normale;Buona;Ore Diurne;1;0;0;0;;;0;1;Velocipede;In marcia / fermata / arresto;(ignoto);(ignoto);Conducente;1967;F;Rimandato;0;NON DECEDUTO;Esente;
3570299;19;24/11/2017 19:40:00;;VIA TRIONFALE;in prossimità;;del civico n.;7798;;Investimento di pedone;;;;;;;;;;1;0;0;1;;;0;;;;;;Pedone;1988;M;Rifiuta cure immediate;0;NON DECEDUTO;;
3570299;19;24/11/2017 19:40:00;;VIA TRIONFALE;in prossimità;;del civico n.;7798;;Investimento di pedone;;;;;;;;;;1;0;0;1;;;0;1;Motociclo a solo;In marcia / fermata / arresto;Yamaha;(ignoto);Conducente;1980;M;Illeso;0;;;
3570318;19;24/11/2017 15:45:00;;VIA AURELIA;in corrispondenza;;della chilometrica;9.6;;Scontro laterale fra veicoli in marcia;;;;;;;;;;0;0;0;2;;;0;1;Autovettura di polizia;In marcia / fermata / arresto;Peugeot;208;Conducente;1970;M;Illeso;0;;;
3570318;19;24/11/2017 15:45:00;;VIA AURELIA;in corrispondenza;;della chilometrica;9.6;;Scontro laterale fra veicoli in marcia;;;;;;;;;;0;0;0;2;;;0;2;Autovettura privata;In marcia / fermata / arresto;Mazda;(ignoto);Conducente;1978;M;Illeso;0;;;
3570714;13;25/11/2017 10:00:00;Strada Urbana;VIA DI MALAFEDE;in corrispondenza;;del palo luce n.;72;;Veicolo in marcia contro ostacolo fisso;Curva a visuale libera;Una carreggiata a doppio senso;Asciutto;Asfaltata;Verticale;Nuvoloso;Normale;Buona;Ore Diurne;0;0;0;1;12,38935;41,79027;0;1;Autovettura privata;In marcia / fermata / arresto;Opel;Corsa;Conducente;1973;M;Illeso;0;;Non accertato;Inesploso
3570780;20;25/11/2017 22:00:00;Regionale;VIADOTTO GIUBILEO DEL 2000;da specificare;;;;Strada Regionale 3 km 13,100 dir Roma;Tamponamento;Curva a visuale libera;Due carreggiate;Bagnato (pioggia);Asfaltata;Orizzontale;Pioggia in atto;Scarso;Insufficiente;Insufficiente;1;1;0;1;;;0;1;Autovettura privata;In marcia / fermata / arresto;Ford;Focus;Conducente;1969;M;Illeso;0;;Non accertato;
3570780;20;25/11/2017 22:00:00;Regionale;VIADOTTO GIUBILEO DEL 2000;da specificare;;;;Strada Regionale 3 km 13,100 dir Roma;Tamponamento;Curva a visuale libera;Due carreggiate;Bagnato (pioggia);Asfaltata;Orizzontale;Pioggia in atto;Scarso;Insufficiente;Insufficiente;1;1;0;1;;;0;2;Motociclo con passeggero;In marcia / fermata / arresto;Aprilia;Scarabeo;Conducente;1975;M;Ricoverato;0;NON DECEDUTO;Non accertato;
3570780;20;25/11/2017 22:00:00;Regionale;VIADOTTO GIUBILEO DEL 2000;da specificare;;;;Strada Regionale 3 km 13,100 dir Roma;Tamponamento;Curva a visuale libera;Due carreggiate;Bagnato (pioggia);Asfaltata;Orizzontale;Pioggia in atto;Scarso;Insufficiente;Insufficiente;1;1;0;1;;;0;2;Motociclo con passeggero;In marcia / fermata / arresto;Aprilia;Scarabeo;Passeggero;1981;F;Prognosi riservata;0;NON DECEDUTO;Non accertato;
3570794;13;24/11/2017 19:20:00;Strada Urbana;VIALE DEI ROMAGNOLI;in corrispondenza;;del civico n.;1087;;Scontro laterale fra veicoli in marcia;Rettilineo;Una carreggiata a doppio senso;Asciutto;Asfaltata;Verticale ed orizzontale;Sereno;Normale;Sufficiente;Sufficiente;0;0;0;3;12,31726;41,76707;0;1;Autovettura privata;In marcia / fermata / arresto;Volkswagen;FOX;Conducente;1939;F;Illeso;0;;Non accertato;
3570794;13;24/11/2017 19:20:00;Strada Urbana;VIALE DEI ROMAGNOLI;in corrispondenza;;del civico n.;1087;;Scontro laterale fra veicoli in marcia;Rettilineo;Una carreggiata a doppio senso;Asciutto;Asfaltata;Verticale ed orizzontale;Sereno;Normale;Sufficiente;Sufficiente;0;0;0;3;12,31726;41,76707;0;2;Autovettura privata;In marcia / fermata / arresto;Ford;Fiesta;Conducente;1978;M;Illeso;0;;Non accertato;
3570794;13;24/11/2017 19:20:00;Strada Urbana;VIALE DEI ROMAGNOLI;in corrispondenza;;del civico n.;1087;;Scontro laterale fra veicoli in marcia;Rettilineo;Una carreggiata a doppio senso;Asciutto;Asfaltata;Verticale ed orizzontale;Sereno;Normale;Sufficiente;Sufficiente;0;0;0;3;12,31726;41,76707;0;2;Autovettura privata;In marcia / fermata / arresto;Ford;Fiesta;Passeggero;2011;F;Illeso;0;;;
3570841;13;26/11/2017 00:30:00;Strada Urbana;VIA DEL LIDO DI CASTELPORZIANO;all'intersezione con;VIALE DI CASTEL PORZIANO;VIALE DI CASTEL PORZIANO;;;Scontro frontale/laterale SX fra veicoli in marcia;Incrocio;Una carreggiata a doppio senso;Bagnato (umidità in atto);Asfaltata;Verticale;Nuvoloso;Scarso;Buona;Insufficiente;2;0;0;1;12,33985;41,72701;0;1;Autovettura privata;In marcia / fermata / arresto;Fiat;Punto;Conducente;1959;F;Illeso;0;;Non accertato;Esploso
3570841;13;26/11/2017 00:30:00;Strada Urbana;VIA DEL LIDO DI CASTELPORZIANO;all'intersezione con;VIALE DI CASTEL PORZIANO;VIALE DI CASTEL PORZIANO;;;Scontro frontale/laterale SX fra veicoli in marcia;Incrocio;Una carreggiata a doppio senso;Bagnato (umidità in atto);Asfaltata;Verticale;Nuvoloso;Scarso;Buona;Insufficiente;2;0;0;1;12,33985;41,72701;0;2;Autovettura privata;In marcia / fermata / arresto;Volkswagen;UP;Conducente;1974;M;Ricoverato;0;NON DECEDUTO;Non accertato;Esploso
3570841;13;26/11/2017 00:30:00;Strada Urbana;VIA DEL LIDO DI CASTELPORZIANO;all'intersezione con;VIALE DI CASTEL PORZIANO;VIALE DI CASTEL PORZIANO;;;Scontro frontale/laterale SX fra veicoli in marcia;Incrocio;Una carreggiata a doppio senso;Bagnato (umidità in atto);Asfaltata;Verticale;Nuvoloso;Scarso;Buona;Insufficiente;2;0;0;1;12,33985;41,72701;0;2;Autovettura privata;In marcia / fermata / arresto;Volkswagen;UP;Passeggero;1967;F;Ricoverato;0;NON DECEDUTO;Non accertato;Inesploso