Protocollo;Gruppo;DataOraIncidente;Localizzazione1;STRADA1;Localizzazione2;STRADA2;Strada02;Chilometrica;DaSpecificare;NaturaIncidente;particolaritastrade;TipoStrada;FondoStradale;Pavimentazione;Segnaletica;CondizioneAtmosferica;Traffico;Visibilita;Illuminazione;NUM_FERITI;NUM_RISERVATA;NUM_MORTI;NUM_ILLESI;Longitudine;Latitudine;Confermato;Progressivo;TipoVeicolo;StatoVeicolo;Marca;Modello;TipoPersona;AnnoNascita;Sesso;Tipolesione;Deceduto;DecedutoDopo;CinturaCascoUtilizzato;Airbag;
3573418;11;27/11/2017 10:00:00;;VIA LAURENTINA;in corrispondenza;;del civico n.;470;;Scontro laterale fra veicoli in marcia;;;;;;;;;;0;0;0;3;;;0;2;Autovettura privata;In marcia / fermata / arresto;Toyota;(ignoto);Conducente;1991;M;Illeso;0;;;
3573419;19;27/11/2017 14:00:00;;VIA DELLA PINETA SACCHETTI;in prossimità;;del civico n.;205/b;;Scontro frontale/laterale DX fra veicoli in marcia;;;;;;;;;;1;0;0;1;;;0;1;Autovettura privata;In marcia / fermata / arresto;Seat;Leon;Conducente;1978;M;Illeso;0;;Non accertato;
3573419;19;27/11/2017 14:00:00;;VIA DELLA PINETA SACCHETTI;in prossimità;;del civico n.;205/b;;Scontro frontale/laterale DX fra veicoli in marcia;;;;;;;;;;1;0;0;1;;;0;2;Motociclo a solo;In marcia / fermata / arresto;Honda;SH 150;Conducente;1965;F;Rimandato;0;NON DECEDUTO;Non accertato;
3573428;1;27/11/2017 14:20:00;Strada Urbana;VIA VICENZA;all'intersezione con;VIA DEI MILLE;VIA DEI MILLE;;;Scontro frontale/laterale DX fra veicoli in marcia;Incrocio;Una carreggiata a senso unico di marcia;Asciutto;Asfaltata;Verticale ed orizzontale;Sereno;Normale;Buona;Ore Diurne;1;0;0;2;;;0;1;Autovettura pubblica;In marcia / fermata / arresto;Fiat;Stilo;Conducente;1954;M;Illeso;0;;;
3573428;1;27/11/2017 14:20:00;Strada Urbana;VIA VICENZA;all'intersezione con;VIA DEI MILLE;VIA DEI MILLE;;;Scontro frontale/laterale DX fra veicoli in marcia;Incrocio;Una carreggiata a senso unico di marcia;Asciutto;Asfaltata;Verticale ed orizzontale;Sereno;Normale;Buona;Ore Diurne;1;0;0;2;;;0;2;Autovettura privata;In marcia / fermata / arresto;Alfa Romeo;Giulietta;Conducente;1983;F;Illeso;0;;;
3573428;1;27/11/2017 14:20:00;Strada Urbana;VIA VICENZA;all'intersezione con;VIA DEI MILLE;VIA DEI MILLE;;;Scontro frontale/laterale DX fra veicoli in marcia;Incrocio;Una carreggiata a senso unico di marcia;Asciutto;Asfaltata;Verticale ed orizzontale;Sereno;Normale;Buona;Ore Diurne;1;0;0;2;;;0;2;Autovettura privata;In marcia / fermata / arresto;Alfa Romeo;Giulietta;Passeggero;0;M;Rimandato;0;NON DECEDUTO;;
3573430;13;27/11/2017 17:43:00;Strada Urbana;VIA DELLE BALENIERE;all'intersezione con;VIA DELLE CANARIE;VIA DELLE CANARIE;;;Investimento di pedone;Incrocio;Una carreggiata a doppio senso;Asciutto;Asfaltata;Orizzontale;Sereno;Normale;Buona;Sufficiente;1;0;0;1;12,28045;41,73985;0;;;;;;Pedone;1938;F;Ricoverato;0;NON DECEDUTO;;
3573430;13;27/11/2017 17:43:00;Strada Urbana;VIA DELLE BALENIERE;all'intersezione con;VIA DELLE CANARIE;VIA DELLE CANARIE;;;Investimento di pedone;Incrocio;Una carreggiata a doppio senso;Asciutto;Asfaltata;Orizzontale;Sereno;Normale;Buona;Sufficiente;1;0;0;1;12,28045;41,73985;0;1;Autobus turistico;In marcia / fermata / arresto;Xiamen King Long;XMQ 69003;Conducente;1972;M;Illeso;0;;Non accertato;Inesploso
3573433;11;27/11/2017 21:10:00;Strada Urbana;VIA DELLE SETTE CHIESE;all'intersezione semaforizzata con;VIA DI S. PETRONILLA;VIA DI S. PETRONILLA;;;Scontro frontale/laterale SX fra veicoli in marcia;Intersezione semaforizzata;Due carreggiate;Asciutto;Asfaltata;Verticale ed orizzontale;Sereno;Normale;Buona;Sufficiente;0;0;0;2;12,50066;41,85959;0;1;Motociclo a solo;In marcia / fermata / arresto;Honda;SH;Conducente;1965;M;Illeso;0;;Utilizzato;
3573433;11;27/11/2017 21:10:00;Strada Urbana;VIA DELLE SETTE CHIESE;all'intersezione semaforizzata con;VIA DI S. PETRONILLA;VIA DI S. PETRONILLA;;;Scontro frontale/laterale SX fra veicoli in marcia;Intersezione semaforizzata;Due carreggiate;Asciutto;Asfaltata;Verticale ed orizzontale;Sereno;Normale;Buona;Sufficiente;0;0;0;2;12,50066;41,85959;0;2;Autovettura privata;In marcia / fermata / arresto;Opel;Zafira;Conducente;1974;M;Illeso;0;;Non accertato;
3573436;11;27/11/2017 06:50:00;Strada Urbana;VIA CRISTOFORO COLOMBO;da specificare;;;;carreggiata laterale dir. Eur civico 438;Tamponamento;Rettilineo;Più di due carreggiate;Asciutto;Asfaltata;Verticale ed orizzontale;Sereno;Normale;Buona;Ore Diurne;0;0;0;3;12,48549;41,8515;0;1;Autovettura privata;In marcia / fermata / arresto;Renault;4;Conducente;1974;F;Illeso;0;;;
3573436;11;27/11/2017 06:50:00;Strada Urbana;VIA CRISTOFORO COLOMBO;da specificare;;;;carreggiata laterale dir. Eur civico 438;Tamponamento;Rettilineo;Più di due carreggiate;Asciutto;Asfaltata;Verticale ed orizzontale;Sereno;Normale;Buona;Ore Diurne;0;0;0;3;12,48549;41,8515;0;2;Autocarro inferiore 35 q.;In marcia / fermata / arresto;Fiat Iveco;(non accertato);Conducente;1976;M;Illeso;0;;;
3573436;11;27/11/2017 06:50:00;Strada Urbana;VIA CRISTOFORO COLOMBO;da specificare;;;;carreggiata laterale dir. Eur civico 438;Tamponamento;Rettilineo;Più di due carreggiate;Asciutto;Asfaltata;Verticale ed orizzontale;Sereno;Normale;Buona;Ore Diurne;0;0;0;3;12,48549;41,8515;0;2;Autocarro inferiore 35 q.;In marcia / fermata / arresto;Fiat Iveco;(non accertato);Passeggero;1979;F;Illeso;0;;;
3573440;13;27/11/2017 13:30:00;;VIA COSTANTINO BESCHI;all'intersezione con;VIA FABIANO LANDI;VIA FABIANO LANDI;;;Scontro frontale/laterale SX fra veicoli in marcia;;;;;;;;;;0;0;0;3;12,3674;41,78526;0;1;Autovettura privata;In marcia / fermata / arresto;Fiat;Punto;Conducente;1977;M;Illeso;0;;;
3573440;13;27/11/2017 13:30:00;;VIA COSTANTINO BESCHI;all'intersezione con;VIA FABIANO LANDI;VIA FABIANO LANDI;;;Scontro frontale/laterale SX fra veicoli in marcia;;;;;;;;;;0;0;0;3;12,3674;41,78526;0;1;Autovettura privata;In marcia / fermata / arresto;Fiat;Punto;Passeggero;1969;M;Illeso;0;;Non accertato;Inesistente
3573440;13;27/11/2017 13:30:00;;VIA COSTANTINO BESCHI;all'intersezione con;VIA FABIANO LANDI;VIA FABIANO LANDI;;;Scontro frontale/laterale SX fra veicoli in marcia;;;;;;;;;;0;0;0;3;12,3674;41,78526;0;2;Autovettura privata;In marcia / fermata / arresto;Volkswagen;Passat;Conducente;1986;M;Illeso;0;;;
3573442;11;27/11/2017 13:00:00;;VIA ATTILIO AMBROSINI;all'intersezione semaforizzata con;VIA ACCADEMIA DEGLI AGIATI;VIA ACCADEMIA DEGLI AGIATI;;;Veicolo in marcia contro ostacolo accidentale;;;;;;;;;;0;0;0;1;;;0;1;Autovettura privata;In marcia / fermata / arresto;BMW;SERIE 1;Conducente;1989;M;Illeso;0;;;
3573450;1;27/11/2017 20:00:00;Strada Urbana;VIA VITTORIO VENETO;all'intersezione semaforizzata con;VIA BONCOMPAGNI;VIA BONCOMPAGNI;;;Scontro frontale fra veicoli in marcia;Intersezione semaforizzata;Una carreggiata a doppio senso;Asciutto;Asfaltata;Verticale ed orizzontale;Sereno;Normale;Sufficiente;Sufficiente;0;0;0;2;12,49;41,90739;0;1;Motociclo a solo;In marcia / fermata / arresto;Yamaha;X - MAX;Conducente;1988;M;Illeso;0;;Utilizzato;
3573450;1;27/11/2017 20:00:00;Strada Urbana;VIA VITTORIO VENETO;all'intersezione semaforizzata con;VIA BONCOMPAGNI;VIA BONCOMPAGNI;;;Scontro frontale fra veicoli in marcia;Intersezione semaforizzata;Una carreggiata a doppio senso;Asciutto;Asfaltata;Verticale ed orizzontale;Sereno;Normale;Sufficiente;Sufficiente;0;0;0;2;12,49;41,90739;0;2;Autovettura pubblica;In marcia / fermata / arresto;Toyota;prius;Conducente;1955;M;Illeso;0;;Utilizzato;Inesploso
3573456;13;27/11/2017 08:50:00;;VIA DELLE BALENIERE;all'intersezione con;VIA DELLE ANTILLE;VIA DELLE ANTILLE;;;Scontro laterale fra veicoli in marcia;;;;;;;;;;0;0;0;2;12,27948;41,73814;0;1;Autovettura privata;In marcia / fermata / arresto;Nissan;Micra;Conducente;1991;F;Illeso;0;;Non accertato;Inesploso
3573456;13;27/11/2017 08:50:00;;VIA DELLE BALENIERE;all'intersezione con;VIA DELLE ANTILLE;VIA DELLE ANTILLE;;;Scontro laterale fra veicoli in marcia;;;;;;;;;;0;0;0;2;12,27948;41,73814;0;2;Autobus di linea;In marcia / fermata / arresto;Evobus;530/S93;Conducente;1969;M;Illeso;0;;Non accertato;Inesploso
3573457;7;27/11/2017 12:20:00;Strada Urbana;VIALE PALMIRO TOGLIATTI;in corrispondenza;;del civico n.;495;;Scontro laterale fra veicoli in marcia;Rettilineo;Due carreggiate;Asciutto;Asfaltata;Verticale ed orizzontale;Sereno;Normale;Buona;Ore Diurne;0;0;0;2;12,56873;41,87286;-1;1;Autovettura privata;In marcia / fermata / arresto;Mercedes;Smart Fortwo Coupè;Conducente;1960;M;Illeso;0;;Non accertato;Inesploso
3573457;7;27/11/2017 12:20:00;Strada Urbana;VIALE PALMIRO TOGLIATTI;in corrispondenza;;del civico n.;495;;Scontro laterale fra veicoli in marcia;Rettilineo;Due carreggiate;Asciutto;Asfaltata;Verticale ed orizzontale;Sereno;Normale;Buona;Ore Diurne;0;0;0;2;12,56873;41,87286;-1;2;Autovettura privata;In marcia / fermata / arresto;Volkswagen;Golf;Conducente;1962;M;Illeso;0;;Non accertato;Inesploso
3573468;11;27/11/2017 06:50:00;Strada Urbana;VIALE DEL TINTORETTO;in corrispondenza;;del civico n.;326;;Scontro laterale fra veicoli in marcia;Rettilineo;Due carreggiate;Asciutto;Asfaltata;Verticale ed orizzontale;Sereno;Normale;Buona;Ore Diurne;0;0;0;2;12,49274;41,83322;0;1;Autobus di linea;In marcia / fermata / arresto;TEMSA;AVENUE LF;Conducente;1975;M;Illeso;0;;Non accertato;
3573468;11;27/11/2017 06:50:00;Strada Urbana;VIALE DEL TINTORETTO;in corrispondenza;;del civico n.;326;;Scontro laterale fra veicoli in marcia;Rettilineo;Due carreggiate;Asciutto;Asfaltata;Verticale ed orizzontale;Sereno;Normale;Buona;Ore Diurne;0;0;0;2;12,49274;41,83322;0;2;Autovettura privata;In marcia / fermata / arresto;Toyota;Aygo;Conducente;1999;M;Illeso;0;;Non accertato;
3573481;4;27/11/2017 10:15:00;;VIA UGO OJETTI;in prossimità;;del civico n.;380;;Scontro laterale fra veicoli in marcia;;;;;;;;;;1;0;0;1;12,55444;41,94648;0;1;Autovettura privata;In marcia / fermata / arresto;Skoda;Fabia;Conducente;1938;M;Illeso;0;;;
3573481;4;27/11/2017 10:15:00;;VIA UGO OJETTI;in prossimità;;del civico n.;380;;Scontro laterale fra veicoli in marcia;;;;;;;;;;1;0;0;1;12,55444;41,94648;0;2;Motociclo a solo;In marcia / fermata / arresto;Yamaha;T-MAX;Conducente;1985;M;Rimandato;0;NON DECEDUTO;;
3573482;4;27/11/2017 08:50:00;;VIA NOMENTANA;all'intersezione con;VIALE SORA LELLA;VIALE SORA LELLA;;;Scontro frontale/laterale SX fra veicoli in marcia;;;;;;;;;;0;0;0;2;12,55901;41,9438;0;1;Autovettura privata;In marcia / fermata / arresto;Lancia;Ypsilon;Conducente;1980;F;Illeso;0;;Non accertato;
3573482;4;27/11/2017 08:50:00;;VIA NOMENTANA;all'intersezione con;VIALE SORA LELLA;VIALE SORA LELLA;;;Scontro frontale/laterale SX fra veicoli in marcia;;;;;;;;;;0;0;0;2;12,55901;41,9438;0;2;Autovettura privata;In marcia / fermata / arresto;Citroen;C1;Conducente;1935;M;Illeso;0;;;
3573485;20;27/11/2017 12:00:00;Strada Urbana;PIAZZA LAURO DE BOSIS;da specificare;;;;prossimità Ponte Duca d'Aosta;Scontro laterale fra veicoli in marcia;Rettilineo;Due carreggiate;Asciutto;Asfaltata;Verticale ed orizzontale;Sereno;Normale;Buona;Ore Diurne;1;0;0;1;;;0;1;Motociclo a solo;In marcia / fermata / arresto;BMW;(ignoto);Conducente;1948;M;Illeso;0;;Non accertato;
3573485;20;27/11/2017 12:00:00;Strada Urbana;PIAZZA LAURO DE BOSIS;da specificare;;;;prossimità Ponte Duca d'Aosta;Scontro laterale fra veicoli in marcia;Rettilineo;Due carreggiate;Asciutto;Asfaltata;Verticale ed orizzontale;Sereno;Normale;Buona;Ore Diurne;1;0;0;1;;;0;2;Motociclo a solo;In marcia / fermata / arresto;Honda;RC;Conducente;1953;M;Rimandato;0;NON DECEDUTO;Non accertato;
3573488;20;27/11/2017 18:30:00;Regionale entro l'abitato;VIA CASSIA;all'intersezione con;VIA RICCARDO MORBELLI;VIA RICCARDO MORBELLI;;;Scontro laterale fra veicoli in marcia;Incrocio;Una carreggiata a doppio senso;Asciutto;Asfaltata;Assente;Sereno;Normale;Sufficiente;Sufficiente;0;0;0;3;;;0;1;Autovettura privata;In marcia / fermata / arresto;Volkswagen;(ignoto);Conducente;1963;M;Illeso;0;;;
3573488;20;27/11/2017 18:30:00;Regionale entro l'abitato;VIA CASSIA;all'intersezione con;VIA RICCARDO MORBELLI;VIA RICCARDO MORBELLI;;;Scontro laterale fra veicoli in marcia;Incrocio;Una carreggiata a doppio senso;Asciutto;Asfaltata;Assente;Sereno;Normale;Sufficiente;Sufficiente;0;0;0;3;;;0;1;Autovettura privata;In marcia / fermata / arresto;Volkswagen;(ignoto);Passeggero;1942;F;Illeso;0;;;
3573488;20;27/11/2017 18:30:00;Regionale entro l'abitato;VIA CASSIA;all'intersezione con;VIA RICCARDO MORBELLI;VIA RICCARDO MORBELLI;;;Scontro laterale fra veicoli in marcia;Incrocio;Una carreggiata a doppio senso;Asciutto;Asfaltata;Assente;Sereno;Normale;Sufficiente;Sufficiente;0;0;0;3;;;0;2;Motociclo a solo;In marcia / fermata / arresto;Yamaha;T MAX;Conducente;1971;M;Illeso;0;;;
3573491;20;27/11/2017 09:30:00;Regionale entro l'abitato;VIA CASSIA;da specificare;;;;fronte civ. 1304;Scontro laterale fra veicoli in marcia;Rettilineo;Una carreggiata a doppio senso;Asciutto;Asfaltata;Assente;Sereno;Intenso;Buona;Ore Diurne;0;0;0;2;;;0;1;Autovettura privata;In marcia / fermata / arresto;Renault;NEW TWINGO;Conducente;1990;M;Illeso;0;;Non accertato;
3573491;20;27/11/2017 09:30:00;Regionale entro l'abitato;VIA CASSIA;da specificare;;;;fronte civ. 1304;Scontro laterale fra veicoli in marcia;Rettilineo;Una carreggiata a doppio senso;Asciutto;Asfaltata;Assente;Sereno;Intenso;Buona;Ore Diurne;0;0;0;2;;;0;2;Motociclo a solo;In marcia / fermata / arresto;Yamaha;XT 600;Conducente;1990;M;Illeso;0;;Non accertato;
3573492;1;27/11/2017 14:30:00;Strada Urbana;PIAZZA DEL COLOSSEO;da specificare;;;;PIAZZA DEL COLOSSEO;Veicolo in marcia contro veicolo fermo;Strettoia;Una carreggiata a doppio senso;Asciutto;Asfaltata;Verticale ed orizzontale;Sereno;Scarso;Buona;Ore Diurne;0;0;0;1;;;0;1;Autobus urbano;In marcia / fermata / arresto;(non accertato);(non accertato);Conducente;1966;M;Illeso;0;;;
3573506;1;26/11/2017 14:00:00;Strada Urbana;VIA DI PORTA PINCIANA;all'intersezione con;VIA AURORA;VIA AURORA;;;Scontro laterale fra veicoli in marcia;Incrocio;Una carreggiata a senso unico di marcia;Asciutto;Asfaltata;Verticale ed orizzontale;Sereno;Normale;Buona;Ore Diurne;2;0;0;0;12,48716;41,90841;0;1;Motociclo a solo;In marcia / fermata / arresto;Piaggio;Beverly;Conducente;1964;M;Rimandato;0;NON DECEDUTO;Utilizzato;
3573506;1;26/11/2017 14:00:00;Strada Urbana;VIA DI PORTA PINCIANA;all'intersezione con;VIA AURORA;VIA AURORA;;;Scontro laterale fra veicoli in marcia;Incrocio;Una carreggiata a senso unico di marcia;Asciutto;Asfaltata;Verticale ed orizzontale;Sereno;Normale;Buona;Ore Diurne;2;0;0;0;12,48716;41,90841;0;2;Motociclo a solo;In marcia / fermata / arresto;Honda;SH 300;Conducente;1978;M;Rimandato;0;NON DECEDUTO;Utilizzato;
3573509;13;27/11/2017 09:30:00;;VIA ALESSANDRO ROLLA;all'intersezione con;VIA GIACOMO TRITTO;VIA GIACOMO TRITTO;;;Scontro frontale/laterale DX fra veicoli in marcia;;;;;;;;;;0;0;0;3;;;0;1;Autovettura privata;In marcia / fermata / arresto;BMW;520 D;Conducente;1969;M;Illeso;0;;Non accertato;Inesploso
3573509;13;27/11/2017 09:30:00;;VIA ALESSANDRO ROLLA;all'intersezione con;VIA GIACOMO TRITTO;VIA GIACOMO TRITTO;;;Scontro frontale/laterale DX fra veicoli in marcia;;;;;;;;;;0;0;0;3;;;0;1;Autovettura privata;In marcia / fermata / arresto;BMW;520 D;Passeggero;1973;F;Illeso;0;;Non accertato;Inesploso
3573509;13;27/11/2017 09:30:00;;VIA ALESSANDRO ROLLA;all'intersezione con;VIA GIACOMO TRITTO;VIA GIACOMO TRITTO;;;Scontro frontale/laterale DX fra veicoli in marcia;;;;;;;;;;0;0;0;3;;;0;2;Autovettura privata;In marcia / fermata / arresto;Fiat;Seicento;Conducente;1944;F;Illeso;0;;Non accertato;Inesploso
3573510;20;27/11/2017 11:55:00;Strada Urbana;VIA DELLA FARNESINA;da specificare;;;;frontr civico 3;Scontro frontale/laterale DX fra veicoli in marcia;Rettilineo;Una carreggiata a doppio senso;Asciutto;Asfaltata;Verticale ed orizzontale;Sereno;Normale;Buona;Ore Diurne;1;0;0;2;;;0;1;Autovettura privata;In marcia / fermata / arresto;Citroen;C 2;Conducente;1980;M;Illeso;0;;;
3573510;20;27/11/2017 11:55:00;Strada Urbana;VIA DELLA FARNESINA;da specificare;;;;frontr civico 3;Scontro frontale/laterale DX fra veicoli in marcia;Rettilineo;Una carreggiata a doppio senso;Asciutto;Asfaltata;Verticale ed orizzontale;Sereno;Normale;Buona;Ore Diurne;1;0;0;2;;;0;2;Motociclo a solo;In marcia / fermata / arresto;Honda;sh300;Conducente;1971;M;Illeso;0;;;
3573510;20;27/11/2017 11:55:00;Strada Urbana;VIA DELLA FARNESINA;da specificare;;;;frontr civico 3;Scontro frontale/laterale DX fra veicoli in marcia;Rettilineo;Una carreggiata a doppio senso;Asciutto;Asfaltata;Verticale ed orizzontale;Sereno;Normale;Buona;Ore Diurne;1;0;0;2;;;0;3;Motociclo a solo;In marcia / fermata / arresto;Yamaha;YP 400;Conducente;1963;M;Rimandato;0;NON DECEDUTO;Non accertato;
3573519;11;27/11/2017 16:15:00;;LARGO LAMBERTO LORIA;da specificare;;;;fronte via Tito Omboni;Scontro frontale fra veicoli in marcia;;;;;;;;;;0;0;0;2;12,49865;41,86241;0;1;Autovettura privata;In marcia / fermata / arresto;Mercedes;Smart For Two;Conducente;1972;F;Illeso;0;;Non accertato;
3573519;11;27/11/2017 16:15:00;;LARGO LAMBERTO LORIA;da specificare;;;;fronte via Tito Omboni;Scontro frontale fra veicoli in marcia;;;;;;;;;;0;0;0;2;12,49865;41,86241;0;2;Autovettura privata;In marcia / fermata / arresto;Audi;A4;Conducente;1981;M;Illeso;0;;Non accertato;
3573537;20;27/11/2017 09:10:00;Strada Urbana;VIA DI VALLE MURICANA;all'intersezione con;VIA ERVE;VIA ERVE;;;Scontro frontale fra veicoli in marcia;Intersezione non regolata/non segnalata;Una carreggiata a doppio senso;Asciutto;Asfaltata;Verticale ed orizzontale;Sereno;Normale;Buona;Ore Diurne;0;0;0;2;;;0;1;Motociclo a solo;In marcia / fermata / arresto;Honda;SH125;Conducente;1994;M;Illeso;0;;;
3573537;20;27/11/2017 09:10:00;Strada Urbana;VIA DI VALLE MURICANA;all'intersezione con;VIA ERVE;VIA ERVE;;;Scontro frontale fra veicoli in marcia;Intersezione non regolata/non segnalata;Una carreggiata a doppio senso;Asciutto;Asfaltata;Verticale ed orizzontale;Sereno;Normale;Buona;Ore Diurne;0;0;0;2;;;0;2;Autocarro inferiore 35 q.;In marcia / fermata / arresto;Fiat;Ducato;Conducente;1992;M;Illeso;0;;;
3573542;20;27/11/2017 08:10:00;Strada Urbana;VIA CASSIA NUOVA;da specificare;;;;altezza via Cassia Antica;Scontro laterale fra veicoli in marcia;Rettilineo;Una carreggiata a doppio senso;Asciutto;Asfaltata;Orizzontale;Sereno;Intenso;Buona;Ore Diurne;0;0;0;4;;;0;1;Autovettura privata;In marcia / fermata / arresto;Renault;Clio;Conducente;1964;F;Illeso;0;;Non accertato;
3573542;20;27/11/2017 08:10:00;Strada Urbana;VIA CASSIA NUOVA;da specificare;;;;altezza via Cassia Antica;Scontro laterale fra veicoli in marcia;Rettilineo;Una carreggiata a doppio senso;Asciutto;Asfaltata;Orizzontale;Sereno;Intenso;Buona;Ore Diurne;0;0;0;4;;;0;1;Autovettura privata;In marcia / fermata / arresto;Renault;Clio;Passeggero;2005;F;Illeso;0;;Non accertato;
3573542;20;27/11/2017 08:10:00;Strada Urbana;VIA CASSIA NUOVA;da specificare;;;;altezza via Cassia Antica;Scontro laterale fra veicoli in marcia;Rettilineo;Una carreggiata a doppio senso;Asciutto;Asfaltata;Orizzontale;Sereno;Intenso;Buona;Ore Diurne;0;0;0;4;;;0;2;Autovettura privata;In marcia / fermata / arresto;Alfa Romeo;147;Conducente;1985;M;Illeso;0;;Non accertato;
3573542;20;27/11/2017 08:10:00;Strada Urbana;VIA CASSIA NUOVA;da specificare;;;;altezza via Cassia Antica;Scontro laterale fra veicoli in marcia;Rettilineo;Una carreggiata a doppio senso;Asciutto;Asfaltata;Orizzontale;Sereno;Intenso;Buona;Ore Diurne;0;0;0;4;;;0;2;Autovettura privata;In marcia / fermata / arresto;Alfa Romeo;147;Passeggero;1955;F;Illeso;0;;Non accertato;Inesploso
3573551;20;27/11/2017 12:00:00;;VIA CASSIA;all'intersezione con;VIA DELLA CAMILLUCCIA;VIA DELLA CAMILLUCCIA;;;Veicolo in marcia contro ostacolo fisso;;;;;;;;;;0;0;0;1;;;0;1;Autovettura privata;In marcia / fermata / arresto;Alfa Romeo;Giulietta;Conducente;1976;M;Illeso;0;;Non accertato;Inesploso
3573574;1;27/11/2017 17:00:00;Strada Urbana;VIA MERULANA;in corrispondenza;;del civico n.;247;;Scontro frontale/laterale SX fra veicoli in marcia;Rettilineo;Una carreggiata a doppio senso;Asciutto;Asfaltata;Verticale ed orizzontale;Sereno;Normale;Sufficiente;Sufficiente;1;0;0;2;12,50089;41,89389;0;1;Autovettura privata;In marcia / fermata / arresto;Fiat;Panda;Conducente;1963;M;Illeso;0;;Utilizzato;Inesploso
3573574;1;27/11/2017 17:00:00;Strada Urbana;VIA MERULANA;in corrispondenza;;del civico n.;247;;Scontro frontale/laterale SX fra veicoli in marcia;Rettilineo;Una carreggiata a doppio senso;Asciutto;Asfaltata;Verticale ed orizzontale;Sereno;Normale;Sufficiente;Sufficiente;1;0;0;2;12,50089;41,89389;0;1;Autovettura privata;In marcia / fermata / arresto;Fiat;Panda;Passeggero;1937;M;Illeso;0;;Utilizzato;Inesploso
3573574;1;27/11/2017 17:00:00;Strada Urbana;VIA MERULANA;in corrispondenza;;del civico n.;247;;Scontro frontale/laterale SX fra veicoli in marcia;Rettilineo;Una carreggiata a doppio senso;Asciutto;Asfaltata;Verticale ed orizzontale;Sereno;Normale;Sufficiente;Sufficiente;1;0;0;2;12,50089;41,89389;0;2;Motociclo a solo;In marcia / fermata / arresto;Honda;Jazz;Conducente;1984;M;Rimandato;0;NON DECEDUTO;Utilizzato;
3573577;10;28/11/2017 08:05:00;Strada Urbana;VIA TUSCOLANA;in prossimità;;del civico n.;1000;;Veicolo in marcia contro veicoli in sosta;Rettilineo;Due carreggiate;Asciutto;Asfaltata;Assente;Sereno;Normale;Buona;Ore Diurne;0;0;0;1;;;0;1;Autocarro inferiore 35 q.;In marcia / fermata / arresto;Citroen;JUMPER;Conducente;1993;M;Illeso;0;;Non accertato;Inesploso
3573578;13;27/11/2017 08:17:00;;VIA CESARE MACCARI;in prossimità;;del civico n.;264;;Scontro frontale/laterale SX fra veicoli in marcia;;;;;;;;;;0;0;0;4;12,35865;41,77274;0;1;Autovettura privata;In marcia / fermata / arresto;Nissan;QASHQAI;Conducente;1972;M;Illeso;0;;Non accertato;Inesploso
3573578;13;27/11/2017 08:17:00;;VIA CESARE MACCARI;in prossimità;;del civico n.;264;;Scontro frontale/laterale SX fra veicoli in marcia;;;;;;;;;;0;0;0;4;12,35865;41,77274;0;1;Autovettura privata;In marcia / fermata / arresto;Nissan;QASHQAI;Passeggero;1975;F;Illeso;0;;Non accertato;Inesploso
3573578;13;27/11/2017 08:17:00;;VIA CESARE MACCARI;in prossimità;;del civico n.;264;;Scontro frontale/laterale SX fra veicoli in marcia;;;;;;;;;;0;0;0;4;12,35865;41,77274;0;1;Autovettura privata;In marcia / fermata / arresto;Nissan;QASHQAI;Passeggero;2013;M;Illeso;0;;Non accertato;Inesploso
3573578;13;27/11/2017 08:17:00;;VIA CESARE MACCARI;in prossimità;;del civico n.;264;;Scontro frontale/laterale SX fra veicoli in marcia;;;;;;;;;;0;0;0;4;12,35865;41,77274;0;2;Autovettura privata;In marcia / fermata / arresto;Mercedes;Smart Fortwo Coupè;Conducente;1993;F;Illeso;0;;Non accertato;Inesploso
3573579;4;27/11/2017 10:45:00;;VIA SALARIA;in prossimità;;del civico n.;691;;Tamponamento Multiplo;;;;;;;;;;0;0;0;7;;;0;1;Autovettura privata;In marcia / fermata / arresto;Opel;Zafira;Conducente;1976;M;Illeso;0;;Non accertato;
3573579;4;27/11/2017 10:45:00;;VIA SALARIA;in prossimità;;del civico n.;691;;Tamponamento Multiplo;;;;;;;;;;0;0;0;7;;;0;1;Autovettura privata;In marcia / fermata / arresto;Opel;Zafira;Passeggero;1975;F;Illeso;0;;Non accertato;
3573579;4;27/11/2017 10:45:00;;VIA SALARIA;in prossimità;;del civico n.;691;;Tamponamento Multiplo;;;;;;;;;;0;0;0;7;;;0;2;Autovettura privata;In marcia / fermata / arresto;Fiat;Panda;Conducente;1948;M;Illeso;0;;Non accertato;
3573579;4;27/11/2017 10:45:00;;VIA SALARIA;in prossimità;;del civico n.;691;;Tamponamento Multiplo;;;;;;;;;;0;0;0;7;;;0;3;Autovettura privata;In marcia / fermata / arresto;Mercedes;C200;Conducente;1988;M;Illeso;0;;Non accertato;
3573579;4;27/11/2017 10:45:00;;VIA SALARIA;in prossimità;;del civico n.;691;;Tamponamento Multiplo;;;;;;;;;;0;0;0;7;;;0;3;Autovettura privata;In marcia / fermata / arresto;Mercedes;C200;Passeggero;1981;M;Illeso;0;;Non accertato;
3573579;4;27/11/2017 10:45:00;;VIA SALARIA;in prossimità;;del civico n.;691;;Tamponamento Multiplo;;;;;;;;;;0;0;0;7;;;0;3;Autovettura privata;In marcia / fermata / arresto;Mercedes;C200;Passeggero;1989;M;Illeso;0;;Non accertato;