Protocollo;Gruppo;DataOraIncidente;Localizzazione1;STRADA1;Localizzazione2;STRADA2;Strada02;Chilometrica;DaSpecificare;NaturaIncidente;particolaritastrade;TipoStrada;FondoStradale;Pavimentazione;Segnaletica;CondizioneAtmosferica;Traffico;Visibilita;Illuminazione;NUM_FERITI;NUM_RISERVATA;NUM_MORTI;NUM_ILLESI;Longitudine;Latitudine;Confermato;Progressivo;TipoVeicolo;StatoVeicolo;Marca;Modello;TipoPersona;AnnoNascita;Sesso;Tipolesione;Deceduto;DecedutoDopo;CinturaCascoUtilizzato;Airbag;
3575207;7;28/11/2017 12:45:00;Strada Urbana;VIA DELLE ROBINIE;all'intersezione con;PIAZZA DELLE CONIFERE;PIAZZA DELLE CONIFERE;;;Scontro frontale/laterale SX fra veicoli in marcia;Incrocio;Una carreggiata a doppio senso;Asciutto;Asfaltata;Verticale ed orizzontale;Nuvoloso;Normale;Buona;Ore Diurne;1;0;0;1;12,56817;41,88259;0;2;Autovettura privata;In marcia / fermata / arresto;Opel;Meriva;Conducente;1961;M;Illeso;0;;Non accertato;Inesploso
3575210;11;28/11/2017 21:00:00;Strada Urbana;VIALE PICO DELLA MIRANDOLA;in corrispondenza;;del civico n.;89;;Investimento di pedone;Rettilineo;Due carreggiate;Asciutto;Asfaltata;Verticale ed orizzontale;Nuvoloso;Scarso;Sufficiente;Sufficiente;1;0;0;2;12,48675;41,84646;0;;;;;;Pedone;1983;M;Rimandato;0;NON DECEDUTO;;
3575210;11;28/11/2017 21:00:00;Strada Urbana;VIALE PICO DELLA MIRANDOLA;in corrispondenza;;del civico n.;89;;Investimento di pedone;Rettilineo;Due carreggiate;Asciutto;Asfaltata;Verticale ed orizzontale;Nuvoloso;Scarso;Sufficiente;Sufficiente;1;0;0;2;12,48675;41,84646;0;1;Autovettura privata;In marcia / fermata / arresto;Fiat;Punto;Conducente;1986;M;Illeso;0;;Utilizzato;
3575210;11;28/11/2017 21:00:00;Strada Urbana;VIALE PICO DELLA MIRANDOLA;in corrispondenza;;del civico n.;89;;Investimento di pedone;Rettilineo;Due carreggiate;Asciutto;Asfaltata;Verticale ed orizzontale;Nuvoloso;Scarso;Sufficiente;Sufficiente;1;0;0;2;12,48675;41,84646;0;1;Autovettura privata;In marcia / fermata / arresto;Fiat;Punto;Passeggero;1990;M;Illeso;0;;;
3575211;7;28/11/2017 09:50:00;Strada Urbana;VIALE ALESSANDRINO;all'intersezione con;VIA DEL PERGOLATO;VIA DEL PERGOLATO;;;Investimento di pedone;Incrocio;Una carreggiata a doppio senso;Asciutto;Asfaltata;Verticale ed orizzontale;Sereno;Normale;Buona;Ore Diurne;1;0;0;2;;;0;;;;;;Pedone;2001;M;Rimandato;0;NON DECEDUTO;;
3575211;7;28/11/2017 09:50:00;Strada Urbana;VIALE ALESSANDRINO;all'intersezione con;VIA DEL PERGOLATO;VIA DEL PERGOLATO;;;Investimento di pedone;Incrocio;Una carreggiata a doppio senso;Asciutto;Asfaltata;Verticale ed orizzontale;Sereno;Normale;Buona;Ore Diurne;1;0;0;2;;;0;1;Autovettura privata;In marcia / fermata / arresto;Fiat;Punto;Conducente;1935;F;Illeso;0;;;
3575211;7;28/11/2017 09:50:00;Strada Urbana;VIALE ALESSANDRINO;all'intersezione con;VIA DEL PERGOLATO;VIA DEL PERGOLATO;;;Investimento di pedone;Incrocio;Una carreggiata a doppio senso;Asciutto;Asfaltata;Verticale ed orizzontale;Sereno;Normale;Buona;Ore Diurne;1;0;0;2;;;0;1;Autovettura privata;In marcia / fermata / arresto;Fiat;Punto;Passeggero;1935;F;Illeso;0;;;
3575212;11;28/11/2017 12:40:00;Strada Urbana;VIA LAURENTINA;all'intersezione con;PIAZZALE ROBERTO ARDIGO';PIAZZALE ROBERTO ARDIGO';;;Scontro frontale/laterale DX fra veicoli in marcia;Intersezione stradale segnalata;Due carreggiate;Asciutto;Asfaltata;Verticale ed orizzontale;Sereno;Normale;Buona;Ore Diurne;1;0;0;1;;;0;1;Autovettura privata;In marcia / fermata / arresto;Peugeot;207;Conducente;1955;F;Illeso;0;;;
3575212;11;28/11/2017 12:40:00;Strada Urbana;VIA LAURENTINA;all'intersezione con;PIAZZALE ROBERTO ARDIGO';PIAZZALE ROBERTO ARDIGO';;;Scontro frontale/laterale DX fra veicoli in marcia;Intersezione stradale segnalata;Due carreggiate;Asciutto;Asfaltata;Verticale ed orizzontale;Sereno;Normale;Buona;Ore Diurne;1;0;0;1;;;0;2;Motociclo a solo;In marcia / fermata / arresto;Honda;SH 300;Conducente;1972;M;Rimandato;0;NON DECEDUTO;;
3575215;7;28/11/2017 15:30:00;Strada Urbana;VIA PRENESTINA;all'intersezione con;VIA COLLATINA;VIA COLLATINA;;;Scontro frontale/laterale DX fra veicoli in marcia;Incrocio;Due carreggiate;Asciutto;Asfaltata;Assente;Sereno;Normale;Buona;Ore Diurne;1;0;0;1;12,56311;41,89497;0;1;Autovettura privata;In marcia / fermata / arresto;Audi;A6;Conducente;1969;M;Illeso;0;;Non accertato;Inesploso
3575215;7;28/11/2017 15:30:00;Strada Urbana;VIA PRENESTINA;all'intersezione con;VIA COLLATINA;VIA COLLATINA;;;Scontro frontale/laterale DX fra veicoli in marcia;Incrocio;Due carreggiate;Asciutto;Asfaltata;Assente;Sereno;Normale;Buona;Ore Diurne;1;0;0;1;12,56311;41,89497;0;2;Autovettura privata;In marcia / fermata / arresto;Mercedes;B 180;Conducente;1978;F;Rimandato;0;NON DECEDUTO;Non accertato;Inesploso
3575216;11;28/11/2017 17:35:00;Strada Urbana;VIALE GUGLIELMO MARCONI;all'intersezione con;LARGO GIUSEPPE VERATTI;LARGO GIUSEPPE VERATTI;;;Scontro frontale/laterale SX fra veicoli in marcia;Incrocio;Due carreggiate;Asciutto;Asfaltata;Verticale ed orizzontale;Sereno;Intenso;Buona;Ore Diurne;0;0;0;2;;;0;1;Motociclo a solo;In marcia / fermata / arresto;keeway;(ignoto);Conducente;2000;M;Illeso;0;;Non accertato;
3575216;11;28/11/2017 17:35:00;Strada Urbana;VIALE GUGLIELMO MARCONI;all'intersezione con;LARGO GIUSEPPE VERATTI;LARGO GIUSEPPE VERATTI;;;Scontro frontale/laterale SX fra veicoli in marcia;Incrocio;Due carreggiate;Asciutto;Asfaltata;Verticale ed orizzontale;Sereno;Intenso;Buona;Ore Diurne;0;0;0;2;;;0;2;Autovettura privata;In marcia / fermata / arresto;Toyota;IQ;Conducente;1965;M;Illeso;0;;Non accertato;
3575221;10;28/11/2017 19:30:00;;VIALE BRUNO RIZZIERI;da specificare;;;;rotatoria altezza via S. OBERTO;Scontro laterale fra veicoli in marcia;;;;;;;;;;0;0;0;3;;;0;1;Autovettura privata;In marcia / fermata / arresto;Citroen;C 3;Conducente;1954;M;Illeso;0;;;
3575221;10;28/11/2017 19:30:00;;VIALE BRUNO RIZZIERI;da specificare;;;;rotatoria altezza via S. OBERTO;Scontro laterale fra veicoli in marcia;;;;;;;;;;0;0;0;3;;;0;1;Autovettura privata;In marcia / fermata / arresto;Citroen;C 3;Passeggero;1960;M;Illeso;0;;;
3575221;10;28/11/2017 19:30:00;;VIALE BRUNO RIZZIERI;da specificare;;;;rotatoria altezza via S. OBERTO;Scontro laterale fra veicoli in marcia;;;;;;;;;;0;0;0;3;;;0;2;Autovettura privata;In marcia / fermata / arresto;Nissan;Micra;Conducente;1992;M;Illeso;0;;;
3575225;15;28/11/2017 23:35:00;;VIA DI BRAVETTA;all'intersezione con;VIA CAMILLO SERAFINI;VIA CAMILLO SERAFINI;;;Scontro frontale fra veicoli in marcia;;;;;;;;;;0;0;0;2;;;0;1;Autovettura privata;In marcia / fermata / arresto;Fiat;Panda;Conducente;0;M;Illeso;0;;;
3575225;15;28/11/2017 23:35:00;;VIA DI BRAVETTA;all'intersezione con;VIA CAMILLO SERAFINI;VIA CAMILLO SERAFINI;;;Scontro frontale fra veicoli in marcia;;;;;;;;;;0;0;0;2;;;0;2;Autovettura privata;In marcia / fermata / arresto;Fiat;Punto;Conducente;0;M;Illeso;0;;;
3575226;9;28/11/2017 16:00:00;;VIA CERVETERI;in prossimità;;del civico n.;12;;Tamponamento;;;;;;;;;;0;0;0;0;;;0;1;Autovettura privata;In marcia / fermata / arresto;Volkswagen;Polo;Conducente;1976;M;Illeso;0;;Non accertato;Inesploso
3575226;9;28/11/2017 16:00:00;;VIA CERVETERI;in prossimità;;del civico n.;12;;Tamponamento;;;;;;;;;;0;0;0;0;;;0;2;Autovettura privata;In marcia / fermata / arresto;Volkswagen;Golf;Conducente;1972;M;Illeso;0;;Non accertato;Inesploso
3575234;1;28/11/2017 22:00:00;Strada Urbana;VIA ALBERTO BOLOGNETTI;all'intersezione con;VIA DELLA PINETA SACCHETTI;VIA DELLA PINETA SACCHETTI;;;Scontro frontale/laterale SX fra veicoli in marcia;;Due carreggiate;Bagnato (pioggia);Asfaltata;Verticale ed orizzontale;Pioggia in atto;Normale;Sufficiente;Sufficiente;0;0;0;2;12,42257;41,91488;0;1;Autovettura privata;In marcia / fermata / arresto;Skoda;For Two;Conducente;1997;F;Illeso;0;;Utilizzato;Inesploso
3575234;1;28/11/2017 22:00:00;Strada Urbana;VIA ALBERTO BOLOGNETTI;all'intersezione con;VIA DELLA PINETA SACCHETTI;VIA DELLA PINETA SACCHETTI;;;Scontro frontale/laterale SX fra veicoli in marcia;;Due carreggiate;Bagnato (pioggia);Asfaltata;Verticale ed orizzontale;Pioggia in atto;Normale;Sufficiente;Sufficiente;0;0;0;2;12,42257;41,91488;0;2;Autovettura privata;In marcia / fermata / arresto;BMW;AG;Conducente;1955;M;Illeso;0;;Utilizzato;Inesploso
3575236;11;28/11/2017 09:00:00;Strada Urbana;VIA DEL PORTO FLUVIALE;da specificare;;;;FRONTE VIA DEL TINTORETTO;Veicolo in marcia contro veicolo in sosta;Rettilineo;Una carreggiata a doppio senso;Asciutto;Asfaltata;Verticale ed orizzontale;Sereno;Normale;Buona;Ore Diurne;0;0;0;4;;;0;1;Ciclomotore;In marcia / fermata / arresto;Peugeot;Tweet;Conducente;1963;F;Illeso;0;;Non accertato;
3575236;11;28/11/2017 09:00:00;Strada Urbana;VIA DEL PORTO FLUVIALE;da specificare;;;;FRONTE VIA DEL TINTORETTO;Veicolo in marcia contro veicolo in sosta;Rettilineo;Una carreggiata a doppio senso;Asciutto;Asfaltata;Verticale ed orizzontale;Sereno;Normale;Buona;Ore Diurne;0;0;0;4;;;0;2;Autovettura privata;In marcia / fermata / arresto;Lancia;Ypsilon;Conducente;1946;M;Illeso;0;;Non accertato;
3575236;11;28/11/2017 09:00:00;Strada Urbana;VIA DEL PORTO FLUVIALE;da specificare;;;;FRONTE VIA DEL TINTORETTO;Veicolo in marcia contro veicolo in sosta;Rettilineo;Una carreggiata a doppio senso;Asciutto;Asfaltata;Verticale ed orizzontale;Sereno;Normale;Buona;Ore Diurne;0;0;0;4;;;0;2;Autovettura privata;In marcia / fermata / arresto;Lancia;Ypsilon;Passeggero;1948;F;Illeso;0;;;
3575236;11;28/11/2017 09:00:00;Strada Urbana;VIA DEL PORTO FLUVIALE;da specificare;;;;FRONTE VIA DEL TINTORETTO;Veicolo in marcia contro veicolo in sosta;Rettilineo;Una carreggiata a doppio senso;Asciutto;Asfaltata;Verticale ed orizzontale;Sereno;Normale;Buona;Ore Diurne;0;0;0;4;;;0;3;Autovettura privata;In marcia / fermata / arresto;Fiat;Punto;Conducente;1993;F;Illeso;0;;Non accertato;
3575238;10;29/11/2017 00:20:00;;PIAZZA DEI RE DI ROMA;all'intersezione con;VIA AOSTA;VIA AOSTA;;;Veicoli in marcia contro veicolo fermo;;;;;;;;;;0;0;0;3;;;0;1;Autobus di linea;In marcia / fermata / arresto;Evobus;Setra;Conducente;1969;M;Illeso;0;;;
3575238;10;29/11/2017 00:20:00;;PIAZZA DEI RE DI ROMA;all'intersezione con;VIA AOSTA;VIA AOSTA;;;Veicoli in marcia contro veicolo fermo;;;;;;;;;;0;0;0;3;;;0;2;Autovettura privata;In marcia / fermata / arresto;Fiat;Bravo;Conducente;1987;M;Illeso;0;;;
3575238;10;29/11/2017 00:20:00;;PIAZZA DEI RE DI ROMA;all'intersezione con;VIA AOSTA;VIA AOSTA;;;Veicoli in marcia contro veicolo fermo;;;;;;;;;;0;0;0;3;;;0;3;Autovettura privata;In marcia / fermata / arresto;Mercedes;A 180;Conducente;1990;M;Illeso;0;;;
3575240;1;28/11/2017 16:30:00;Strada Urbana;VIA MERULANA;in corrispondenza;;del civico n.;190;;Scontro laterale fra veicoli in marcia;Rettilineo;Una carreggiata a doppio senso;Asciutto;Asfaltata;Verticale ed orizzontale;Nuvoloso;Intenso;Buona;Ore Diurne;0;0;0;2;;;0;1;Autovettura privata;In marcia / fermata / arresto;Peugeot;208;Conducente;1975;M;Illeso;0;;;
3575240;1;28/11/2017 16:30:00;Strada Urbana;VIA MERULANA;in corrispondenza;;del civico n.;190;;Scontro laterale fra veicoli in marcia;Rettilineo;Una carreggiata a doppio senso;Asciutto;Asfaltata;Verticale ed orizzontale;Nuvoloso;Intenso;Buona;Ore Diurne;0;0;0;2;;;0;2;Autovettura privata;In marcia / fermata / arresto;Smart ;FORTWO;Conducente;1980;M;Illeso;0;;;
3575243;11;28/11/2017 19:20:00;;VIALE GUGLIELMO MARCONI;in corrispondenza;;del civico n.;608;;Tamponamento;;;;;;;;;;0;0;0;3;;;0;1;Autovettura privata;In marcia / fermata / arresto;Chevrolet;Matiz;Conducente;1969;F;Illeso;0;;;
3575243;11;28/11/2017 19:20:00;;VIALE GUGLIELMO MARCONI;in corrispondenza;;del civico n.;608;;Tamponamento;;;;;;;;;;0;0;0;3;;;0;1;Autovettura privata;In marcia / fermata / arresto;Chevrolet;Matiz;Passeggero;1994;F;Illeso;0;;;
3575243;11;28/11/2017 19:20:00;;VIALE GUGLIELMO MARCONI;in corrispondenza;;del civico n.;608;;Tamponamento;;;;;;;;;;0;0;0;3;;;0;2;Autovettura privata;In marcia / fermata / arresto;Alfa Romeo;MITO;Conducente;1991;M;Illeso;0;;;
3575245;11;28/11/2017 17:25:00;;VIA LAURENTINA;all'intersezione con;VIA LUIGI PERNA;VIA LUIGI PERNA;;;Scontro laterale fra veicoli in marcia;;;;;;;;;;0;0;0;2;;;0;1;Autovettura privata;In marcia / fermata / arresto;Mercedes;classe A 180 CDI;Conducente;1971;F;Illeso;0;;;
3575245;11;28/11/2017 17:25:00;;VIA LAURENTINA;all'intersezione con;VIA LUIGI PERNA;VIA LUIGI PERNA;;;Scontro laterale fra veicoli in marcia;;;;;;;;;;0;0;0;2;;;0;2;Motociclo a solo;In marcia / fermata / arresto;Honda;PCX;Conducente;0;M;Illeso;0;;;
3575268;12;28/11/2017 00:15:00;;VIA PONTINA;da specificare;;;;km 20.700 (dir. Pomezia);Veicolo in marcia contro ostacolo accidentale;;;;;;;;;;2;0;0;0;;;0;1;Autovettura privata;In marcia / fermata / arresto;Fiat;Bravo;Conducente;1982;M;Rimandato;0;NON DECEDUTO;Utilizzato;Esploso
3575268;12;28/11/2017 00:15:00;;VIA PONTINA;da specificare;;;;km 20.700 (dir. Pomezia);Veicolo in marcia contro ostacolo accidentale;;;;;;;;;;2;0;0;0;;;0;1;Autovettura privata;In marcia / fermata / arresto;Fiat;Bravo;Passeggero;1983;M;Rimandato;0;NON DECEDUTO;Utilizzato;Esploso
3575270;19;28/11/2017 17:10:00;;VIA DELLA PINETA SACCHETTI;all'intersezione con;VIA GIOVANNI ACQUADERNI;VIA GIOVANNI ACQUADERNI;;;Investimento di pedone;;;;;;;;;;1;0;0;1;;;0;;;;;;Pedone;1998;F;Rimandato;0;NON DECEDUTO;;
3575270;19;28/11/2017 17:10:00;;VIA DELLA PINETA SACCHETTI;all'intersezione con;VIA GIOVANNI ACQUADERNI;VIA GIOVANNI ACQUADERNI;;;Investimento di pedone;;;;;;;;;;1;0;0;1;;;0;1;Motociclo a solo;In marcia / fermata / arresto;Piaggio;Vespa;Conducente;1988;M;Illeso;0;;;
3575271;6;28/11/2017 17:40:00;Strada Urbana;VIALE DELLA VENEZIA GIULIA;all'intersezione con;VIA ROVIGNO D'ISTRIA;VIA ROVIGNO D'ISTRIA;;;Investimento di pedone;Incrocio;Una carreggiata a doppio senso;Asciutto;Asfaltata;Verticale ed orizzontale;Sereno;Normale;Sufficiente;Sufficiente;2;0;0;0;;;0;;;;;;Pedone;1944;M;Rimandato;0;NON DECEDUTO;;
3575271;6;28/11/2017 17:40:00;Strada Urbana;VIALE DELLA VENEZIA GIULIA;all'intersezione con;VIA ROVIGNO D'ISTRIA;VIA ROVIGNO D'ISTRIA;;;Investimento di pedone;Incrocio;Una carreggiata a doppio senso;Asciutto;Asfaltata;Verticale ed orizzontale;Sereno;Normale;Sufficiente;Sufficiente;2;0;0;0;;;0;1;Motociclo a solo;In marcia / fermata / arresto;Honda;sh300;Conducente;1955;M;Rimandato;0;NON DECEDUTO;;
3575272;1;29/11/2017 05:50:00;Strada Urbana;VIA EMANUELE FILIBERTO;all'intersezione semaforizzata con;VIA STATILIA;VIA STATILIA;;;Scontro frontale/laterale SX fra veicoli in marcia;Intersezione semaforizzata;Una carreggiata a senso unico di marcia;Bagnato (pioggia);Asfaltata;Verticale ed orizzontale;Pioggia in atto;Normale;Sufficiente;Sufficiente;2;0;0;0;;;0;1;Autovettura privata;In marcia / fermata / arresto;Volvo;XC 90;Conducente;1991;M;Rimandato;0;NON DECEDUTO;Utilizzato;Inesploso
3575272;1;29/11/2017 05:50:00;Strada Urbana;VIA EMANUELE FILIBERTO;all'intersezione semaforizzata con;VIA STATILIA;VIA STATILIA;;;Scontro frontale/laterale SX fra veicoli in marcia;Intersezione semaforizzata;Una carreggiata a senso unico di marcia;Bagnato (pioggia);Asfaltata;Verticale ed orizzontale;Pioggia in atto;Normale;Sufficiente;Sufficiente;2;0;0;0;;;0;2;Autovettura privata;In marcia / fermata / arresto;Volkswagen;Polo;Conducente;1963;M;Rimandato;0;NON DECEDUTO;Utilizzato;Inesploso
3575274;20;28/11/2017 21:40:00;Strada Urbana;VIA GIROLAMO BOCCARDO;all'intersezione con;VIA ANGELO MESSEDAGLIA;VIA ANGELO MESSEDAGLIA;;;Scontro laterale fra veicoli in marcia;Intersezione non regolata/non segnalata;Una carreggiata a doppio senso;Bagnato (pioggia);Asfaltata;Verticale;Pioggia in atto;Scarso;Sufficiente;Sufficiente;0;0;0;3;;;0;1;Autovettura privata;In marcia / fermata / arresto;Toyota;Aygo;Conducente;1966;M;Illeso;0;;;
3575274;20;28/11/2017 21:40:00;Strada Urbana;VIA GIROLAMO BOCCARDO;all'intersezione con;VIA ANGELO MESSEDAGLIA;VIA ANGELO MESSEDAGLIA;;;Scontro laterale fra veicoli in marcia;Intersezione non regolata/non segnalata;Una carreggiata a doppio senso;Bagnato (pioggia);Asfaltata;Verticale;Pioggia in atto;Scarso;Sufficiente;Sufficiente;0;0;0;3;;;0;1;Autovettura privata;In marcia / fermata / arresto;Toyota;Aygo;Passeggero;1999;F;Illeso;0;;;
3575274;20;28/11/2017 21:40:00;Strada Urbana;VIA GIROLAMO BOCCARDO;all'intersezione con;VIA ANGELO MESSEDAGLIA;VIA ANGELO MESSEDAGLIA;;;Scontro laterale fra veicoli in marcia;Intersezione non regolata/non segnalata;Una carreggiata a doppio senso;Bagnato (pioggia);Asfaltata;Verticale;Pioggia in atto;Scarso;Sufficiente;Sufficiente;0;0;0;3;;;0;2;Autovettura privata;In marcia / fermata / arresto;Mercedes;Smart Fortwo Coupè;Conducente;1986;M;Illeso;0;;;
3575281;9;28/11/2017 17:45:00;;VIA APPIA NUOVA;da specificare;;;;fronte civico 65;Scontro laterale fra veicoli in marcia;;;;;;;;;;0;0;0;3;;;0;1;Autovettura privata;In marcia / fermata / arresto;Fiat;500;Conducente;1993;M;Illeso;0;;Non accertato;Inesploso
3575281;9;28/11/2017 17:45:00;;VIA APPIA NUOVA;da specificare;;;;fronte civico 65;Scontro laterale fra veicoli in marcia;;;;;;;;;;0;0;0;3;;;0;1;Autovettura privata;In marcia / fermata / arresto;Fiat;500;Passeggero;1966;M;Illeso;0;;Non accertato;Inesploso
3575281;9;28/11/2017 17:45:00;;VIA APPIA NUOVA;da specificare;;;;fronte civico 65;Scontro laterale fra veicoli in marcia;;;;;;;;;;0;0;0;3;;;0;2;Autovettura privata;In marcia / fermata / arresto;Fiat;500;Conducente;1997;M;Illeso;0;;Non accertato;Inesploso
3575287;20;28/11/2017 13:10:00;Regionale entro l'abitato;VIA FLAMINIA;da specificare;;;;dir.Terni p.tà rampa accesso Via Tiberina;Veicolo in marcia contro ostacolo accidentale;Rettilineo;Una carreggiata a senso unico di marcia;Asciutto;Asfaltata;Verticale ed orizzontale;Nuvoloso;Normale;Buona;Ore Diurne;0;0;0;2;;;0;1;Autovettura privata;In marcia / fermata / arresto;Nissan;Micra;Conducente;1951;M;Illeso;0;;;
3575287;20;28/11/2017 13:10:00;Regionale entro l'abitato;VIA FLAMINIA;da specificare;;;;dir.Terni p.tà rampa accesso Via Tiberina;Veicolo in marcia contro ostacolo accidentale;Rettilineo;Una carreggiata a senso unico di marcia;Asciutto;Asfaltata;Verticale ed orizzontale;Nuvoloso;Normale;Buona;Ore Diurne;0;0;0;2;;;0;1;Autovettura privata;In marcia / fermata / arresto;Nissan;Micra;Passeggero;1925;F;Illeso;0;;Non accertato;Inesploso
3575291;19;28/11/2017 21:45:00;;VIA PASQUALE II;in corrispondenza;;del civico n.;381;;Tamponamento;;;;;;;;;;1;0;0;1;;;0;1;Autovettura privata;In marcia / fermata / arresto;Peugeot;206;Conducente;1994;F;Rimandato;0;NON DECEDUTO;;
3575291;19;28/11/2017 21:45:00;;VIA PASQUALE II;in corrispondenza;;del civico n.;381;;Tamponamento;;;;;;;;;;1;0;0;1;;;0;2;Autovettura privata;In marcia / fermata / arresto;Daimler;Smart;Conducente;1972;M;Illeso;0;;;
3575305;20;28/11/2017 14:30:00;Regionale entro l'abitato;VIA CASSIA;in prossimità;;del civico n.;1332;;Tamponamento Multiplo;Rettilineo;Una carreggiata a doppio senso;Asciutto;Asfaltata;Verticale ed orizzontale;Nuvoloso;Normale;Buona;Ore Diurne;0;0;0;3;;;0;1;Autovettura privata;In marcia / fermata / arresto;Volkswagen;Golf;Conducente;1963;M;Illeso;0;;;
3575305;20;28/11/2017 14:30:00;Regionale entro l'abitato;VIA CASSIA;in prossimità;;del civico n.;1332;;Tamponamento Multiplo;Rettilineo;Una carreggiata a doppio senso;Asciutto;Asfaltata;Verticale ed orizzontale;Nuvoloso;Normale;Buona;Ore Diurne;0;0;0;3;;;0;2;Autovettura privata;In marcia / fermata / arresto;Alfa Romeo;147;Conducente;1987;M;Illeso;0;;;
3575305;20;28/11/2017 14:30:00;Regionale entro l'abitato;VIA CASSIA;in prossimità;;del civico n.;1332;;Tamponamento Multiplo;Rettilineo;Una carreggiata a doppio senso;Asciutto;Asfaltata;Verticale ed orizzontale;Nuvoloso;Normale;Buona;Ore Diurne;0;0;0;3;;;0;3;Autovettura privata;In marcia / fermata / arresto;Opel;Meriva;Conducente;1964;M;Illeso;0;;;
3575307;6;28/11/2017 20:30:00;Strada Urbana;VIA TOR DE' SCHIAVI;in corrispondenza;;del civico n.;3016;;Scontro laterale fra veicoli in marcia;Rettilineo;Due carreggiate;Asciutto;Asfaltata;Verticale ed orizzontale;Sereno;Scarso;Buona;Sufficiente;1;0;0;1;;;0;1;Autocarro inferiore 35 q.;In marcia / fermata / arresto;Fiat;Iveco;Conducente;1974;M;Illeso;0;;;
3575307;6;28/11/2017 20:30:00;Strada Urbana;VIA TOR DE' SCHIAVI;in corrispondenza;;del civico n.;3016;;Scontro laterale fra veicoli in marcia;Rettilineo;Due carreggiate;Asciutto;Asfaltata;Verticale ed orizzontale;Sereno;Scarso;Buona;Sufficiente;1;0;0;1;;;0;2;Autovettura privata;In marcia / fermata / arresto;Fiat;Panda;Conducente;1968;F;Rifiuta cure immediate;0;NON DECEDUTO;;
3575316;1;28/11/2017 20:40:00;Strada Urbana;PIAZZA DI PORTA S. PAOLO;all'intersezione con;VIALE GIOTTO;VIALE GIOTTO;;;Scontro frontale/laterale DX fra veicoli in marcia;Incrocio;Una carreggiata a senso unico di marcia;Asciutto;Asfaltata;Verticale;Sereno;Scarso;Sufficiente;Sufficiente;1;0;0;2;;;0;1;Autovettura privata;In marcia / fermata / arresto;Toyota;Yaris;Conducente;1992;F;Illeso;0;;Utilizzato;Inesploso
3575316;1;28/11/2017 20:40:00;Strada Urbana;PIAZZA DI PORTA S. PAOLO;all'intersezione con;VIALE GIOTTO;VIALE GIOTTO;;;Scontro frontale/laterale DX fra veicoli in marcia;Incrocio;Una carreggiata a senso unico di marcia;Asciutto;Asfaltata;Verticale;Sereno;Scarso;Sufficiente;Sufficiente;1;0;0;2;;;0;2;Motociclo con passeggero;In marcia / fermata / arresto;Piaggio;Beverly;Conducente;1957;M;Rimandato;0;NON DECEDUTO;;
3575316;1;28/11/2017 20:40:00;Strada Urbana;PIAZZA DI PORTA S. PAOLO;all'intersezione con;VIALE GIOTTO;VIALE GIOTTO;;;Scontro frontale/laterale DX fra veicoli in marcia;Incrocio;Una carreggiata a senso unico di marcia;Asciutto;Asfaltata;Verticale;Sereno;Scarso;Sufficiente;Sufficiente;1;0;0;2;;;0;2;Motociclo con passeggero;In marcia / fermata / arresto;Piaggio;Beverly;Passeggero;1998;M;Illeso;0;;Utilizzato;
3575318;18;29/11/2017 06:45:00;Strada Urbana;VIA AURELIA;in prossimità;;della chilometrica;9.5;;Tamponamento Multiplo;Rettilineo;Due carreggiate;Bagnato (pioggia);Asfaltata;Verticale ed orizzontale;Nuvoloso;Intenso;Sufficiente;Sufficiente;0;0;0;3;;;0;1;Autovettura privata;In marcia / fermata / arresto;Daimler AG;Smart Fortwo coupè;Conducente;1951;M;Illeso;0;;Non accertato;Inesploso
3575318;18;29/11/2017 06:45:00;Strada Urbana;VIA AURELIA;in prossimità;;della chilometrica;9.5;;Tamponamento Multiplo;Rettilineo;Due carreggiate;Bagnato (pioggia);Asfaltata;Verticale ed orizzontale;Nuvoloso;Intenso;Sufficiente;Sufficiente;0;0;0;3;;;0;2;Autovettura pubblica;In marcia / fermata / arresto;Audi;A 6;Conducente;1979;M;Illeso;0;;Non accertato;Inesploso
3575318;18;29/11/2017 06:45:00;Strada Urbana;VIA AURELIA;in prossimità;;della chilometrica;9.5;;Tamponamento Multiplo;Rettilineo;Due carreggiate;Bagnato (pioggia);Asfaltata;Verticale ed orizzontale;Nuvoloso;Intenso;Sufficiente;Sufficiente;0;0;0;3;;;0;3;Autocarro inferiore 35 q.;In marcia / fermata / arresto;Renault;Master;Conducente;1960;M;Illeso;0;;Non accertato;Inesploso
3575335;4;28/11/2017 09:15:00;;VIA VAGLIA;in prossimità;;del civico n.;30;;Tamponamento;;;;;;;;;;0;0;0;3;12,51472;41,94994;0;1;Autovettura privata;In marcia / fermata / arresto;Citroen;Cactus;Conducente;1979;M;Illeso;0;;;
3575335;4;28/11/2017 09:15:00;;VIA VAGLIA;in prossimità;;del civico n.;30;;Tamponamento;;;;;;;;;;0;0;0;3;12,51472;41,94994;0;1;Autovettura privata;In marcia / fermata / arresto;Citroen;Cactus;Passeggero;0;M;Illeso;0;;;
3575335;4;28/11/2017 09:15:00;;VIA VAGLIA;in prossimità;;del civico n.;30;;Tamponamento;;;;;;;;;;0;0;0;3;12,51472;41,94994;0;2;Motociclo a solo;In marcia / fermata / arresto;Yamaha;Majesty;Conducente;1963;;Illeso;0;;;
3575340;12;27/11/2017 07:45:00;Strada Urbana;VIALE DELLA TECNICA;all'intersezione con;VIALE DEL CICLISMO;VIALE DEL CICLISMO;;;Scontro frontale/laterale DX fra veicoli in marcia;Incrocio;Una carreggiata a doppio senso;Asciutto;Asfaltata;Verticale ed orizzontale;Sereno;Normale;Buona;Ore Diurne;1;0;0;2;;;0;1;Autovettura privata;In marcia / fermata / arresto;Mercedes;C 220;Conducente;1976;F;Rimandato;0;NON DECEDUTO;;