Protocollo;Gruppo;DataOraIncidente;Localizzazione1;STRADA1;Localizzazione2;STRADA2;Strada02;Chilometrica;DaSpecificare;NaturaIncidente;particolaritastrade;TipoStrada;FondoStradale;Pavimentazione;Segnaletica;CondizioneAtmosferica;Traffico;Visibilita;Illuminazione;NUM_FERITI;NUM_RISERVATA;NUM_MORTI;NUM_ILLESI;Longitudine;Latitudine;Confermato;Progressivo;TipoVeicolo;StatoVeicolo;Marca;Modello;TipoPersona;AnnoNascita;Sesso;Tipolesione;Deceduto;DecedutoDopo;CinturaCascoUtilizzato;Airbag;
3575340;12;27/11/2017 07:45:00;Strada Urbana;VIALE DELLA TECNICA;all'intersezione con;VIALE DEL CICLISMO;VIALE DEL CICLISMO;;;Scontro frontale/laterale DX fra veicoli in marcia;Incrocio;Una carreggiata a doppio senso;Asciutto;Asfaltata;Verticale ed orizzontale;Sereno;Normale;Buona;Ore Diurne;1;0;0;2;;;0;2;Autovettura privata;In marcia / fermata / arresto;Fiat;500;Conducente;1999;M;Illeso;0;;;
3575340;12;27/11/2017 07:45:00;Strada Urbana;VIALE DELLA TECNICA;all'intersezione con;VIALE DEL CICLISMO;VIALE DEL CICLISMO;;;Scontro frontale/laterale DX fra veicoli in marcia;Incrocio;Una carreggiata a doppio senso;Asciutto;Asfaltata;Verticale ed orizzontale;Sereno;Normale;Buona;Ore Diurne;1;0;0;2;;;0;2;Autovettura privata;In marcia / fermata / arresto;Fiat;500;Passeggero;1999;F;Illeso;0;;;
3575341;13;28/11/2017 13:20:00;;VIA ALESSANDRO PIOLA CASELLI;all'intersezione con;VIA DIEGO SIMONETTI;VIA DIEGO SIMONETTI;;;Scontro frontale/laterale DX fra veicoli in marcia;;;;;;;;;;0;0;0;2;;;0;1;Autovettura privata;In marcia / fermata / arresto;Ford;Fusion;Conducente;1984;M;Illeso;0;;Non accertato;Inesploso
3575341;13;28/11/2017 13:20:00;;VIA ALESSANDRO PIOLA CASELLI;all'intersezione con;VIA DIEGO SIMONETTI;VIA DIEGO SIMONETTI;;;Scontro frontale/laterale DX fra veicoli in marcia;;;;;;;;;;0;0;0;2;;;0;2;Autovettura privata;In marcia / fermata / arresto;Citroen;C 1;Conducente;1991;M;Illeso;0;;Non accertato;Inesploso
3575357;5;28/11/2017 13:05:00;;VIA FILIPPO MEDA;all'intersezione con;VIA ACHILLE BENEDETTI;VIA ACHILLE BENEDETTI;;;Scontro frontale fra veicoli in marcia;;;;;;;;;;1;0;0;0;;;0;2;Motociclo a solo;In marcia / fermata / arresto;Honda;SH150;Conducente;0;M;Rimandato;0;NON DECEDUTO;;
3575361;1;28/11/2017 00:50:00;Strada Urbana;VIA GIOVANNI LANZA;all'intersezione con;VIA IN SELCI;VIA IN SELCI;;;Scontro frontale fra veicoli in marcia;Intersezione stradale segnalata;Una carreggiata a doppio senso;Bagnato (pioggia);Asfaltata;Verticale ed orizzontale;Pioggia in atto;Scarso;Sufficiente;Sufficiente;1;0;0;1;;;0;1;Motociclo a solo;In marcia / fermata / arresto;Piaggio;Beverly;Conducente;1959;M;Rimandato;0;NON DECEDUTO;Utilizzato;
3575361;1;28/11/2017 00:50:00;Strada Urbana;VIA GIOVANNI LANZA;all'intersezione con;VIA IN SELCI;VIA IN SELCI;;;Scontro frontale fra veicoli in marcia;Intersezione stradale segnalata;Una carreggiata a doppio senso;Bagnato (pioggia);Asfaltata;Verticale ed orizzontale;Pioggia in atto;Scarso;Sufficiente;Sufficiente;1;0;0;1;;;0;2;Autovettura privata;In marcia / fermata / arresto;Chevrolet;Aveo;Conducente;1990;F;Illeso;0;;Utilizzato;Inesploso
3575372;10;29/11/2017 07:50:00;Strada Urbana;VIA DELLE CAPANNELLE;da specificare;;;;mt 100 dopo Casale Consolini dir. Appia Nuova;Ribaltamento senza urto contro ostacolo fisso;Rettilineo;Una carreggiata a doppio senso;Bagnato (pioggia);Asfaltata;Orizzontale;Pioggia in atto;Normale;Buona;Ore Diurne;2;0;0;1;;;0;1;Motociclo a solo;In marcia / fermata / arresto;Piaggio;people;Conducente;1971;M;Rimandato;0;NON DECEDUTO;Non accertato;
3575372;10;29/11/2017 07:50:00;Strada Urbana;VIA DELLE CAPANNELLE;da specificare;;;;mt 100 dopo Casale Consolini dir. Appia Nuova;Ribaltamento senza urto contro ostacolo fisso;Rettilineo;Una carreggiata a doppio senso;Bagnato (pioggia);Asfaltata;Orizzontale;Pioggia in atto;Normale;Buona;Ore Diurne;2;0;0;1;;;0;2;Velocipede;In marcia / fermata / arresto;Top Gun;7000  mountain bike;Conducente;1956;M;Rifiuta cure immediate;0;NON DECEDUTO;Esente;
3575372;10;29/11/2017 07:50:00;Strada Urbana;VIA DELLE CAPANNELLE;da specificare;;;;mt 100 dopo Casale Consolini dir. Appia Nuova;Ribaltamento senza urto contro ostacolo fisso;Rettilineo;Una carreggiata a doppio senso;Bagnato (pioggia);Asfaltata;Orizzontale;Pioggia in atto;Normale;Buona;Ore Diurne;2;0;0;1;;;0;3;Autobus di linea;In marcia / fermata / arresto;IRIBUS;italia;Conducente;1967;M;Illeso;0;;Non accertato;Inesistente
3575380;4;28/11/2017 09:50:00;;VIA NOMENTANA;in corrispondenza;;del civico n.;929/D;;Scontro laterale fra veicoli in marcia;;;;;;;;;;1;0;0;2;12,55944;41,9441;0;1;Autovettura privata;In marcia / fermata / arresto;Kia;Sportage;Conducente;1965;M;Illeso;0;;;
3575380;4;28/11/2017 09:50:00;;VIA NOMENTANA;in corrispondenza;;del civico n.;929/D;;Scontro laterale fra veicoli in marcia;;;;;;;;;;1;0;0;2;12,55944;41,9441;0;2;Motociclo a solo;In marcia / fermata / arresto;Yamaha;Majesty;Conducente;1960;M;Rifiuta cure immediate;0;NON DECEDUTO;;
3575380;4;28/11/2017 09:50:00;;VIA NOMENTANA;in corrispondenza;;del civico n.;929/D;;Scontro laterale fra veicoli in marcia;;;;;;;;;;1;0;0;2;12,55944;41,9441;0;3;Autovettura privata;In marcia / fermata / arresto;Lancia;Ypsilon;Conducente;1973;M;Illeso;0;;;
3575383;5;28/11/2017 13:30:00;;VIA MORROVALLE;all'intersezione con;VIA PIEVEBOVIGLIANA;VIA PIEVEBOVIGLIANA;;;Scontro frontale/laterale DX fra veicoli in marcia;;;;;;;;;;1;0;0;0;;;0;2;Autovettura privata;In marcia / fermata / arresto;Mercedes;220 C;Conducente;0;M;Rimandato;0;NON DECEDUTO;;
3575444;4;28/11/2017 13:10:00;;VIALE CARNARO;all'intersezione con;VIA BRENNERO;VIA BRENNERO;;;Scontro laterale fra veicoli in marcia;;;;;;;;;;0;0;0;4;;;0;1;Autovettura privata;In marcia / fermata / arresto;Toyota;Yaris;Conducente;1973;M;Illeso;0;;;
3575444;4;28/11/2017 13:10:00;;VIALE CARNARO;all'intersezione con;VIA BRENNERO;VIA BRENNERO;;;Scontro laterale fra veicoli in marcia;;;;;;;;;;0;0;0;4;;;0;1;Autovettura privata;In marcia / fermata / arresto;Toyota;Yaris;Passeggero;0;M;Illeso;0;;;
3575444;4;28/11/2017 13:10:00;;VIALE CARNARO;all'intersezione con;VIA BRENNERO;VIA BRENNERO;;;Scontro laterale fra veicoli in marcia;;;;;;;;;;0;0;0;4;;;0;2;Motociclo a solo;In marcia / fermata / arresto;Kymco;People S;Conducente;2000;M;Illeso;0;;;
3575444;4;28/11/2017 13:10:00;;VIALE CARNARO;all'intersezione con;VIA BRENNERO;VIA BRENNERO;;;Scontro laterale fra veicoli in marcia;;;;;;;;;;0;0;0;4;;;0;2;Motociclo a solo;In marcia / fermata / arresto;Kymco;People S;Passeggero;0;M;Illeso;0;;;
3575465;5;28/11/2017 22:30:00;;VIALE KANT;da specificare;;;;prossimità Via E. Galbani direzione Tiburtina;Ribaltamento senza urto contro ostacolo fisso;;;;;;;;;;1;0;0;0;;;0;1;Autovettura privata;In marcia / fermata / arresto;Opel;Corsa;Conducente;0;M;Rimandato;0;NON DECEDUTO;;
3575481;15;29/11/2017 08:35:00;Strada Urbana;VIA ANTONIO PACINOTTI;in corrispondenza;;del civico n.;8;;Scontro laterale fra veicoli in marcia;Rettilineo;Una carreggiata a doppio senso;Bagnato (pioggia);Asfaltata;Orizzontale;Pioggia in atto;Intenso;Buona;Ore Diurne;0;0;0;2;12,46773;41,87097;0;1;Autocarro superiore 35 q.;In marcia / fermata / arresto;Iveco;Magirus 260 S/E4;Conducente;1957;M;Illeso;0;;Non accertato;Inesistente
3575481;15;29/11/2017 08:35:00;Strada Urbana;VIA ANTONIO PACINOTTI;in corrispondenza;;del civico n.;8;;Scontro laterale fra veicoli in marcia;Rettilineo;Una carreggiata a doppio senso;Bagnato (pioggia);Asfaltata;Orizzontale;Pioggia in atto;Intenso;Buona;Ore Diurne;0;0;0;2;12,46773;41,87097;0;2;Autovettura privata;In marcia / fermata / arresto;Ford;Focus;Conducente;1981;M;Illeso;0;;Non accertato;Inesploso
3575511;7;28/11/2017 15:15:00;Strada Urbana;VIA ACHILLE VERTUNNI;all'intersezione con;VIA DOMENICO DE AMBROGI;VIA DOMENICO DE AMBROGI;;;Scontro frontale/laterale DX fra veicoli in marcia;Incrocio;Una carreggiata a doppio senso;Asciutto;Asfaltata;Verticale ed orizzontale;Sereno;Normale;Buona;Ore Diurne;0;0;0;3;;;0;1;Motociclo a solo;In marcia / fermata / arresto;Piaggio;Beverly;Conducente;1979;M;Illeso;0;;;
3575511;7;28/11/2017 15:15:00;Strada Urbana;VIA ACHILLE VERTUNNI;all'intersezione con;VIA DOMENICO DE AMBROGI;VIA DOMENICO DE AMBROGI;;;Scontro frontale/laterale DX fra veicoli in marcia;Incrocio;Una carreggiata a doppio senso;Asciutto;Asfaltata;Verticale ed orizzontale;Sereno;Normale;Buona;Ore Diurne;0;0;0;3;;;0;2;Autovettura privata;In marcia / fermata / arresto;Citroen;Xsara Picasso;Conducente;1968;F;Illeso;0;;;
3575511;7;28/11/2017 15:15:00;Strada Urbana;VIA ACHILLE VERTUNNI;all'intersezione con;VIA DOMENICO DE AMBROGI;VIA DOMENICO DE AMBROGI;;;Scontro frontale/laterale DX fra veicoli in marcia;Incrocio;Una carreggiata a doppio senso;Asciutto;Asfaltata;Verticale ed orizzontale;Sereno;Normale;Buona;Ore Diurne;0;0;0;3;;;0;2;Autovettura privata;In marcia / fermata / arresto;Citroen;Xsara Picasso;Passeggero;2009;M;Illeso;0;;;
3575600;8;28/11/2017 08:45:00;;VIA COLLATINA;da specificare;;;;palo Acea 559 direz. GRA;Tamponamento Multiplo;;;;;;;;;;0;0;0;4;;;0;1;Autovettura privata;In marcia / fermata / arresto;Dacia;Logan;Conducente;1974;M;Illeso;0;;;
3575600;8;28/11/2017 08:45:00;;VIA COLLATINA;da specificare;;;;palo Acea 559 direz. GRA;Tamponamento Multiplo;;;;;;;;;;0;0;0;4;;;0;1;Autovettura privata;In marcia / fermata / arresto;Dacia;Logan;Passeggero;1975;F;Illeso;0;;;
3575600;8;28/11/2017 08:45:00;;VIA COLLATINA;da specificare;;;;palo Acea 559 direz. GRA;Tamponamento Multiplo;;;;;;;;;;0;0;0;4;;;0;2;Autovettura privata;In marcia / fermata / arresto;Fiat;Punto;Conducente;1972;F;Illeso;0;;;
3575600;8;28/11/2017 08:45:00;;VIA COLLATINA;da specificare;;;;palo Acea 559 direz. GRA;Tamponamento Multiplo;;;;;;;;;;0;0;0;4;;;0;3;Autovettura privata;In marcia / fermata / arresto;Mercedes;Classe A;Conducente;1974;F;Illeso;0;;;
3575606;8;28/11/2017 16:45:00;;VIALE DEI ROMANISTI;in corrispondenza;;del civico n.;219/217;;Scontro laterale fra veicoli in marcia;;;;;;;;;;1;0;0;1;;;0;3;Autovettura privata;In marcia / fermata / arresto;Ford;Focus;Conducente;1974;M;Rifiuta cure immediate;0;NON DECEDUTO;;
3575606;8;28/11/2017 16:45:00;;VIALE DEI ROMANISTI;in corrispondenza;;del civico n.;219/217;;Scontro laterale fra veicoli in marcia;;;;;;;;;;1;0;0;1;;;0;4;Autovettura privata;In marcia / fermata / arresto;Ford;Escort;Conducente;1957;M;Illeso;0;;Non accertato;Inesploso
3575609;8;28/11/2017 08:15:00;;VIA ROMETTA;in prossimità;;del civico n.;175;;Investimento di pedone;;;;;;;;;;2;0;0;3;;;0;;;;;;Pedone;1978;F;Rimandato;0;NON DECEDUTO;;
3575609;8;28/11/2017 08:15:00;;VIA ROMETTA;in prossimità;;del civico n.;175;;Investimento di pedone;;;;;;;;;;2;0;0;3;;;0;;;;;;Pedone;2015;M;Rifiuta cure immediate;0;NON DECEDUTO;;
3575609;8;28/11/2017 08:15:00;;VIA ROMETTA;in prossimità;;del civico n.;175;;Investimento di pedone;;;;;;;;;;2;0;0;3;;;0;1;Autovettura privata;In marcia / fermata / arresto;Nissan;Micra;Conducente;1961;M;Illeso;0;;Non accertato;Inesploso
3575609;8;28/11/2017 08:15:00;;VIA ROMETTA;in prossimità;;del civico n.;175;;Investimento di pedone;;;;;;;;;;2;0;0;3;;;0;1;Autovettura privata;In marcia / fermata / arresto;Nissan;Micra;Passeggero;2007;M;Illeso;0;;Non accertato;Inesploso
3575609;8;28/11/2017 08:15:00;;VIA ROMETTA;in prossimità;;del civico n.;175;;Investimento di pedone;;;;;;;;;;2;0;0;3;;;0;1;Autovettura privata;In marcia / fermata / arresto;Nissan;Micra;Passeggero;2008;F;Illeso;0;;Non accertato;Inesploso
3575620;8;28/11/2017 17:45:00;Statale entro l'abitato;VIA CASILINA;da specificare;;;;dir. Roma centro 200 m prima Via dei Colombi;Tamponamento;Rettilineo;Una carreggiata a doppio senso;Asciutto;Asfaltata;Verticale ed orizzontale;Sereno;Normale;Buona;Ore Diurne;0;0;0;2;;;0;1;Autovettura privata;In marcia / fermata / arresto;Land Rover;Discovery;Conducente;1974;M;Illeso;0;;Non accertato;Inesploso
3575620;8;28/11/2017 17:45:00;Statale entro l'abitato;VIA CASILINA;da specificare;;;;dir. Roma centro 200 m prima Via dei Colombi;Tamponamento;Rettilineo;Una carreggiata a doppio senso;Asciutto;Asfaltata;Verticale ed orizzontale;Sereno;Normale;Buona;Ore Diurne;0;0;0;2;;;0;2;Autovettura privata;In marcia / fermata / arresto;Renault;Clio;Conducente;1983;M;Illeso;0;;Non accertato;Inesploso
3575625;8;28/11/2017 15:00:00;Statale entro l'abitato;VIA CASILINA;in corrispondenza;;del civico n.;1116;;Scontro laterale fra veicoli in marcia;Rettilineo;Una carreggiata a doppio senso;Asciutto;Asfaltata;Orizzontale;Nuvoloso;Intenso;Buona;Ore Diurne;0;0;0;3;;;0;1;Autovettura privata;In marcia / fermata / arresto;Volkswagen;Golf;Conducente;1967;F;Illeso;0;;Non accertato;Inesploso
3575625;8;28/11/2017 15:00:00;Statale entro l'abitato;VIA CASILINA;in corrispondenza;;del civico n.;1116;;Scontro laterale fra veicoli in marcia;Rettilineo;Una carreggiata a doppio senso;Asciutto;Asfaltata;Orizzontale;Nuvoloso;Intenso;Buona;Ore Diurne;0;0;0;3;;;0;1;Autovettura privata;In marcia / fermata / arresto;Volkswagen;Golf;Passeggero;1968;F;Illeso;0;;Non accertato;Inesploso
3575625;8;28/11/2017 15:00:00;Statale entro l'abitato;VIA CASILINA;in corrispondenza;;del civico n.;1116;;Scontro laterale fra veicoli in marcia;Rettilineo;Una carreggiata a doppio senso;Asciutto;Asfaltata;Orizzontale;Nuvoloso;Intenso;Buona;Ore Diurne;0;0;0;3;;;0;2;Autocarro inferiore 35 q.;In marcia / fermata / arresto;Fiat;Iveco;Conducente;1952;M;Illeso;0;;;
3575626;7;29/11/2017 08:55:00;Strada Urbana;VIA DEI CICLAMINI;all'intersezione con;VIA DELLE PALME;VIA DELLE PALME;;;Scontro frontale/laterale SX fra veicoli in marcia;Incrocio;Una carreggiata a doppio senso;Bagnato (pioggia);Asfaltata;Verticale ed orizzontale;Pioggia in atto;Normale;Buona;Ore Diurne;0;0;0;2;12,56629;41,89145;0;1;Autocarro inferiore 35 q.;In marcia / fermata / arresto;Fiat;Scudo;Conducente;1989;M;Illeso;0;;Non accertato;Inesploso
3575626;7;29/11/2017 08:55:00;Strada Urbana;VIA DEI CICLAMINI;all'intersezione con;VIA DELLE PALME;VIA DELLE PALME;;;Scontro frontale/laterale SX fra veicoli in marcia;Incrocio;Una carreggiata a doppio senso;Bagnato (pioggia);Asfaltata;Verticale ed orizzontale;Pioggia in atto;Normale;Buona;Ore Diurne;0;0;0;2;12,56629;41,89145;0;2;Autovettura privata;In marcia / fermata / arresto;Fiat;600;Conducente;1984;F;Illeso;0;;Non accertato;Inesploso
3575629;8;28/11/2017 11:30:00;;VIA CRISTOFANO ROBETTA;all'intersezione con;VIA ALFONSO ALBERGHETTI;VIA ALFONSO ALBERGHETTI;;;Scontro frontale/laterale SX fra veicoli in marcia;;;;;;;;;;2;0;0;1;;;0;1;Autovettura privata;In marcia / fermata / arresto;Fiat;500;Conducente;1997;M;Rifiuta cure immediate;0;NON DECEDUTO;;
3575629;8;28/11/2017 11:30:00;;VIA CRISTOFANO ROBETTA;all'intersezione con;VIA ALFONSO ALBERGHETTI;VIA ALFONSO ALBERGHETTI;;;Scontro frontale/laterale SX fra veicoli in marcia;;;;;;;;;;2;0;0;1;;;0;1;Autovettura privata;In marcia / fermata / arresto;Fiat;500;Passeggero;1997;M;Rifiuta cure immediate;0;NON DECEDUTO;;
3575629;8;28/11/2017 11:30:00;;VIA CRISTOFANO ROBETTA;all'intersezione con;VIA ALFONSO ALBERGHETTI;VIA ALFONSO ALBERGHETTI;;;Scontro frontale/laterale SX fra veicoli in marcia;;;;;;;;;;2;0;0;1;;;0;2;Autovettura privata;In marcia / fermata / arresto;Ford;Mondeo;Conducente;1975;M;Illeso;0;;;
3575633;8;28/11/2017 18:45:00;Strada Urbana;VIA DEI RUDERI DI TORRENOVA;in prossimità;;del civico n.;162;;Veicolo in marcia contro veicolo in sosta;Rettilineo;Una carreggiata a doppio senso;Asciutto;Asfaltata;Verticale ed orizzontale;Sereno;Normale;Sufficiente;Sufficiente;0;0;0;1;;;0;2;Autovettura privata;In marcia / fermata / arresto;Mercedes;Smart Fortwo;Conducente;1998;M;Illeso;0;;Non accertato;Inesploso
3575642;8;28/11/2017 15:20:00;;VIA PRENESTINA;all'intersezione con;VIA DI PRATOLUNGO CASILINO;VIA DI PRATOLUNGO CASILINO;;;Scontro frontale/laterale SX fra veicoli in marcia;;;;;;;;;;2;0;0;0;;;0;1;Autovettura privata;In marcia / fermata / arresto;Mercedes;Smart For Two;Conducente;1991;F;Rifiuta cure immediate;0;NON DECEDUTO;;
3575642;8;28/11/2017 15:20:00;;VIA PRENESTINA;all'intersezione con;VIA DI PRATOLUNGO CASILINO;VIA DI PRATOLUNGO CASILINO;;;Scontro frontale/laterale SX fra veicoli in marcia;;;;;;;;;;2;0;0;0;;;0;2;Autovettura privata;In marcia / fermata / arresto;Opel;Corsa;Conducente;1994;F;Rifiuta cure immediate;0;NON DECEDUTO;;
3575664;6;29/11/2017 08:45:00;Strada Urbana;VIALE DELLA SERENISSIMA;in corrispondenza;;del civico n.;13;;Scontro laterale fra veicoli in marcia;Rettilineo;Due carreggiate;Bagnato (pioggia);Asfaltata;Verticale ed orizzontale;Pioggia in atto;Normale;Buona;Ore Diurne;0;0;0;2;12,55876;41,89543;0;1;Autovettura privata;In marcia / fermata / arresto;Mercedes;Smart;Conducente;1988;F;Illeso;0;;Non accertato;Inesploso
3575664;6;29/11/2017 08:45:00;Strada Urbana;VIALE DELLA SERENISSIMA;in corrispondenza;;del civico n.;13;;Scontro laterale fra veicoli in marcia;Rettilineo;Due carreggiate;Bagnato (pioggia);Asfaltata;Verticale ed orizzontale;Pioggia in atto;Normale;Buona;Ore Diurne;0;0;0;2;12,55876;41,89543;0;2;Autovettura privata;In marcia / fermata / arresto;Toyota;Yaris;Conducente;1944;M;Illeso;0;;Non accertato;Inesploso
3575670;17;29/11/2017 10:00:00;Strada Urbana;VIALE DELLO STADIO OLIMPICO;in prossimità;;del civico n.;16;;Ribaltamento senza urto contro ostacolo fisso;Curva a visuale libera;Una carreggiata a senso unico di marcia;Bagnato (pioggia);Asfaltata;Verticale;Nuvoloso;Normale;Buona;Ore Diurne;1;0;0;0;12,45376;41,93009;0;1;Autovettura privata;In marcia / fermata / arresto;Fiat;500;Conducente;0;F;Ricoverato;0;NON DECEDUTO;;Esploso
3575677;7;28/11/2017 18:45:00;;VIA MOLFETTA;all'intersezione con;VIA TRANI;VIA TRANI;;;Scontro frontale fra veicoli in marcia;;;;;;;;;;0;0;0;2;;;0;1;Autovettura di polizia;In marcia / fermata / arresto;Fiat;Bravo;Conducente;1990;M;Illeso;0;;;
3575677;7;28/11/2017 18:45:00;;VIA MOLFETTA;all'intersezione con;VIA TRANI;VIA TRANI;;;Scontro frontale fra veicoli in marcia;;;;;;;;;;0;0;0;2;;;0;1;Autovettura di polizia;In marcia / fermata / arresto;Fiat;Bravo;Passeggero;1991;M;Illeso;0;;;
3575736;10;29/11/2017 10:30:00;Strada Urbana;VIA TUSCOLANA;all'intersezione semaforizzata con;VIALE GIULIO AGRICOLA;VIALE GIULIO AGRICOLA;;;Scontro laterale fra veicoli in marcia;Intersezione semaforizzata;Due carreggiate;Bagnato (pioggia);Asfaltata;Verticale ed orizzontale;Pioggia in atto;Normale;Buona;Ore Diurne;0;0;0;5;;;0;1;Autovettura privata;In marcia / fermata / arresto;Fiat;Punto 3 porte;Conducente;1990;M;Illeso;0;;Non accertato;Inesploso
3575736;10;29/11/2017 10:30:00;Strada Urbana;VIA TUSCOLANA;all'intersezione semaforizzata con;VIALE GIULIO AGRICOLA;VIALE GIULIO AGRICOLA;;;Scontro laterale fra veicoli in marcia;Intersezione semaforizzata;Due carreggiate;Bagnato (pioggia);Asfaltata;Verticale ed orizzontale;Pioggia in atto;Normale;Buona;Ore Diurne;0;0;0;5;;;0;1;Autovettura privata;In marcia / fermata / arresto;Fiat;Punto 3 porte;Passeggero;1998;F;Illeso;0;;Non accertato;Inesploso
3575736;10;29/11/2017 10:30:00;Strada Urbana;VIA TUSCOLANA;all'intersezione semaforizzata con;VIALE GIULIO AGRICOLA;VIALE GIULIO AGRICOLA;;;Scontro laterale fra veicoli in marcia;Intersezione semaforizzata;Due carreggiate;Bagnato (pioggia);Asfaltata;Verticale ed orizzontale;Pioggia in atto;Normale;Buona;Ore Diurne;0;0;0;5;;;0;2;Autovettura privata;In marcia / fermata / arresto;Mazda;2;Conducente;1966;F;Illeso;0;;Non accertato;Inesploso
3575736;10;29/11/2017 10:30:00;Strada Urbana;VIA TUSCOLANA;all'intersezione semaforizzata con;VIALE GIULIO AGRICOLA;VIALE GIULIO AGRICOLA;;;Scontro laterale fra veicoli in marcia;Intersezione semaforizzata;Due carreggiate;Bagnato (pioggia);Asfaltata;Verticale ed orizzontale;Pioggia in atto;Normale;Buona;Ore Diurne;0;0;0;5;;;0;2;Autovettura privata;In marcia / fermata / arresto;Mazda;2;Passeggero;1990;F;Illeso;0;;Non accertato;Inesploso
3575736;10;29/11/2017 10:30:00;Strada Urbana;VIA TUSCOLANA;all'intersezione semaforizzata con;VIALE GIULIO AGRICOLA;VIALE GIULIO AGRICOLA;;;Scontro laterale fra veicoli in marcia;Intersezione semaforizzata;Due carreggiate;Bagnato (pioggia);Asfaltata;Verticale ed orizzontale;Pioggia in atto;Normale;Buona;Ore Diurne;0;0;0;5;;;0;2;Autovettura privata;In marcia / fermata / arresto;Mazda;2;Passeggero;2017;M;Illeso;0;;Non accertato;Inesploso
3575743;9;29/11/2017 08:35:00;;PIAZZA DEI RE DI ROMA;in prossimità;;del civico n.;11/13;;Scontro laterale fra veicoli in marcia;;;;;;;;;;0;0;0;3;;;0;1;Autovettura privata;In marcia / fermata / arresto;Opel;Zafira;Conducente;1969;M;Illeso;0;;;
3575743;9;29/11/2017 08:35:00;;PIAZZA DEI RE DI ROMA;in prossimità;;del civico n.;11/13;;Scontro laterale fra veicoli in marcia;;;;;;;;;;0;0;0;3;;;0;1;Autovettura privata;In marcia / fermata / arresto;Opel;Zafira;Passeggero;0;M;Illeso;0;;;
3575743;9;29/11/2017 08:35:00;;PIAZZA DEI RE DI ROMA;in prossimità;;del civico n.;11/13;;Scontro laterale fra veicoli in marcia;;;;;;;;;;0;0;0;3;;;0;2;Autovettura privata;In marcia / fermata / arresto;Mercedes;classe A 180 CDI;Conducente;1987;M;Illeso;0;;;
3575749;7;28/11/2017 17:15:00;;VIA PRENESTINA;in corrispondenza;;del civico n.;699;;Scontro laterale fra veicoli in marcia;;;;;;;;;;1;0;0;1;12,5898;41,8943;0;1;Motociclo con passeggero;In marcia / fermata / arresto;Honda;SH 150;Conducente;1983;M;Rimandato;0;NON DECEDUTO;Non accertato;
3575749;7;28/11/2017 17:15:00;;VIA PRENESTINA;in corrispondenza;;del civico n.;699;;Scontro laterale fra veicoli in marcia;;;;;;;;;;1;0;0;1;12,5898;41,8943;0;2;Autovettura privata;In marcia / fermata / arresto;Renault;Twingo;Conducente;1991;M;Illeso;0;;Non accertato;Inesploso
3575770;15;29/11/2017 11:45:00;Strada Urbana;VIA GAETANO RAPPINI;in corrispondenza;;del civico n.;40;;Veicolo in marcia contro veicolo in sosta;Rettilineo;Una carreggiata a senso unico di marcia;Bagnato (pioggia);Asfaltata;Assente;Pioggia in atto;Scarso;Buona;Ore Diurne;0;0;0;1;;;0;1;Autocarro superiore 35 q.;In marcia / fermata / arresto;Iveco;A100;Conducente;1955;M;Illeso;0;;Non accertato;Inesistente
3575812;2;28/11/2017 13:15:00;;VIA SALARIA;in prossimità;;del civico n.;418;;Scontro laterale fra veicoli in marcia;;;;;;;;;;0;0;0;1;;;0;1;Autovettura privata;In marcia / fermata / arresto;Fiat;Punto;Conducente;1970;M;Illeso;0;;;
3575819;2;28/11/2017 17:20:00;;VIA CERESIO;in prossimità;;del civico n.;3;;Investimento di pedone;;;;;;;;;;0;0;0;2;;;0;;;;;;Pedone;1973;F;Illeso;0;;;
3575819;2;28/11/2017 17:20:00;;VIA CERESIO;in prossimità;;del civico n.;3;;Investimento di pedone;;;;;;;;;;0;0;0;2;;;0;1;Autovettura privata;In marcia / fermata / arresto;Toyota;IQ;Conducente;1965;M;Illeso;0;;;
3575822;2;28/11/2017 20:00:00;;VIALE LIEGI;all'intersezione semaforizzata con;VIA SALARIA;VIA SALARIA;;;Scontro frontale/laterale DX fra veicoli in marcia;;;;;;;;;;1;0;0;1;;;0;1;Autovettura privata;In marcia / fermata / arresto;BMW;320;Conducente;1985;M;Illeso;0;;;
3575822;2;28/11/2017 20:00:00;;VIALE LIEGI;all'intersezione semaforizzata con;VIA SALARIA;VIA SALARIA;;;Scontro frontale/laterale DX fra veicoli in marcia;;;;;;;;;;1;0;0;1;;;0;2;Motociclo a solo;In marcia / fermata / arresto;Honda;150;Conducente;1959;F;Rifiuta cure immediate;0;NON DECEDUTO;;
3575844;2;28/11/2017 16:00:00;;VIA DEI CAMPI SPORTIVI;in prossimità;;del civico n.;7;;Veicolo in marcia contro veicolo in sosta;;;;;;;;;;0;0;0;1;;;0;2;Autovettura privata;In marcia / fermata / arresto;Peugeot;206;Conducente;1959;M;Illeso;0;;;
3575846;3;28/11/2017 18:18:00;;VIA NOMENTANA;all'intersezione con;VIA ANTONIO NIBBY;VIA ANTONIO NIBBY;;;Veicoli in marcia contro veicolo fermo;;;;;;;;;;0;0;0;3;;;0;1;Quadriciclo leggero;In marcia / fermata / arresto;AIXAM;-;Conducente;0;M;Illeso;0;;;
3575846;3;28/11/2017 18:18:00;;VIA NOMENTANA;all'intersezione con;VIA ANTONIO NIBBY;VIA ANTONIO NIBBY;;;Veicoli in marcia contro veicolo fermo;;;;;;;;;;0;0;0;3;;;0;1;Quadriciclo leggero;In marcia / fermata / arresto;AIXAM;-;Passeggero;0;M;Illeso;0;;;
3575846;3;28/11/2017 18:18:00;;VIA NOMENTANA;all'intersezione con;VIA ANTONIO NIBBY;VIA ANTONIO NIBBY;;;Veicoli in marcia contro veicolo fermo;;;;;;;;;;0;0;0;3;;;0;2;Autovettura di polizia;In marcia / fermata / arresto;Volkswagen;Golf;Conducente;0;M;Illeso;0;;;