Protocollo;Gruppo;DataOraIncidente;Localizzazione1;STRADA1;Localizzazione2;STRADA2;Strada02;Chilometrica;DaSpecificare;NaturaIncidente;particolaritastrade;TipoStrada;FondoStradale;Pavimentazione;Segnaletica;CondizioneAtmosferica;Traffico;Visibilita;Illuminazione;NUM_FERITI;NUM_RISERVATA;NUM_MORTI;NUM_ILLESI;Longitudine;Latitudine;Confermato;Progressivo;TipoVeicolo;StatoVeicolo;Marca;Modello;TipoPersona;AnnoNascita;Sesso;Tipolesione;Deceduto;DecedutoDopo;CinturaCascoUtilizzato;Airbag;
3576539;20;29/11/2017 17:30:00;Strada Urbana;VIALE DELLO STADIO OLIMPICO;da specificare;;;;direzione Lgt della Vittoria;Veicolo in marcia contro ostacolo accidentale;Curva a visuale libera;Una carreggiata a senso unico di marcia;Bagnato (pioggia);Asfaltata;Verticale ed orizzontale;Pioggia in atto;Normale;Sufficiente;Sufficiente;0;0;0;1;;;0;1;Autovettura privata;In marcia / fermata / arresto;Mercedes;Smart Fortwo;Conducente;1980;F;Illeso;0;;Non accertato;Inesploso
3576606;16;28/11/2017 07:30:00;;VIA DEL CASALE LUMBROSO;da specificare;;;;fronte civico 10;Scontro laterale fra veicoli in marcia;;;;;;;;;;0;0;0;3;;;0;1;Autovettura privata;In marcia / fermata / arresto;Fiat;600;Conducente;0;F;Illeso;0;;;
3576606;16;28/11/2017 07:30:00;;VIA DEL CASALE LUMBROSO;da specificare;;;;fronte civico 10;Scontro laterale fra veicoli in marcia;;;;;;;;;;0;0;0;3;;;0;2;Autovettura privata;In marcia / fermata / arresto;Hyundai;Galloper;Conducente;0;F;Illeso;0;;;
3576606;16;28/11/2017 07:30:00;;VIA DEL CASALE LUMBROSO;da specificare;;;;fronte civico 10;Scontro laterale fra veicoli in marcia;;;;;;;;;;0;0;0;3;;;0;2;Autovettura privata;In marcia / fermata / arresto;Hyundai;Galloper;Passeggero;0;M;Illeso;0;;;
3576632;16;28/11/2017 08:10:00;;VIA PIO SPEZI;da specificare;;;;altezza terzo ingresso Calò direz. Aurelia centro;Tamponamento;;;;;;;;;;0;0;0;3;;;0;1;Autovettura privata;In marcia / fermata / arresto;Seat;Ibiza;Conducente;0;M;Illeso;0;;;
3576632;16;28/11/2017 08:10:00;;VIA PIO SPEZI;da specificare;;;;altezza terzo ingresso Calò direz. Aurelia centro;Tamponamento;;;;;;;;;;0;0;0;3;;;0;2;Autovettura privata;In marcia / fermata / arresto;Hyundai;Galloper;Conducente;0;F;Illeso;0;;;
3576632;16;28/11/2017 08:10:00;;VIA PIO SPEZI;da specificare;;;;altezza terzo ingresso Calò direz. Aurelia centro;Tamponamento;;;;;;;;;;0;0;0;3;;;0;2;Autovettura privata;In marcia / fermata / arresto;Hyundai;Galloper;Passeggero;0;M;Illeso;0;;;
3576975;11;29/11/2017 07:45:00;;VIA CRISTOFORO COLOMBO;all'intersezione semaforizzata con;VIA OROPA;VIA OROPA;;;Veicolo in marcia contro veicolo arresto;;;;;;;;;;0;0;0;2;;;0;1;Autovettura privata;In marcia / fermata / arresto;Volkswagen;Polo;Conducente;1955;M;Illeso;0;;;
3576975;11;29/11/2017 07:45:00;;VIA CRISTOFORO COLOMBO;all'intersezione semaforizzata con;VIA OROPA;VIA OROPA;;;Veicolo in marcia contro veicolo arresto;;;;;;;;;;0;0;0;2;;;0;2;Motociclo a solo;In marcia / fermata / arresto;Honda;-;Conducente;1984;M;Illeso;0;;;
3576978;11;29/11/2017 12:45:00;Strada Urbana;VIA CRISTOFORO COLOMBO;in corrispondenza;;del civico n.;44;;Tamponamento;Rettilineo;Più di due carreggiate;Bagnato (pioggia);Asfaltata;Verticale ed orizzontale;Pioggia in atto;Normale;Buona;Ore Diurne;1;0;0;2;;;0;1;Autovettura privata;In marcia / fermata / arresto;Renault;Modus;Conducente;1969;F;Illeso;0;;;
3576978;11;29/11/2017 12:45:00;Strada Urbana;VIA CRISTOFORO COLOMBO;in corrispondenza;;del civico n.;44;;Tamponamento;Rettilineo;Più di due carreggiate;Bagnato (pioggia);Asfaltata;Verticale ed orizzontale;Pioggia in atto;Normale;Buona;Ore Diurne;1;0;0;2;;;0;1;Autovettura privata;In marcia / fermata / arresto;Renault;Modus;Passeggero;1935;F;Illeso;0;;;
3576978;11;29/11/2017 12:45:00;Strada Urbana;VIA CRISTOFORO COLOMBO;in corrispondenza;;del civico n.;44;;Tamponamento;Rettilineo;Più di due carreggiate;Bagnato (pioggia);Asfaltata;Verticale ed orizzontale;Pioggia in atto;Normale;Buona;Ore Diurne;1;0;0;2;;;0;2;Motociclo a solo;In marcia / fermata / arresto;Honda;600 F;Conducente;1956;M;Rifiuta cure immediate;0;NON DECEDUTO;;
3576982;11;29/11/2017 19:10:00;;VIA CRISTOFORO COLOMBO;da specificare;;;;PROSSIMITA' VIA CILICIA;Scontro frontale fra veicoli in marcia;;;;;;;;;;0;0;0;6;;;0;1;Autocarro inferiore 35 q.;In marcia / fermata / arresto;DAIMLER CHRYSLER;(ignoto);Conducente;1965;M;Illeso;0;;;
3576982;11;29/11/2017 19:10:00;;VIA CRISTOFORO COLOMBO;da specificare;;;;PROSSIMITA' VIA CILICIA;Scontro frontale fra veicoli in marcia;;;;;;;;;;0;0;0;6;;;0;2;Autovettura privata;In marcia / fermata / arresto;Opel;ADAM;Conducente;1965;F;Illeso;0;;Non accertato;
3576982;11;29/11/2017 19:10:00;;VIA CRISTOFORO COLOMBO;da specificare;;;;PROSSIMITA' VIA CILICIA;Scontro frontale fra veicoli in marcia;;;;;;;;;;0;0;0;6;;;0;2;Autovettura privata;In marcia / fermata / arresto;Opel;ADAM;Passeggero;1935;M;Illeso;0;;;
3576982;11;29/11/2017 19:10:00;;VIA CRISTOFORO COLOMBO;da specificare;;;;PROSSIMITA' VIA CILICIA;Scontro frontale fra veicoli in marcia;;;;;;;;;;0;0;0;6;;;0;2;Autovettura privata;In marcia / fermata / arresto;Opel;ADAM;Passeggero;1938;F;Illeso;0;;Non accertato;
3576982;11;29/11/2017 19:10:00;;VIA CRISTOFORO COLOMBO;da specificare;;;;PROSSIMITA' VIA CILICIA;Scontro frontale fra veicoli in marcia;;;;;;;;;;0;0;0;6;;;0;2;Autovettura privata;In marcia / fermata / arresto;Opel;ADAM;Passeggero;1991;F;Illeso;0;;Non accertato;
3576982;11;29/11/2017 19:10:00;;VIA CRISTOFORO COLOMBO;da specificare;;;;PROSSIMITA' VIA CILICIA;Scontro frontale fra veicoli in marcia;;;;;;;;;;0;0;0;6;;;0;2;Autovettura privata;In marcia / fermata / arresto;Opel;ADAM;Passeggero;1998;F;Illeso;0;;Non accertato;
3576983;1;29/11/2017 14:05:00;Strada Urbana;VIA PRINCIPESSA CLOTILDE;in prossimità;;del civico n.;1;;Veicolo in marcia contro ostacolo accidentale;Pendenza;Una carreggiata a senso unico di marcia;Bagnato (pioggia);In cubetti di porfido;Verticale ed orizzontale;Pioggia in atto;Scarso;Buona;Ore Diurne;1;0;0;0;;;0;1;Motociclo a solo;In marcia / fermata / arresto;Yamaha;(non accertato);Conducente;1970;F;Rimandato;0;NON DECEDUTO;;
3576984;11;29/11/2017 21:25:00;Strada Urbana;VIA DEL PORTO FLUVIALE;da specificare;;;;in prossimità v.Ostiense;Investimento di pedone;Rettilineo;Una carreggiata a doppio senso;Bagnato (pioggia);Asfaltata;Verticale ed orizzontale;Pioggia in atto;Normale;Buona;Sufficiente;1;0;0;2;;;0;;;;;;Pedone;0;F;Rimandato;0;NON DECEDUTO;;
3576984;11;29/11/2017 21:25:00;Strada Urbana;VIA DEL PORTO FLUVIALE;da specificare;;;;in prossimità v.Ostiense;Investimento di pedone;Rettilineo;Una carreggiata a doppio senso;Bagnato (pioggia);Asfaltata;Verticale ed orizzontale;Pioggia in atto;Normale;Buona;Sufficiente;1;0;0;2;;;0;1;Autovettura privata;In marcia / fermata / arresto;Fiat;Stilo;Conducente;1939;M;Illeso;0;;Non accertato;Inesploso
3576984;11;29/11/2017 21:25:00;Strada Urbana;VIA DEL PORTO FLUVIALE;da specificare;;;;in prossimità v.Ostiense;Investimento di pedone;Rettilineo;Una carreggiata a doppio senso;Bagnato (pioggia);Asfaltata;Verticale ed orizzontale;Pioggia in atto;Normale;Buona;Sufficiente;1;0;0;2;;;0;1;Autovettura privata;In marcia / fermata / arresto;Fiat;Stilo;Passeggero;1939;F;Illeso;0;;;
3576986;13;29/11/2017 12:45:00;;VIA DEL CANALE DELLA LINGUA;da specificare;;;;prima curva dopo il ponticello sul canale;Scontro frontale/laterale SX fra veicoli in marcia;;;;;;;;;;1;0;0;2;12,33999;41,74152;0;1;Autovettura privata;In marcia / fermata / arresto;Fiat;Panda;Conducente;1936;M;Rimandato;0;NON DECEDUTO;;
3576986;13;29/11/2017 12:45:00;;VIA DEL CANALE DELLA LINGUA;da specificare;;;;prima curva dopo il ponticello sul canale;Scontro frontale/laterale SX fra veicoli in marcia;;;;;;;;;;1;0;0;2;12,33999;41,74152;0;2;Autovettura privata;In marcia / fermata / arresto;Fiat;Punto;Conducente;1946;M;Illeso;0;;;
3576986;13;29/11/2017 12:45:00;;VIA DEL CANALE DELLA LINGUA;da specificare;;;;prima curva dopo il ponticello sul canale;Scontro frontale/laterale SX fra veicoli in marcia;;;;;;;;;;1;0;0;2;12,33999;41,74152;0;3;Autovettura privata;In marcia / fermata / arresto;Lexus; CT200H;Conducente;1959;M;Illeso;0;;Non accertato;Inesploso
3576999;11;29/11/2017 15:45:00;Strada Urbana;VIA OSTIENSE;all'intersezione semaforizzata con;CIRCONVALLAZIONE OSTIENSE;CIRCONVALLAZIONE OSTIENSE;;;Tamponamento;Intersezione semaforizzata;Una carreggiata a doppio senso;Bagnato (pioggia);Asfaltata;Verticale ed orizzontale;Pioggia in atto;Normale;Buona;Ore Diurne;0;0;0;3;12,47941;41,8678;0;1;Autovettura di polizia;In marcia / fermata / arresto;Peugeot; 2008;Conducente;1961;M;Illeso;0;;;
3576999;11;29/11/2017 15:45:00;Strada Urbana;VIA OSTIENSE;all'intersezione semaforizzata con;CIRCONVALLAZIONE OSTIENSE;CIRCONVALLAZIONE OSTIENSE;;;Tamponamento;Intersezione semaforizzata;Una carreggiata a doppio senso;Bagnato (pioggia);Asfaltata;Verticale ed orizzontale;Pioggia in atto;Normale;Buona;Ore Diurne;0;0;0;3;12,47941;41,8678;0;1;Autovettura di polizia;In marcia / fermata / arresto;Peugeot; 2008;Passeggero;0;M;Illeso;0;;;
3576999;11;29/11/2017 15:45:00;Strada Urbana;VIA OSTIENSE;all'intersezione semaforizzata con;CIRCONVALLAZIONE OSTIENSE;CIRCONVALLAZIONE OSTIENSE;;;Tamponamento;Intersezione semaforizzata;Una carreggiata a doppio senso;Bagnato (pioggia);Asfaltata;Verticale ed orizzontale;Pioggia in atto;Normale;Buona;Ore Diurne;0;0;0;3;12,47941;41,8678;0;2;Autovettura pubblica;In marcia / fermata / arresto;Toyota;Auris;Conducente;1960;M;Illeso;0;;;
3577001;11;29/11/2017 16:10:00;Strada Urbana;VIALE GUGLIELMO MARCONI;da specificare;;;;PROSSIMITA' VIA BATTELLI;Tamponamento Multiplo;Rettilineo;Due carreggiate;Bagnato (pioggia);Asfaltata;Verticale ed orizzontale;Pioggia in atto;Normale;Buona;Ore Diurne;0;0;0;5;12,4713;41,85664;0;1;Autovettura privata;In marcia / fermata / arresto;Hyundai;i 20;Conducente;1996;M;Illeso;0;;Non accertato;
3577001;11;29/11/2017 16:10:00;Strada Urbana;VIALE GUGLIELMO MARCONI;da specificare;;;;PROSSIMITA' VIA BATTELLI;Tamponamento Multiplo;Rettilineo;Due carreggiate;Bagnato (pioggia);Asfaltata;Verticale ed orizzontale;Pioggia in atto;Normale;Buona;Ore Diurne;0;0;0;5;12,4713;41,85664;0;2;Autovettura privata;In marcia / fermata / arresto;Opel;ADAM;Conducente;1971;M;Illeso;0;;Non accertato;
3577001;11;29/11/2017 16:10:00;Strada Urbana;VIALE GUGLIELMO MARCONI;da specificare;;;;PROSSIMITA' VIA BATTELLI;Tamponamento Multiplo;Rettilineo;Due carreggiate;Bagnato (pioggia);Asfaltata;Verticale ed orizzontale;Pioggia in atto;Normale;Buona;Ore Diurne;0;0;0;5;12,4713;41,85664;0;3;Autovettura privata;In marcia / fermata / arresto;Volkswagen;Polo;Conducente;1965;M;Illeso;0;;;
3577001;11;29/11/2017 16:10:00;Strada Urbana;VIALE GUGLIELMO MARCONI;da specificare;;;;PROSSIMITA' VIA BATTELLI;Tamponamento Multiplo;Rettilineo;Due carreggiate;Bagnato (pioggia);Asfaltata;Verticale ed orizzontale;Pioggia in atto;Normale;Buona;Ore Diurne;0;0;0;5;12,4713;41,85664;0;3;Autovettura privata;In marcia / fermata / arresto;Volkswagen;Polo;Passeggero;1972;M;Illeso;0;;Non accertato;
3577001;11;29/11/2017 16:10:00;Strada Urbana;VIALE GUGLIELMO MARCONI;da specificare;;;;PROSSIMITA' VIA BATTELLI;Tamponamento Multiplo;Rettilineo;Due carreggiate;Bagnato (pioggia);Asfaltata;Verticale ed orizzontale;Pioggia in atto;Normale;Buona;Ore Diurne;0;0;0;5;12,4713;41,85664;0;4;Autovettura privata;In marcia / fermata / arresto;Audi;A 3;Conducente;1976;F;Illeso;0;;;
3577004;1;29/11/2017 14:05:00;Strada Urbana;VIALE LUIGI EINAUDI;da specificare;;;;in prossimità BASILICA S.M.DEGLI ANGELI;Tamponamento;Rettilineo;Una carreggiata a senso unico di marcia;Bagnato (pioggia);Acciotolata;Verticale ed orizzontale;Pioggia in atto;Intenso;Buona;Ore Diurne;0;0;0;3;;;0;1;Autovettura di polizia;In marcia / fermata / arresto;Fiat;Brava;Conducente;1978;M;Illeso;0;;;
3577004;1;29/11/2017 14:05:00;Strada Urbana;VIALE LUIGI EINAUDI;da specificare;;;;in prossimità BASILICA S.M.DEGLI ANGELI;Tamponamento;Rettilineo;Una carreggiata a senso unico di marcia;Bagnato (pioggia);Acciotolata;Verticale ed orizzontale;Pioggia in atto;Intenso;Buona;Ore Diurne;0;0;0;3;;;0;1;Autovettura di polizia;In marcia / fermata / arresto;Fiat;Brava;Passeggero;1978;M;Illeso;0;;;
3577004;1;29/11/2017 14:05:00;Strada Urbana;VIALE LUIGI EINAUDI;da specificare;;;;in prossimità BASILICA S.M.DEGLI ANGELI;Tamponamento;Rettilineo;Una carreggiata a senso unico di marcia;Bagnato (pioggia);Acciotolata;Verticale ed orizzontale;Pioggia in atto;Intenso;Buona;Ore Diurne;0;0;0;3;;;0;2;Autovettura pubblica;In marcia / fermata / arresto;Fiat;Multipla Taxi;Conducente;1971;M;Illeso;0;;;
3577005;11;29/11/2017 23:20:00;;VIALE GIUSTINIANO IMPERATORE;all'intersezione semaforizzata con;VIA DELLA VILLA DI LUCINA;VIA DELLA VILLA DI LUCINA;;;Scontro frontale/laterale DX fra veicoli in marcia;;;;;;;;;;0;0;0;2;;;0;1;Autovettura privata;In marcia / fermata / arresto;Volkswagen;Polo;Conducente;1999;F;Illeso;0;;Non accertato;
3577005;11;29/11/2017 23:20:00;;VIALE GIUSTINIANO IMPERATORE;all'intersezione semaforizzata con;VIA DELLA VILLA DI LUCINA;VIA DELLA VILLA DI LUCINA;;;Scontro frontale/laterale DX fra veicoli in marcia;;;;;;;;;;0;0;0;2;;;0;2;Autovettura privata;In marcia / fermata / arresto;BMW;120 D;Conducente;1995;M;Illeso;0;;Non accertato;
3577007;8;29/11/2017 21:40:00;;VIALE DEI ROMANISTI;in prossimità;;del civico n.;31;;Tamponamento;;;;;;;;;;0;0;0;2;12,58297;41,86527;0;1;Autovettura privata;In marcia / fermata / arresto;Fiat;Punto;Conducente;1997;M;Illeso;0;;Non accertato;Inesploso
3577007;8;29/11/2017 21:40:00;;VIALE DEI ROMANISTI;in prossimità;;del civico n.;31;;Tamponamento;;;;;;;;;;0;0;0;2;12,58297;41,86527;0;2;Autovettura privata;In marcia / fermata / arresto;Mazda;MX-5;Conducente;1985;M;Illeso;0;;Non accertato;Inesploso
3577008;13;29/11/2017 08:00:00;Strada Urbana;VIA AGOSTINO CHIGI;in prossimità;;del civico n.;330;;Veicolo in marcia contro ostacolo accidentale;Rettilineo;Una carreggiata a doppio senso;Bagnato (pioggia);Asfaltata;Verticale ed orizzontale;Pioggia in atto;Intenso;Buona;Ore Diurne;0;0;0;1;12,32334;41,76788;0;1;Autovettura privata;In marcia / fermata / arresto;Opel;Meriva;Conducente;1996;M;Illeso;0;;Non accertato;Inesploso
3577009;13;29/11/2017 16:40:00;;VIA DELLA MARTINICA;all'intersezione con;VIA DELLE EBRIDI;VIA DELLE EBRIDI;;;Scontro laterale fra veicoli in marcia;;;;;;;;;;0;0;0;3;;;0;1;Autovettura privata;In marcia / fermata / arresto;Volkswagen;New Beetle;Conducente;1977;F;Illeso;0;;Non accertato;
3577009;13;29/11/2017 16:40:00;;VIA DELLA MARTINICA;all'intersezione con;VIA DELLE EBRIDI;VIA DELLE EBRIDI;;;Scontro laterale fra veicoli in marcia;;;;;;;;;;0;0;0;3;;;0;1;Autovettura privata;In marcia / fermata / arresto;Volkswagen;New Beetle;Passeggero;2008;M;Illeso;0;;Non accertato;
3577009;13;29/11/2017 16:40:00;;VIA DELLA MARTINICA;all'intersezione con;VIA DELLE EBRIDI;VIA DELLE EBRIDI;;;Scontro laterale fra veicoli in marcia;;;;;;;;;;0;0;0;3;;;0;2;Autovettura privata;In marcia / fermata / arresto;Alfa Romeo;159;Conducente;1985;M;Illeso;0;;Non accertato;
3577014;8;29/11/2017 15:00:00;Strada Urbana;VIA DI LUNGHEZZINA;in prossimità;;del palo luce n.;323;;Scontro laterale fra veicoli in marcia;Rettilineo;Una carreggiata a doppio senso;Bagnato (pioggia);Asfaltata;Orizzontale;Pioggia in atto;Scarso;Buona;Ore Diurne;3;0;0;0;12,67819;41,92641;0;1;Autoarticolato;In marcia / fermata / arresto;Mercedes;Actros;Conducente;1966;M;Rifiuta cure immediate;0;NON DECEDUTO;Non accertato;Inesploso
3577014;8;29/11/2017 15:00:00;Strada Urbana;VIA DI LUNGHEZZINA;in prossimità;;del palo luce n.;323;;Scontro laterale fra veicoli in marcia;Rettilineo;Una carreggiata a doppio senso;Bagnato (pioggia);Asfaltata;Orizzontale;Pioggia in atto;Scarso;Buona;Ore Diurne;3;0;0;0;12,67819;41,92641;0;2;Autovettura privata;In marcia / fermata / arresto;Toyota;Yaris;Conducente;1967;F;Rimandato;0;NON DECEDUTO;Non accertato;Inesploso
3577014;8;29/11/2017 15:00:00;Strada Urbana;VIA DI LUNGHEZZINA;in prossimità;;del palo luce n.;323;;Scontro laterale fra veicoli in marcia;Rettilineo;Una carreggiata a doppio senso;Bagnato (pioggia);Asfaltata;Orizzontale;Pioggia in atto;Scarso;Buona;Ore Diurne;3;0;0;0;12,67819;41,92641;0;2;Autovettura privata;In marcia / fermata / arresto;Toyota;Yaris;Passeggero;2004;M;Rimandato;0;NON DECEDUTO;Non accertato;Inesploso
3577018;8;29/11/2017 16:10:00;;VIA DI TORRE SPACCATA;in corrispondenza;;del civico n.;244;;Veicolo in marcia contro veicolo arresto;;;;;;;;;;0;0;0;5;;;0;1;Autovettura privata;In marcia / fermata / arresto;Opel;Meriva;Conducente;1961;M;Illeso;0;;Non accertato;Inesploso
3577018;8;29/11/2017 16:10:00;;VIA DI TORRE SPACCATA;in corrispondenza;;del civico n.;244;;Veicolo in marcia contro veicolo arresto;;;;;;;;;;0;0;0;5;;;0;1;Autovettura privata;In marcia / fermata / arresto;Opel;Meriva;Passeggero;1965;F;Illeso;0;;Non accertato;Inesploso
3577018;8;29/11/2017 16:10:00;;VIA DI TORRE SPACCATA;in corrispondenza;;del civico n.;244;;Veicolo in marcia contro veicolo arresto;;;;;;;;;;0;0;0;5;;;0;2;Autovettura privata;In marcia / fermata / arresto;Fiat-Lancia;Phedra;Conducente;1979;F;Illeso;0;;Non accertato;Inesploso
3577018;8;29/11/2017 16:10:00;;VIA DI TORRE SPACCATA;in corrispondenza;;del civico n.;244;;Veicolo in marcia contro veicolo arresto;;;;;;;;;;0;0;0;5;;;0;2;Autovettura privata;In marcia / fermata / arresto;Fiat-Lancia;Phedra;Passeggero;2013;F;Illeso;0;;Non accertato;Inesploso
3577018;8;29/11/2017 16:10:00;;VIA DI TORRE SPACCATA;in corrispondenza;;del civico n.;244;;Veicolo in marcia contro veicolo arresto;;;;;;;;;;0;0;0;5;;;0;2;Autovettura privata;In marcia / fermata / arresto;Fiat-Lancia;Phedra;Passeggero;2015;F;Illeso;0;;Non accertato;Inesploso
3577021;8;29/11/2017 13:00:00;;VIALE DELLA SORBONA;in prossimità;;del palo luce n.;23;;Scontro laterale fra veicoli in marcia;;;;;;;;;;0;0;0;4;12,61209;41,85466;0;1;Autovettura privata;In marcia / fermata / arresto;Nissan;Micra;Conducente;1988;M;Illeso;0;;Non accertato;Inesploso
3577021;8;29/11/2017 13:00:00;;VIALE DELLA SORBONA;in prossimità;;del palo luce n.;23;;Scontro laterale fra veicoli in marcia;;;;;;;;;;0;0;0;4;12,61209;41,85466;0;1;Autovettura privata;In marcia / fermata / arresto;Nissan;Micra;Passeggero;1990;M;Illeso;0;;Non accertato;Inesploso
3577021;8;29/11/2017 13:00:00;;VIALE DELLA SORBONA;in prossimità;;del palo luce n.;23;;Scontro laterale fra veicoli in marcia;;;;;;;;;;0;0;0;4;12,61209;41,85466;0;2;Autovettura di polizia;In marcia / fermata / arresto;Fiat;Grande Punto;Conducente;1983;M;Illeso;0;;Non accertato;Inesploso
3577021;8;29/11/2017 13:00:00;;VIALE DELLA SORBONA;in prossimità;;del palo luce n.;23;;Scontro laterale fra veicoli in marcia;;;;;;;;;;0;0;0;4;12,61209;41,85466;0;2;Autovettura di polizia;In marcia / fermata / arresto;Fiat;Grande Punto;Passeggero;1978;M;Illeso;0;;Non accertato;Inesploso
3577022;15;29/11/2017 15:15:00;;VIA ODERISI DA GUBBIO;da specificare;;;;pross.tà civ. 49;Scontro laterale fra veicoli in marcia;;;;;;;;;;0;0;0;3;;;0;1;Autovettura privata;In marcia / fermata / arresto;Toyota;Aygo;Conducente;0;F;Illeso;0;;;
3577022;15;29/11/2017 15:15:00;;VIA ODERISI DA GUBBIO;da specificare;;;;pross.tà civ. 49;Scontro laterale fra veicoli in marcia;;;;;;;;;;0;0;0;3;;;0;2;Autovettura privata;In marcia / fermata / arresto;smart for two;(ignoto);Conducente;0;M;Illeso;0;;;
3577022;15;29/11/2017 15:15:00;;VIA ODERISI DA GUBBIO;da specificare;;;;pross.tà civ. 49;Scontro laterale fra veicoli in marcia;;;;;;;;;;0;0;0;3;;;0;2;Autovettura privata;In marcia / fermata / arresto;smart for two;(ignoto);Passeggero;0;F;Illeso;0;;;
3577023;8;29/11/2017 14:10:00;;VIA LARINO;all'intersezione semaforizzata con;VIA TOLLO;VIA TOLLO;;;Scontro frontale/laterale SX fra veicoli in marcia;;;;;;;;;;0;0;0;2;;;0;1;Autocarro inferiore 35 q.;In marcia / fermata / arresto;Mercedes;Sprinter;Conducente;1976;M;Illeso;0;;Non accertato;Inesploso
3577023;8;29/11/2017 14:10:00;;VIA LARINO;all'intersezione semaforizzata con;VIA TOLLO;VIA TOLLO;;;Scontro frontale/laterale SX fra veicoli in marcia;;;;;;;;;;0;0;0;2;;;0;2;Autovettura privata;In marcia / fermata / arresto;Fiat;Punto;Conducente;1962;M;Illeso;0;;Non accertato;Inesploso
3577026;8;29/11/2017 06:30:00;;VIA CASILINA;in corrispondenza;;del palo luce n.;694;;Investimento di pedone;;;;;;;;;;1;0;0;2;;;0;;;;;;Pedone;1999;M;Ricoverato;0;NON DECEDUTO;;
3577026;8;29/11/2017 06:30:00;;VIA CASILINA;in corrispondenza;;del palo luce n.;694;;Investimento di pedone;;;;;;;;;;1;0;0;2;;;0;1;Autovettura privata;In marcia / fermata / arresto;Fiat;Idea;Conducente;1953;;Illeso;0;;;
3577026;8;29/11/2017 06:30:00;;VIA CASILINA;in corrispondenza;;del palo luce n.;694;;Investimento di pedone;;;;;;;;;;1;0;0;2;;;0;1;Autovettura privata;In marcia / fermata / arresto;Fiat;Idea;Passeggero;1958;F;Illeso;0;;Non accertato;
3577027;10;29/11/2017 19:00:00;;VIA DI TORRE SPACCATA;da specificare;;;;prox LARGO CADUTI DI EL ALAMEIN;Investimento di pedone;;;;;;;;;;0;1;0;1;;;0;;;;;;Pedone;1964;F;Prognosi riservata;0;NON DECEDUTO;;
3577027;10;29/11/2017 19:00:00;;VIA DI TORRE SPACCATA;da specificare;;;;prox LARGO CADUTI DI EL ALAMEIN;Investimento di pedone;;;;;;;;;;0;1;0;1;;;0;1;Autovettura privata;In marcia / fermata / arresto;Renault;Clio;Conducente;1985;M;Illeso;0;;;
3577028;9;29/11/2017 12:35:00;;VIA DELL'ARCO DI TRAVERTINO;da specificare;;;;fronte. civ. 84;Scontro frontale/laterale DX fra veicoli in marcia;;;;;;;;;;0;0;0;2;12,53621;41,86737;0;1;Autovettura privata;In marcia / fermata / arresto;Nissan;Micra;Conducente;1978;F;Illeso;0;;;
3577028;9;29/11/2017 12:35:00;;VIA DELL'ARCO DI TRAVERTINO;da specificare;;;;fronte. civ. 84;Scontro frontale/laterale DX fra veicoli in marcia;;;;;;;;;;0;0;0;2;12,53621;41,86737;0;2;Autovettura privata;In marcia / fermata / arresto;Volvo;V50;Conducente;1944;M;Illeso;0;;;
3577031;15;29/11/2017 20:00:00;;VIA LANFRANCO MAROI;da specificare;;;;PROSSIMITA' FRONTE CIV. 21;Scontro frontale fra veicoli in marcia;;;;;;;;;;1;0;0;1;;;0;1;Autocarro inferiore 35 q.;In marcia / fermata / arresto;Ford;Transit;Conducente;1969;M;Illeso;0;;;
3577031;15;29/11/2017 20:00:00;;VIA LANFRANCO MAROI;da specificare;;;;PROSSIMITA' FRONTE CIV. 21;Scontro frontale fra veicoli in marcia;;;;;;;;;;1;0;0;1;;;0;2;Autovettura privata;In marcia / fermata / arresto;Ford;Focus;Conducente;0;M;Rifiuta cure immediate;0;NON DECEDUTO;;
3577032;8;29/11/2017 10:35:00;Strada Urbana;VIALE DUILIO CAMBELLOTTI;da specificare;;;;20 m prima cavalcavia Metro C dir. Sorbona;Veicolo in marcia contro veicoli in arresto;Rettilineo;Due carreggiate;Bagnato (pioggia);Asfaltata;Verticale ed orizzontale;Pioggia in atto;Normale;Buona;Ore Diurne;1;0;0;1;12,62654;41,86496;0;1;Autovettura privata;In marcia / fermata / arresto;Fiat;Panda;Conducente;1969;M;Illeso;0;;Non accertato;Inesploso
3577032;8;29/11/2017 10:35:00;Strada Urbana;VIALE DUILIO CAMBELLOTTI;da specificare;;;;20 m prima cavalcavia Metro C dir. Sorbona;Veicolo in marcia contro veicoli in arresto;Rettilineo;Due carreggiate;Bagnato (pioggia);Asfaltata;Verticale ed orizzontale;Pioggia in atto;Normale;Buona;Ore Diurne;1;0;0;1;12,62654;41,86496;0;2;Autovettura privata;In marcia / fermata / arresto;Fiat;Punto;Conducente;1939;M;Rifiuta cure immediate;0;NON DECEDUTO;Non accertato;Inesploso
3577033;20;29/11/2017 20:20:00;Strada Urbana;VIA DI VIGNA STELLUTI;in prossimità;;del civico n.;140;;Investimento di pedone;Rettilineo;Una carreggiata a doppio senso;Bagnato (pioggia);Asfaltata;Verticale ed orizzontale;Pioggia in atto;Normale;Buona;Sufficiente;1;0;0;1;;;0;;;;;;Pedone;1974;M;Rimandato;0;NON DECEDUTO;;
3577033;20;29/11/2017 20:20:00;Strada Urbana;VIA DI VIGNA STELLUTI;in prossimità;;del civico n.;140;;Investimento di pedone;Rettilineo;Una carreggiata a doppio senso;Bagnato (pioggia);Asfaltata;Verticale ed orizzontale;Pioggia in atto;Normale;Buona;Sufficiente;1;0;0;1;;;0;1;Motociclo a solo;In marcia / fermata / arresto;Honda;SH 150;Conducente;1992;M;Illeso;0;;;
3577037;8;29/11/2017 12:00:00;;VIA BERNARDO MINOZZI;all'intersezione con;VIA FANTINO TAGLIETTI;VIA FANTINO TAGLIETTI;;;Scontro frontale/laterale DX fra veicoli in marcia;;;;;;;;;;0;0;0;3;12,6277;41,8699;0;1;Autovettura privata;In marcia / fermata / arresto;Ford;EcoSport;Conducente;1977;M;Illeso;0;;Non accertato;Inesploso