Protocollo;Gruppo;DataOraIncidente;Localizzazione1;STRADA1;Localizzazione2;STRADA2;Strada02;Chilometrica;DaSpecificare;NaturaIncidente;particolaritastrade;TipoStrada;FondoStradale;Pavimentazione;Segnaletica;CondizioneAtmosferica;Traffico;Visibilita;Illuminazione;NUM_FERITI;NUM_RISERVATA;NUM_MORTI;NUM_ILLESI;Longitudine;Latitudine;Confermato;Progressivo;TipoVeicolo;StatoVeicolo;Marca;Modello;TipoPersona;AnnoNascita;Sesso;Tipolesione;Deceduto;DecedutoDopo;CinturaCascoUtilizzato;Airbag;
3577497;2;29/11/2017 21:05:00;;VIA SALARIA;in prossimità;;del civico n.;434;;Ribaltamento senza urto contro ostacolo fisso;;;;;;;;;;1;0;0;0;;;0;1;Motociclo a solo;In marcia / fermata / arresto;Honda;-;Conducente;1965;M;Rimandato;0;NON DECEDUTO;;
3577516;16;29/11/2017 11:00:00;;VIA FRANCESCO MASSI;in corrispondenza;;del civico n.;18;;Infortunio per sola frenata improvvisa;;;;;;;;;;1;0;0;1;12,45994;41,87333;0;1;Motociclo a solo;In marcia / fermata / arresto;Suzuki;SIXTEEN;Conducente;0;M;Rimandato;0;NON DECEDUTO;;
3577516;16;29/11/2017 11:00:00;;VIA FRANCESCO MASSI;in corrispondenza;;del civico n.;18;;Infortunio per sola frenata improvvisa;;;;;;;;;;1;0;0;1;12,45994;41,87333;0;2;Autocarro inferiore 35 q.;In marcia / fermata / arresto;Renault;Master;Conducente;0;M;Illeso;0;;;
3577521;1;29/11/2017 19:30:00;Strada Urbana;PIAZZA VITTORIO EMANUELE II;in prossimità;;del civico n.;95;;Infortunio per caduta del veicolo;Rettilineo;Una carreggiata a doppio senso;Bagnato (pioggia);Asfaltata;Verticale ed orizzontale;Pioggia in atto;Normale;Sufficiente;Sufficiente;1;0;0;0;;;0;1;Motociclo a solo;In marcia / fermata / arresto;Piaggio;Beverly;Conducente;1987;M;Rimandato;0;NON DECEDUTO;;
3577524;7;29/11/2017 16:30:00;Strada Urbana;VIA DEI LAURI;all'intersezione con;VIALE DELLE GARDENIE;VIALE DELLE GARDENIE;;;Scontro frontale/laterale DX fra veicoli in marcia;Incrocio;Una carreggiata a senso unico di marcia;Bagnato (pioggia);Asfaltata;Assente;Pioggia in atto;Normale;Buona;Ore Diurne;0;0;0;4;;;0;1;Autovettura privata;In marcia / fermata / arresto;Citroen;Xsara Picasso;Conducente;1957;M;Illeso;0;;;
3577524;7;29/11/2017 16:30:00;Strada Urbana;VIA DEI LAURI;all'intersezione con;VIALE DELLE GARDENIE;VIALE DELLE GARDENIE;;;Scontro frontale/laterale DX fra veicoli in marcia;Incrocio;Una carreggiata a senso unico di marcia;Bagnato (pioggia);Asfaltata;Assente;Pioggia in atto;Normale;Buona;Ore Diurne;0;0;0;4;;;0;1;Autovettura privata;In marcia / fermata / arresto;Citroen;Xsara Picasso;Passeggero;1990;M;Illeso;0;;;
3577524;7;29/11/2017 16:30:00;Strada Urbana;VIA DEI LAURI;all'intersezione con;VIALE DELLE GARDENIE;VIALE DELLE GARDENIE;;;Scontro frontale/laterale DX fra veicoli in marcia;Incrocio;Una carreggiata a senso unico di marcia;Bagnato (pioggia);Asfaltata;Assente;Pioggia in atto;Normale;Buona;Ore Diurne;0;0;0;4;;;0;1;Autovettura privata;In marcia / fermata / arresto;Citroen;Xsara Picasso;Passeggero;1991;F;Illeso;0;;;
3577524;7;29/11/2017 16:30:00;Strada Urbana;VIA DEI LAURI;all'intersezione con;VIALE DELLE GARDENIE;VIALE DELLE GARDENIE;;;Scontro frontale/laterale DX fra veicoli in marcia;Incrocio;Una carreggiata a senso unico di marcia;Bagnato (pioggia);Asfaltata;Assente;Pioggia in atto;Normale;Buona;Ore Diurne;0;0;0;4;;;0;2;Autovettura privata;In marcia / fermata / arresto;Renault;Twingo;Conducente;1993;M;Illeso;0;;;
3577532;12;28/11/2017 17:20:00;Strada Urbana;VIA LAURENTINA;all'intersezione con;VIA FRANCESCO DE SUPPE';VIA FRANCESCO DE SUPPE';;;Tamponamento;Intersezione semaforizzata;Due carreggiate;Asciutto;Asfaltata;Verticale ed orizzontale;Sereno;Normale;Buona;Sufficiente;1;0;0;1;;;0;1;Autovettura privata;In marcia / fermata / arresto;Peugeot;206;Conducente;1965;F;Rimandato;0;NON DECEDUTO;;
3577532;12;28/11/2017 17:20:00;Strada Urbana;VIA LAURENTINA;all'intersezione con;VIA FRANCESCO DE SUPPE';VIA FRANCESCO DE SUPPE';;;Tamponamento;Intersezione semaforizzata;Due carreggiate;Asciutto;Asfaltata;Verticale ed orizzontale;Sereno;Normale;Buona;Sufficiente;1;0;0;1;;;0;2;Autovettura privata;In marcia / fermata / arresto;Fiat;Punto;Conducente;1953;M;Illeso;0;;;
3577565;4;29/11/2017 15:00:00;;VIA VAL BREMBANA;da specificare;;;;prossimità via G. R. Bencivenga;Scontro laterale fra veicoli in marcia;;;;;;;;;;0;0;0;2;12,528;41,9299;0;1;Autovettura privata;In marcia / fermata / arresto;Fiat;Punto;Conducente;1983;M;Illeso;0;;;
3577565;4;29/11/2017 15:00:00;;VIA VAL BREMBANA;da specificare;;;;prossimità via G. R. Bencivenga;Scontro laterale fra veicoli in marcia;;;;;;;;;;0;0;0;2;12,528;41,9299;0;1;Autovettura privata;In marcia / fermata / arresto;Fiat;Punto;Passeggero;1976;M;Illeso;0;;;
3577577;12;28/11/2017 19:30:00;Strada Urbana;VIALE DELL'OCEANO INDIANO;da specificare;;;;fronte civico 120;Scontro frontale/laterale DX fra veicoli in marcia;Rettilineo;Una carreggiata a doppio senso;Asciutto;Asfaltata;Verticale ed orizzontale;Sereno;Normale;Sufficiente;Sufficiente;1;0;0;1;;;0;1;Autovettura privata;In marcia / fermata / arresto;Mercedes;Smart Forfour;Conducente;1959;F;Illeso;0;;Utilizzato;Inesploso
3577577;12;28/11/2017 19:30:00;Strada Urbana;VIALE DELL'OCEANO INDIANO;da specificare;;;;fronte civico 120;Scontro frontale/laterale DX fra veicoli in marcia;Rettilineo;Una carreggiata a doppio senso;Asciutto;Asfaltata;Verticale ed orizzontale;Sereno;Normale;Sufficiente;Sufficiente;1;0;0;1;;;0;2;Motociclo a solo;In marcia / fermata / arresto;Yamaha;X-City;Conducente;1978;M;Rimandato;0;NON DECEDUTO;Utilizzato;
3577603;6;30/11/2017 10:00:00;Statale entro l'abitato;VIA CASILINA;da specificare;;;;alt. via di Villa Serventi direzione GRA;Tamponamento Multiplo;Rettilineo;Due carreggiate;Bagnato (umidità in atto);Asfaltata;Orizzontale;Nuvoloso;Normale;Buona;Ore Diurne;1;0;0;2;12,53025;41,88464;-1;1;Autovettura privata;In marcia / fermata / arresto;Renault;Twingo;Conducente;1963;F;Illeso;0;;Non accertato;Inesploso
3577603;6;30/11/2017 10:00:00;Statale entro l'abitato;VIA CASILINA;da specificare;;;;alt. via di Villa Serventi direzione GRA;Tamponamento Multiplo;Rettilineo;Due carreggiate;Bagnato (umidità in atto);Asfaltata;Orizzontale;Nuvoloso;Normale;Buona;Ore Diurne;1;0;0;2;12,53025;41,88464;-1;2;Autovettura privata;In marcia / fermata / arresto;Fiat;600;Conducente;1939;F;Rifiuta cure immediate;0;NON DECEDUTO;Non accertato;Inesploso
3577603;6;30/11/2017 10:00:00;Statale entro l'abitato;VIA CASILINA;da specificare;;;;alt. via di Villa Serventi direzione GRA;Tamponamento Multiplo;Rettilineo;Due carreggiate;Bagnato (umidità in atto);Asfaltata;Orizzontale;Nuvoloso;Normale;Buona;Ore Diurne;1;0;0;2;12,53025;41,88464;-1;3;Autocarro inferiore 35 q.;In marcia / fermata / arresto;Renault;Master;Conducente;1989;M;Illeso;0;;Non accertato;Inesploso
3577618;1;30/11/2017 00:20:00;Strada Urbana;PASSEGGIATA DEL GIANICOLO;in prossimità;;del civico n.;snc;;Veicolo in marcia contro veicolo in sosta;Rotatoria;Una carreggiata a doppio senso;Bagnato (pioggia);Acciotolata;Orizzontale;Pioggia in atto;Scarso;Sufficiente;Sufficiente;0;0;0;1;;;0;1;Autobus di linea;In marcia / fermata / arresto;Irisbus;(non accertato);Conducente;1977;M;Illeso;0;;Non accertato;
3577628;7;29/11/2017 16:30:00;;VIA DEI FIORI;in prossimità;;del civico n.;61/a;;Scontro frontale/laterale DX fra veicoli in marcia;;;;;;;;;;0;0;0;6;;;0;1;Autovettura privata;In marcia / fermata / arresto;Ford;Focus;Conducente;1983;M;Illeso;0;;;
3577628;7;29/11/2017 16:30:00;;VIA DEI FIORI;in prossimità;;del civico n.;61/a;;Scontro frontale/laterale DX fra veicoli in marcia;;;;;;;;;;0;0;0;6;;;0;2;Autovettura privata;In marcia / fermata / arresto;Opel;AGILA;Conducente;1978;F;Illeso;0;;;
3577628;7;29/11/2017 16:30:00;;VIA DEI FIORI;in prossimità;;del civico n.;61/a;;Scontro frontale/laterale DX fra veicoli in marcia;;;;;;;;;;0;0;0;6;;;0;2;Autovettura privata;In marcia / fermata / arresto;Opel;AGILA;Passeggero;1973;F;Illeso;0;;;
3577628;7;29/11/2017 16:30:00;;VIA DEI FIORI;in prossimità;;del civico n.;61/a;;Scontro frontale/laterale DX fra veicoli in marcia;;;;;;;;;;0;0;0;6;;;0;2;Autovettura privata;In marcia / fermata / arresto;Opel;AGILA;Passeggero;2007;M;Illeso;0;;;
3577628;7;29/11/2017 16:30:00;;VIA DEI FIORI;in prossimità;;del civico n.;61/a;;Scontro frontale/laterale DX fra veicoli in marcia;;;;;;;;;;0;0;0;6;;;0;2;Autovettura privata;In marcia / fermata / arresto;Opel;AGILA;Passeggero;2016;M;Illeso;0;;;
3577645;4;29/11/2017 18:15:00;;VIA DELLE ISOLE CURZOLANE;da specificare;;;;prossimità via Monte Petroso;Veicoli in marcia contro veicolo fermo;;;;;;;;;;0;0;0;3;12,53194;41,9488;0;1;Filobus;In marcia / fermata / arresto;Solaris-Ganz;Trollino 18;Conducente;1962;M;Illeso;0;;;
3577645;4;29/11/2017 18:15:00;;VIA DELLE ISOLE CURZOLANE;da specificare;;;;prossimità via Monte Petroso;Veicoli in marcia contro veicolo fermo;;;;;;;;;;0;0;0;3;12,53194;41,9488;0;2;Autovettura privata;In marcia / fermata / arresto;Peugeot;107;Conducente;1973;F;Illeso;0;;;
3577645;4;29/11/2017 18:15:00;;VIA DELLE ISOLE CURZOLANE;da specificare;;;;prossimità via Monte Petroso;Veicoli in marcia contro veicolo fermo;;;;;;;;;;0;0;0;3;12,53194;41,9488;0;2;Autovettura privata;In marcia / fermata / arresto;Peugeot;107;Passeggero;2010;F;Illeso;0;;;
3577649;1;30/11/2017 03:40:00;Strada Urbana;VIA LEON BATTISTA ALBERTI;da specificare;;;;IN PROSSIMITA' DI VIALE GIOTTO;Veicolo in marcia contro ostacolo fisso;Rettilineo;Una carreggiata a doppio senso;Bagnato (pioggia);Asfaltata;Verticale ed orizzontale;Nuvoloso;Scarso;Sufficiente;Insufficiente;0;0;0;1;;;0;1;Autocarro inferiore 35 q.;In marcia / fermata / arresto;Renault;Kangoo;Conducente;1961;M;Illeso;0;;Non accertato;
3577663;17;29/11/2017 19:30:00;Strada Urbana;VIALE GIUSEPPE MAZZINI;all'intersezione con;PIAZZALE CLODIO;PIAZZALE CLODIO;;;Investimento di pedone;Rotatoria;Due carreggiate;Bagnato (pioggia);Asfaltata;Verticale ed orizzontale;Pioggia in atto;Normale;Sufficiente;Ore Diurne;1;0;0;1;12,46285;41,91584;0;;;;;;Pedone;1966;M;Rimandato;0;NON DECEDUTO;;
3577663;17;29/11/2017 19:30:00;Strada Urbana;VIALE GIUSEPPE MAZZINI;all'intersezione con;PIAZZALE CLODIO;PIAZZALE CLODIO;;;Investimento di pedone;Rotatoria;Due carreggiate;Bagnato (pioggia);Asfaltata;Verticale ed orizzontale;Pioggia in atto;Normale;Sufficiente;Ore Diurne;1;0;0;1;12,46285;41,91584;0;1;Autovettura privata;In marcia / fermata / arresto;Opel;KARL;Conducente;1966;F;Illeso;0;;;
3577678;4;29/11/2017 11:40:00;;VIA DEI PRATI FISCALI;all'intersezione con;VIA VAL DI SANGRO;VIA VAL DI SANGRO;;;Scontro frontale/laterale DX fra veicoli in marcia;;;;;;;;;;0;0;0;2;12,51616;41,94602;0;1;Autovettura privata;In marcia / fermata / arresto;Toyota;Yaris;Conducente;1979;F;Illeso;0;;;
3577678;4;29/11/2017 11:40:00;;VIA DEI PRATI FISCALI;all'intersezione con;VIA VAL DI SANGRO;VIA VAL DI SANGRO;;;Scontro frontale/laterale DX fra veicoli in marcia;;;;;;;;;;0;0;0;2;12,51616;41,94602;0;2;Autovettura privata;In marcia / fermata / arresto;Fiat;500 L;Conducente;1942;M;Illeso;0;;;
3577696;1;29/11/2017 09:35:00;Strada Urbana;VIA MERULANA;in corrispondenza;;del civico n.;143;;Scontro laterale fra veicoli in marcia;Rettilineo;Una carreggiata a doppio senso;Bagnato (umidità in atto);Asfaltata;Orizzontale;Nuvoloso;Intenso;Buona;Ore Diurne;0;0;0;2;;;0;1;Motociclo a solo;In marcia / fermata / arresto;Honda;SH;Conducente;1985;M;Illeso;0;;Non accertato;
3577696;1;29/11/2017 09:35:00;Strada Urbana;VIA MERULANA;in corrispondenza;;del civico n.;143;;Scontro laterale fra veicoli in marcia;Rettilineo;Una carreggiata a doppio senso;Bagnato (umidità in atto);Asfaltata;Orizzontale;Nuvoloso;Intenso;Buona;Ore Diurne;0;0;0;2;;;0;2;Autovettura privata;In marcia / fermata / arresto;Nissan;Micra;Conducente;1960;F;Illeso;0;;Non accertato;
3577710;8;30/11/2017 01:15:00;;VIA PRENESTINA;da specificare;;;;100 m dopo intersezione Via Rocca Cencia;Veicolo in marcia contro ostacolo accidentale;;;;;;;;;;0;0;0;1;;;0;1;Autovettura privata;In marcia / fermata / arresto;Daimler Chrysler;Mercedes;Conducente;1989;M;Illeso;0;;;
3577714;12;28/11/2017 22:00:00;Strada Urbana;VIALE DELL'UMANESIMO;in corrispondenza;;del civico n.;53;;Investimento di pedone;Rettilineo;Una carreggiata a senso unico di marcia;Asciutto;Asfaltata;Verticale ed orizzontale;Nuvoloso;Scarso;Sufficiente;Sufficiente;0;0;0;3;;;0;;;;;;Pedone;0;M;Illeso;0;;;
3577714;12;28/11/2017 22:00:00;Strada Urbana;VIALE DELL'UMANESIMO;in corrispondenza;;del civico n.;53;;Investimento di pedone;Rettilineo;Una carreggiata a senso unico di marcia;Asciutto;Asfaltata;Verticale ed orizzontale;Nuvoloso;Scarso;Sufficiente;Sufficiente;0;0;0;3;;;0;1;Autovettura privata;In marcia / fermata / arresto;Peugeot;207;Conducente;1991;M;Illeso;0;;Utilizzato;Inesploso
3577714;12;28/11/2017 22:00:00;Strada Urbana;VIALE DELL'UMANESIMO;in corrispondenza;;del civico n.;53;;Investimento di pedone;Rettilineo;Una carreggiata a senso unico di marcia;Asciutto;Asfaltata;Verticale ed orizzontale;Nuvoloso;Scarso;Sufficiente;Sufficiente;0;0;0;3;;;0;1;Autovettura privata;In marcia / fermata / arresto;Peugeot;207;Passeggero;1997;F;Illeso;0;;;
3577720;7;30/11/2017 00:50:00;;VIA ALBA;in corrispondenza;;del civico n.;50;;Veicolo in marcia contro veicolo in sosta;;;;;;;;;;0;0;0;1;;;0;1;Autocarro inferiore 35 q.;In marcia / fermata / arresto;Fiat;Iveco;Conducente;1966;M;Illeso;0;;Non accertato;Inesistente
3577729;1;30/11/2017 08:50:00;Strada Urbana;VIA DEL CORSO;in corrispondenza;;del civico n.;126;;Scontro laterale fra veicoli in marcia;Rettilineo;Una carreggiata a senso unico di marcia;Asciutto;Asfaltata;Verticale ed orizzontale;Sereno;Normale;Buona;Ore Diurne;0;0;0;2;;;0;1;Autocarro inferiore 35 q.;In marcia / fermata / arresto;Fiat;Ducato;Conducente;1977;M;Illeso;0;;Non accertato;
3577729;1;30/11/2017 08:50:00;Strada Urbana;VIA DEL CORSO;in corrispondenza;;del civico n.;126;;Scontro laterale fra veicoli in marcia;Rettilineo;Una carreggiata a senso unico di marcia;Asciutto;Asfaltata;Verticale ed orizzontale;Sereno;Normale;Buona;Ore Diurne;0;0;0;2;;;0;2;Autovettura pubblica;In marcia / fermata / arresto;Mercedes;B;Conducente;1988;M;Illeso;0;;Non accertato;
3577799;15;30/11/2017 09:15:00;;VIA GIUSEPPE VERONESE;da specificare;;;;fronte civico 119;Scontro laterale fra veicoli in marcia;;;;;;;;;;0;0;0;2;;;0;1;Autovettura privata;In marcia / fermata / arresto;Volkswagen;Polo;Conducente;0;F;Illeso;0;;;
3577799;15;30/11/2017 09:15:00;;VIA GIUSEPPE VERONESE;da specificare;;;;fronte civico 119;Scontro laterale fra veicoli in marcia;;;;;;;;;;0;0;0;2;;;0;2;Motociclo a solo;In marcia / fermata / arresto;Honda;Pantheon 150;Conducente;0;M;Illeso;0;;;
3577804;19;29/11/2017 20:00:00;;VIA DI TORREVECCHIA;in corrispondenza;;del civico n.;180;;Investimento di pedone;;;;;;;;;;2;0;0;0;;;0;;;;;;Pedone;0;M;Rimandato;0;NON DECEDUTO;;
3577804;19;29/11/2017 20:00:00;;VIA DI TORREVECCHIA;in corrispondenza;;del civico n.;180;;Investimento di pedone;;;;;;;;;;2;0;0;0;;;0;1;Motociclo a solo;In marcia / fermata / arresto;Honda;SH 125;Conducente;1997;M;Rimandato;0;NON DECEDUTO;;
3577830;15;30/11/2017 10:20:00;;VIA DELLA MAGLIANA;in corrispondenza;;del civico n.;277;;Scontro frontale/laterale DX fra veicoli in marcia;;;;;;;;;;0;0;0;2;;;0;1;Autocarro inferiore 35 q.;In marcia / fermata / arresto;Fiat;Doblo';Conducente;0;M;Illeso;0;;;
3577830;15;30/11/2017 10:20:00;;VIA DELLA MAGLIANA;in corrispondenza;;del civico n.;277;;Scontro frontale/laterale DX fra veicoli in marcia;;;;;;;;;;0;0;0;2;;;0;2;Autovettura privata;In marcia / fermata / arresto;Renault;Clio;Conducente;0;F;Illeso;0;;;
3577880;5;29/11/2017 20:30:00;;VIA ELENA BRANDIZZI GIANNI;da specificare;;;;altezza giardini;Investimento di pedone;;;;;;;;;;1;0;0;1;;;0;;;;;;Pedone;0;M;Rimandato;0;NON DECEDUTO;;
3577880;5;29/11/2017 20:30:00;;VIA ELENA BRANDIZZI GIANNI;da specificare;;;;altezza giardini;Investimento di pedone;;;;;;;;;;1;0;0;1;;;0;1;Autovettura privata;In marcia / fermata / arresto;Chevrolet;Matiz;Conducente;1997;M;Illeso;0;;;
3577894;1;30/11/2017 08:15:00;Strada Urbana;VIA DEGLI ANNIBALDI;in prossimità;;del palo luce n.;5;;Veicolo in marcia contro veicolo arresto;Rettilineo;Una carreggiata a senso unico di marcia;Asciutto;Asfaltata;Verticale ed orizzontale;Sereno;Normale;Buona;Ore Diurne;0;0;0;2;12,49157;41,89272;0;1;Autocarro inferiore 35 q.;In marcia / fermata / arresto;Fiat;Panda;Conducente;1992;M;Illeso;0;;Utilizzato;Inesploso
3577894;1;30/11/2017 08:15:00;Strada Urbana;VIA DEGLI ANNIBALDI;in prossimità;;del palo luce n.;5;;Veicolo in marcia contro veicolo arresto;Rettilineo;Una carreggiata a senso unico di marcia;Asciutto;Asfaltata;Verticale ed orizzontale;Sereno;Normale;Buona;Ore Diurne;0;0;0;2;12,49157;41,89272;0;2;Autovettura privata;In marcia / fermata / arresto;Smart ;ForTwo Coupé;Conducente;1988;M;Illeso;0;;Utilizzato;Inesploso
3577916;5;30/11/2017 12:50:00;;VIA DI PORTONACCIO;in prossimità;;del civico n.;68;;Scontro laterale fra veicoli in marcia;;;;;;;;;;0;0;0;2;;;0;1;Autovettura privata;In marcia / fermata / arresto;Fiat;Panda;Conducente;1976;M;Illeso;0;;;
3577916;5;30/11/2017 12:50:00;;VIA DI PORTONACCIO;in prossimità;;del civico n.;68;;Scontro laterale fra veicoli in marcia;;;;;;;;;;0;0;0;2;;;0;2;Motociclo con passeggero;In marcia / fermata / arresto;Honda;SH 150;Conducente;1982;M;Illeso;0;;Non accertato;
3577976;12;29/11/2017 09:00:00;;VIA PONTINA;in corrispondenza;;della chilometrica;18.25;;Fuoriuscita dalla sede stradale;;;;;;;;;;1;0;0;0;;;0;1;Veicolo speciale;In marcia / fermata / arresto;Fiat Iveco;Eurotech;Conducente;1975;M;Rimandato;0;NON DECEDUTO;;
3577997;12;29/11/2017 17:55:00;;VIALE DELL'UMANESIMO;da specificare;;;;prossimità palo illuminazione n.16;Investimento di pedone;;;;;;;;;;2;0;0;1;;;0;;;;;;Pedone;0;F;Rimandato;0;NON DECEDUTO;;
3577997;12;29/11/2017 17:55:00;;VIALE DELL'UMANESIMO;da specificare;;;;prossimità palo illuminazione n.16;Investimento di pedone;;;;;;;;;;2;0;0;1;;;0;;;;;;Pedone;0;M;Rimandato;0;NON DECEDUTO;;
3577997;12;29/11/2017 17:55:00;;VIALE DELL'UMANESIMO;da specificare;;;;prossimità palo illuminazione n.16;Investimento di pedone;;;;;;;;;;2;0;0;1;;;0;1;Autovettura privata;In marcia / fermata / arresto;Toyota;Aygo;Conducente;1958;M;Illeso;0;;;
3578022;12;29/11/2017 18:10:00;;VIALE EGEO;in corrispondenza;;del civico n.;20;;Tamponamento;;;;;;;;;;1;0;0;1;;;0;1;Autocarro inferiore 35 q.;In marcia / fermata / arresto;Fiat;Ducato;Conducente;1990;M;Illeso;0;;;
3578022;12;29/11/2017 18:10:00;;VIALE EGEO;in corrispondenza;;del civico n.;20;;Tamponamento;;;;;;;;;;1;0;0;1;;;0;2;Autovettura privata;In marcia / fermata / arresto;Mercedes;Smart Fortwo;Conducente;1981;F;Rimandato;0;NON DECEDUTO;;
3578043;12;29/11/2017 19:30:00;;VIA GIOVANNI CINISELLI;all'intersezione con;VIALE BARTOLOMEO CAVACEPPI;VIALE BARTOLOMEO CAVACEPPI;;;Scontro frontale/laterale DX fra veicoli in marcia;;;;;;;;;;0;0;0;2;;;0;1;Autovettura privata;In marcia / fermata / arresto;Volkswagen;Golf;Conducente;1988;M;Illeso;0;;;
3578043;12;29/11/2017 19:30:00;;VIA GIOVANNI CINISELLI;all'intersezione con;VIALE BARTOLOMEO CAVACEPPI;VIALE BARTOLOMEO CAVACEPPI;;;Scontro frontale/laterale DX fra veicoli in marcia;;;;;;;;;;0;0;0;2;;;0;2;Autovettura privata;In marcia / fermata / arresto;Fiat;Panda;Conducente;1975;F;Illeso;0;;;
3578052;12;29/11/2017 18:00:00;;PIAZZALE VENTICINQUE MARZO 1957;da specificare;;;;prossimità distributore ENI;Investimento di pedone;;;;;;;;;;0;0;0;2;;;0;;;;;;Pedone;1993;M;Illeso;0;;;
3578052;12;29/11/2017 18:00:00;;PIAZZALE VENTICINQUE MARZO 1957;da specificare;;;;prossimità distributore ENI;Investimento di pedone;;;;;;;;;;0;0;0;2;;;0;1;Motociclo a solo;In marcia / fermata / arresto;Yamaha;Xenter;Conducente;1968;M;Illeso;0;;;
3578062;12;29/11/2017 17:30:00;;VIALE EGEO;in corrispondenza;;del civico n.;25;;Veicolo in marcia contro veicoli fermi;;;;;;;;;;0;0;0;3;;;0;1;Autovettura privata;In marcia / fermata / arresto;Alfa Romeo;147;Conducente;1979;F;Illeso;0;;;
3578062;12;29/11/2017 17:30:00;;VIALE EGEO;in corrispondenza;;del civico n.;25;;Veicolo in marcia contro veicoli fermi;;;;;;;;;;0;0;0;3;;;0;2;Autovettura privata;In marcia / fermata / arresto;Volkswagen;Polo;Conducente;1964;F;Illeso;0;;;
3578062;12;29/11/2017 17:30:00;;VIALE EGEO;in corrispondenza;;del civico n.;25;;Veicolo in marcia contro veicoli fermi;;;;;;;;;;0;0;0;3;;;0;3;Autovettura privata;In marcia / fermata / arresto;Alfa Romeo;Giulietta;Conducente;1955;M;Illeso;0;;;
3578068;3;29/11/2017 19:15:00;;VIA NOMENTANA;all'intersezione semaforizzata con;CORSO TRIESTE;CORSO TRIESTE;;;Scontro frontale/laterale SX fra veicoli in marcia;;;;;;;;;;0;1;0;1;;;0;1;Autovettura privata;In marcia / fermata / arresto;Mercedes;Smart Fortwo;Conducente;0;M;Illeso;0;;;
3578068;3;29/11/2017 19:15:00;;VIA NOMENTANA;all'intersezione semaforizzata con;CORSO TRIESTE;CORSO TRIESTE;;;Scontro frontale/laterale SX fra veicoli in marcia;;;;;;;;;;0;1;0;1;;;0;2;Motociclo a solo;In marcia / fermata / arresto;Honda;@;Conducente;0;M;Prognosi riservata;0;NON DECEDUTO;;
3578087;9;30/11/2017 11:00:00;;VIA TALAMONE;all'intersezione con;VIA LATINA;VIA LATINA;;;Scontro laterale fra veicoli in marcia;;;;;;;;;;0;0;0;2;;;0;1;Autocarro inferiore 35 q.;In marcia / fermata / arresto;Ford;Transit;Conducente;1958;M;Illeso;0;;;
3578087;9;30/11/2017 11:00:00;;VIA TALAMONE;all'intersezione con;VIA LATINA;VIA LATINA;;;Scontro laterale fra veicoli in marcia;;;;;;;;;;0;0;0;2;;;0;2;Autovettura privata;In marcia / fermata / arresto;Peugeot;108;Conducente;1974;M;Illeso;0;;;
3578137;17;30/11/2017 15:05:00;Strada Urbana;PIAZZALE CLODIO;all'intersezione semaforizzata con;VIALE GIOVANNI FALCONE E PAOLO BORSELLINO;VIALE GIOVANNI FALCONE E PAOLO BORSELLINO;;;Scontro frontale/laterale SX fra veicoli in marcia;Intersezione semaforizzata;Due carreggiate;Asciutto;Asfaltata;Verticale ed orizzontale;Sereno;Normale;Buona;Ore Diurne;0;0;0;2;12,45446;41,91694;0;1;Motociclo con passeggero;In marcia / fermata / arresto;Honda;SH 125;Conducente;1998;M;Illeso;0;;;
3578137;17;30/11/2017 15:05:00;Strada Urbana;PIAZZALE CLODIO;all'intersezione semaforizzata con;VIALE GIOVANNI FALCONE E PAOLO BORSELLINO;VIALE GIOVANNI FALCONE E PAOLO BORSELLINO;;;Scontro frontale/laterale SX fra veicoli in marcia;Intersezione semaforizzata;Due carreggiate;Asciutto;Asfaltata;Verticale ed orizzontale;Sereno;Normale;Buona;Ore Diurne;0;0;0;2;12,45446;41,91694;0;2;Autovettura privata;In marcia / fermata / arresto;Toyota;Yaris;Conducente;1991;F;Illeso;0;;;
3578154;9;30/11/2017 15:00:00;Strada Urbana;VIA TUSCOLANA;all'intersezione con;VIA MONSELICE;VIA MONSELICE;;;Veicolo in marcia contro ostacolo accidentale;Incrocio;Una carreggiata a doppio senso;Asciutto;Asfaltata;Verticale ed orizzontale;Sereno;Normale;Buona;Ore Diurne;0;0;0;1;;;0;1;Motociclo a solo;In marcia / fermata / arresto;Honda;-;Conducente;1999;F;Illeso;0;;Non accertato;
3578238;1;30/11/2017 05:00:00;Strada Urbana;VIA DELL'ARCO DE' BANCHI;in prossimità;;del civico n.;17;;Veicolo in marcia contro ostacolo accidentale;Rettilineo;Una carreggiata a senso unico di marcia;Bagnato (umidità in atto);In cubetti di porfido;Verticale;Nebbia;Scarso;Sufficiente;Sufficiente;0;0;0;1;12,46586;41,90041;0;1;Autocarro inferiore 35 q.;In marcia / fermata / arresto;Renault;Trucks;Conducente;1973;M;Illeso;0;;Utilizzato;Inesploso
3578256;10;30/11/2017 16:10:00;Strada Urbana;VIALE DEI CONSOLI;in prossimità;;del civico n.;133;;Scontro frontale fra veicoli in marcia;Rettilineo;Due carreggiate;Asciutto;Asfaltata;Orizzontale;Sereno;Normale;Buona;Ore Diurne;1;0;0;1;;;0;1;Motociclo a solo;In marcia / fermata / arresto;Piaggio;Liberty 150;Conducente;1964;F;Rifiuta cure immediate;0;NON DECEDUTO;Non accertato;
3578256;10;30/11/2017 16:10:00;Strada Urbana;VIALE DEI CONSOLI;in prossimità;;del civico n.;133;;Scontro frontale fra veicoli in marcia;Rettilineo;Due carreggiate;Asciutto;Asfaltata;Orizzontale;Sereno;Normale;Buona;Ore Diurne;1;0;0;1;;;0;2;Autovettura privata;In marcia / fermata / arresto;Toyota;VERSO;Conducente;1957;M;Illeso;0;;Non accertato;Inesploso