Protocollo;Gruppo;DataOraIncidente;Localizzazione1;STRADA1;Localizzazione2;STRADA2;Strada02;Chilometrica;DaSpecificare;NaturaIncidente;particolaritastrade;TipoStrada;FondoStradale;Pavimentazione;Segnaletica;CondizioneAtmosferica;Traffico;Visibilita;Illuminazione;NUM_FERITI;NUM_RISERVATA;NUM_MORTI;NUM_ILLESI;Longitudine;Latitudine;Confermato;Progressivo;TipoVeicolo;StatoVeicolo;Marca;Modello;TipoPersona;AnnoNascita;Sesso;Tipolesione;Deceduto;DecedutoDopo;CinturaCascoUtilizzato;Airbag;
3578910;10;30/11/2017 09:30:00;;CIRCONVALLAZIONE TUSCOLANA;da specificare;;;;prox via Tuscolana;Scontro laterale fra veicoli in marcia;;;;;;;;;;0;0;0;3;;;0;1;Autovettura privata;In marcia / fermata / arresto;Toyota;Yaris;Passeggero;1938;F;Illeso;0;;;
3578910;10;30/11/2017 09:30:00;;CIRCONVALLAZIONE TUSCOLANA;da specificare;;;;prox via Tuscolana;Scontro laterale fra veicoli in marcia;;;;;;;;;;0;0;0;3;;;0;2;Autocarro inferiore 35 q.;In marcia / fermata / arresto;Fiat;Iveco Magirus;Conducente;1969;M;Illeso;0;;;
3578925;10;30/11/2017 19:38:00;;VIA DEL CALICE;in prossimità;;del civico n.;27;;Veicolo in marcia contro veicolo in sosta;;;;;;;;;;0;0;0;2;;;0;1;Autovettura privata;Sosta;Fiat;500;Conducente;1976;F;Illeso;0;;;
3578925;10;30/11/2017 19:38:00;;VIA DEL CALICE;in prossimità;;del civico n.;27;;Veicolo in marcia contro veicolo in sosta;;;;;;;;;;0;0;0;2;;;0;2;Autovettura privata;In marcia / fermata / arresto;Citroen;C 3;Conducente;1964;F;Illeso;0;;;
3578932;10;30/11/2017 21:10:00;;LARGO ORAZI E CURIAZI;all'intersezione con;VIA MANLIO TORQUATO;VIA MANLIO TORQUATO;;;Tamponamento;;;;;;;;;;0;0;0;2;;;0;1;Autovettura privata;In marcia / fermata / arresto;Fiat;600;Conducente;1976;M;Illeso;0;;;
3578932;10;30/11/2017 21:10:00;;LARGO ORAZI E CURIAZI;all'intersezione con;VIA MANLIO TORQUATO;VIA MANLIO TORQUATO;;;Tamponamento;;;;;;;;;;0;0;0;2;;;0;2;Autovettura privata;In marcia / fermata / arresto;Renault;Captur;Conducente;1970;M;Illeso;0;;;
3578946;1;30/11/2017 19:40:00;Strada Urbana;PONTE SUBLICIO;in prossimità;;del palo luce n.;3;;Tamponamento;Rettilineo;Una carreggiata a doppio senso;Asciutto;Asfaltata;Orizzontale;Sereno;Intenso;Sufficiente;Sufficiente;0;0;0;4;;;0;1;Autovettura privata;In marcia / fermata / arresto;Renault;Clio;Conducente;1990;F;Illeso;0;;;
3578946;1;30/11/2017 19:40:00;Strada Urbana;PONTE SUBLICIO;in prossimità;;del palo luce n.;3;;Tamponamento;Rettilineo;Una carreggiata a doppio senso;Asciutto;Asfaltata;Orizzontale;Sereno;Intenso;Sufficiente;Sufficiente;0;0;0;4;;;0;1;Autovettura privata;In marcia / fermata / arresto;Renault;Clio;Passeggero;1987;M;Illeso;0;;;
3578946;1;30/11/2017 19:40:00;Strada Urbana;PONTE SUBLICIO;in prossimità;;del palo luce n.;3;;Tamponamento;Rettilineo;Una carreggiata a doppio senso;Asciutto;Asfaltata;Orizzontale;Sereno;Intenso;Sufficiente;Sufficiente;0;0;0;4;;;0;1;Autovettura privata;In marcia / fermata / arresto;Renault;Clio;Passeggero;1990;M;Illeso;0;;;
3578946;1;30/11/2017 19:40:00;Strada Urbana;PONTE SUBLICIO;in prossimità;;del palo luce n.;3;;Tamponamento;Rettilineo;Una carreggiata a doppio senso;Asciutto;Asfaltata;Orizzontale;Sereno;Intenso;Sufficiente;Sufficiente;0;0;0;4;;;0;2;Autovettura privata;In marcia / fermata / arresto;Ford;(non accertato);Conducente;1983;M;Illeso;0;;;
3578948;11;30/11/2017 13:30:00;;VIA ROSA GUARNIERI CARDUCCI;in corrispondenza;;del civico n.;35;;Scontro frontale/laterale DX fra veicoli in marcia;;;;;;;;;;0;0;0;2;;;0;1;Autovettura privata;In marcia / fermata / arresto;Nissan;Micra;Conducente;0;M;Illeso;0;;;
3578948;11;30/11/2017 13:30:00;;VIA ROSA GUARNIERI CARDUCCI;in corrispondenza;;del civico n.;35;;Scontro frontale/laterale DX fra veicoli in marcia;;;;;;;;;;0;0;0;2;;;0;2;Autovettura privata;In marcia / fermata / arresto;Audi;A3;Conducente;1981;M;Illeso;0;;;
3578956;19;30/11/2017 10:30:00;Strada Urbana;VIA MATTIA BATTISTINI;all'intersezione con;VIA DELLE CALASANZIANE;VIA DELLE CALASANZIANE;;;Scontro laterale fra veicoli in marcia;Incrocio;Una carreggiata a doppio senso;Asciutto;Asfaltata;Orizzontale;Sereno;Normale;Buona;Ore Diurne;0;0;0;4;;;0;1;Autovettura privata;In marcia / fermata / arresto;Volkswagen;Golf;Conducente;1984;M;Illeso;0;;;
3578956;19;30/11/2017 10:30:00;Strada Urbana;VIA MATTIA BATTISTINI;all'intersezione con;VIA DELLE CALASANZIANE;VIA DELLE CALASANZIANE;;;Scontro laterale fra veicoli in marcia;Incrocio;Una carreggiata a doppio senso;Asciutto;Asfaltata;Orizzontale;Sereno;Normale;Buona;Ore Diurne;0;0;0;4;;;0;1;Autovettura privata;In marcia / fermata / arresto;Volkswagen;Golf;Passeggero;1990;F;Illeso;0;;;
3578956;19;30/11/2017 10:30:00;Strada Urbana;VIA MATTIA BATTISTINI;all'intersezione con;VIA DELLE CALASANZIANE;VIA DELLE CALASANZIANE;;;Scontro laterale fra veicoli in marcia;Incrocio;Una carreggiata a doppio senso;Asciutto;Asfaltata;Orizzontale;Sereno;Normale;Buona;Ore Diurne;0;0;0;4;;;0;1;Autovettura privata;In marcia / fermata / arresto;Volkswagen;Golf;Passeggero;2017;M;Illeso;0;;;
3578956;19;30/11/2017 10:30:00;Strada Urbana;VIA MATTIA BATTISTINI;all'intersezione con;VIA DELLE CALASANZIANE;VIA DELLE CALASANZIANE;;;Scontro laterale fra veicoli in marcia;Incrocio;Una carreggiata a doppio senso;Asciutto;Asfaltata;Orizzontale;Sereno;Normale;Buona;Ore Diurne;0;0;0;4;;;0;2;Autovettura privata;In marcia / fermata / arresto;Alfa Romeo;145;Conducente;1945;M;Illeso;0;;;
3578997;1;30/11/2017 19:15:00;Strada Urbana;VIA PALESTRO;in prossimità;;del civico n.;67;;Scontro laterale fra veicoli in marcia;Rettilineo;Una carreggiata a senso unico di marcia;Asciutto;Asfaltata;Verticale ed orizzontale;Sereno;Scarso;Buona;Sufficiente;1;0;0;1;12,50525;41,90414;0;1;Autovettura privata;In marcia / fermata / arresto;Fiat;Palio;Conducente;1943;M;Illeso;0;;Utilizzato;Inesploso
3578997;1;30/11/2017 19:15:00;Strada Urbana;VIA PALESTRO;in prossimità;;del civico n.;67;;Scontro laterale fra veicoli in marcia;Rettilineo;Una carreggiata a senso unico di marcia;Asciutto;Asfaltata;Verticale ed orizzontale;Sereno;Scarso;Buona;Sufficiente;1;0;0;1;12,50525;41,90414;0;2;Motociclo a solo;In marcia / fermata / arresto;Kimco;People;Conducente;1976;M;Rimandato;0;NON DECEDUTO;Non accertato;
3579026;19;30/11/2017 17:30:00;;VIA MARZIALE;in prossimità;;del civico n.;44;;Veicolo in marcia contro veicolo fermo;;;;;;;;;;0;0;0;1;;;0;1;Autovettura privata;In marcia / fermata / arresto;Peugeot;206;Conducente;1963;M;Illeso;0;;;
3579049;4;30/11/2017 16:55:00;;VIA DI CASAL BOCCONE;da specificare;;;;prossimità via G. Deledda direzione Nomentana;Tamponamento;;;;;;;;;;0;0;0;2;;;0;1;Autovettura privata;In marcia / fermata / arresto;Renault;Megane;Conducente;1963;M;Illeso;0;;;
3579049;4;30/11/2017 16:55:00;;VIA DI CASAL BOCCONE;da specificare;;;;prossimità via G. Deledda direzione Nomentana;Tamponamento;;;;;;;;;;0;0;0;2;;;0;2;Autovettura privata;In marcia / fermata / arresto;Skoda;Felicia;Conducente;1927;M;Illeso;0;;;
3579059;4;30/11/2017 10:20:00;;VIADOTTO ANTONIO SEGNI;da specificare;;;;prossimità rampa Fidene direzione Via Salaria;Scontro frontale/laterale DX fra veicoli in marcia;;;;;;;;;;1;0;0;1;;;0;1;Autovettura privata;In marcia / fermata / arresto;Peugeot;206;Conducente;1969;M;Illeso;0;;;
3579059;4;30/11/2017 10:20:00;;VIADOTTO ANTONIO SEGNI;da specificare;;;;prossimità rampa Fidene direzione Via Salaria;Scontro frontale/laterale DX fra veicoli in marcia;;;;;;;;;;1;0;0;1;;;0;2;Autovettura privata;In marcia / fermata / arresto;Toyota;Corolla;Conducente;1962;M;Rifiuta cure immediate;0;NON DECEDUTO;;
3579116;8;30/11/2017 22:45:00;;VIA PRENESTINA;da specificare;;;;100 mt  dopo via Rocca Cencia dir. fuori Roma;Veicolo in marcia contro ostacolo accidentale;;;;;;;;;;0;0;0;1;12,69736;41,88835;0;1;Autovettura privata;In marcia / fermata / arresto;Fiat;500;Conducente;1969;M;Illeso;0;;Non accertato;Inesploso
3579117;8;30/11/2017 18:00:00;;VIALE DEI ROMANISTI;in corrispondenza;;del palo luce n.;58;;Veicolo in marcia contro ostacolo fisso;;;;;;;;;;1;0;0;0;;;0;1;Motociclo a solo;In marcia / fermata / arresto;Honda;125 cc.;Conducente;2001;M;Ricoverato;0;NON DECEDUTO;;
3579122;8;30/11/2017 12:30:00;;VIALE OXFORD;da specificare;;;;ROTATORIA PTV;Tamponamento;;;;;;;;;;0;0;0;2;;;0;1;Autovettura privata;In marcia / fermata / arresto;Mercedes;Smart;Conducente;1983;M;Illeso;0;;;
3579122;8;30/11/2017 12:30:00;;VIALE OXFORD;da specificare;;;;ROTATORIA PTV;Tamponamento;;;;;;;;;;0;0;0;2;;;0;2;Autovettura privata;In marcia / fermata / arresto;Fiat;Panda;Conducente;1966;M;Illeso;0;;Non accertato;
3579124;8;30/11/2017 22:46:00;;VIA PRENESTINA;da specificare;;;;100 mt dopo via rocca cencia dir. fuori rm;Veicolo in marcia contro ostacolo accidentale;;;;;;;;;;0;0;0;1;12,69917;41,88937;0;1;Autovettura privata;In marcia / fermata / arresto;Fiat;Bravo;Conducente;1975;M;Illeso;0;;Non accertato;Inesistente
3579125;4;30/11/2017 19:15:00;;VIA DI VALLE RICCA;in prossimità;;del civico n.;335;;Veicolo in marcia contro ostacolo accidentale;;;;;;;;;;0;0;0;1;;;0;1;Autocarro inferiore 35 q.;In marcia / fermata / arresto;Ford;Ranger;Conducente;1956;M;Illeso;0;;;
3579155;8;30/11/2017 22:47:00;;VIA PRENESTINA;da specificare;;;;100 mt dopo via Rocca Cencia dir. Fuori Roma;Veicolo in marcia contro ostacolo accidentale;;;;;;;;;;0;0;0;1;12,69616;41,88854;0;1;Autovettura privata;In marcia / fermata / arresto;Lancia;Ypsilon;Conducente;1992;M;Illeso;0;;Non accertato;Inesploso
3579161;2;30/11/2017 15:40:00;Strada Urbana;VIA DI PRISCILLA;in corrispondenza;;del civico n.;109;;Veicolo in marcia contro veicoli in sosta;Rettilineo;Una carreggiata a doppio senso;Asciutto;Asfaltata;Verticale ed orizzontale;Nuvoloso;Normale;Buona;Ore Diurne;1;0;0;0;;;0;1;Autovettura privata;In marcia / fermata / arresto;Ford;Fiesta;Conducente;1998;F;Rimandato;0;NON DECEDUTO;Non accertato;
3579173;8;30/11/2017 22:48:00;;VIA PRENESTINA;da specificare;;;;100 mt dopo Rocca Cencia dir. fuori Rm;Veicolo in marcia contro ostacolo accidentale;;;;;;;;;;0;0;0;1;12,70123;41,88809;0;1;Autovettura privata;In marcia / fermata / arresto;Renault;Scenic;Conducente;1981;M;Illeso;0;;Non accertato;Inesploso
3579179;8;30/11/2017 22:49:00;;VIA PRENESTINA;da specificare;;;;100 mt dopo via Rocca Cencia dir. fuori Rm;Veicolo in marcia contro ostacolo accidentale;;;;;;;;;;0;0;0;1;12,69917;41,88886;0;1;Autovettura privata;In marcia / fermata / arresto;Audi;A4;Conducente;1981;M;Illeso;0;;Non accertato;Inesploso
3579184;2;30/11/2017 11:10:00;;VIALE ETIOPIA;in prossimità;;del civico n.;FR. 1;;Scontro frontale/laterale SX fra veicoli in marcia;;;;;;;;;;0;0;0;2;;;0;1;Autovettura privata;In marcia / fermata / arresto;Fiat;Panda;Conducente;1967;F;Illeso;0;;;
3579184;2;30/11/2017 11:10:00;;VIALE ETIOPIA;in prossimità;;del civico n.;FR. 1;;Scontro frontale/laterale SX fra veicoli in marcia;;;;;;;;;;0;0;0;2;;;0;2;Autovettura privata;In marcia / fermata / arresto;Opel;Corsa;Conducente;1963;M;Illeso;0;;;
3579189;2;30/11/2017 01:00:00;;VIA MARTIGNANO;in prossimità;;del civico n.;FR. 53;;Veicolo in marcia contro veicoli in sosta;;;;;;;;;;0;0;0;1;;;0;1;Autovettura privata;In marcia / fermata / arresto;Fiat;Panda;Conducente;0;M;Illeso;0;;;
3579190;8;30/11/2017 08:00:00;Strada Urbana;VIA RUGANTINO;in corrispondenza;;del civico n.;108;;Veicolo in marcia contro ostacolo fisso;Rettilineo;Una carreggiata a doppio senso;Bagnato (pioggia);Asfaltata;Assente;Nuvoloso;Scarso;;;0;0;0;1;12,57863;41,8649;0;1;Autovettura privata;In marcia / fermata / arresto;Toyota;Yaris Verso;Conducente;1964;M;Illeso;0;;;
3579196;2;30/11/2017 08:30:00;;VIA SALARIA;all'intersezione semaforizzata con;VIA RUBICONE;VIA RUBICONE;;;Investimento di pedone;;;;;;;;;;1;0;0;1;;;0;;;;;;Pedone;1947;F;Rimandato;0;NON DECEDUTO;;
3579196;2;30/11/2017 08:30:00;;VIA SALARIA;all'intersezione semaforizzata con;VIA RUBICONE;VIA RUBICONE;;;Investimento di pedone;;;;;;;;;;1;0;0;1;;;0;1;Autovettura privata;In marcia / fermata / arresto;Mercedes; GLK 220;Conducente;1967;F;Illeso;0;;;
3579198;8;30/11/2017 14:45:00;Statale entro l'abitato;VIA CASILINA;in prossimità;;del civico n.;1388;;Scontro frontale/laterale DX fra veicoli in marcia;Rettilineo;Una carreggiata a doppio senso;Asciutto;Asfaltata;Verticale ed orizzontale;Sereno;Normale;Buona;Ore Diurne;1;0;0;2;12,61708;41,86308;0;1;Autovettura privata;In marcia / fermata / arresto;Smart ;Smart for two coupè;Conducente;1969;F;Illeso;0;;Non accertato;Inesploso
3579198;8;30/11/2017 14:45:00;Statale entro l'abitato;VIA CASILINA;in prossimità;;del civico n.;1388;;Scontro frontale/laterale DX fra veicoli in marcia;Rettilineo;Una carreggiata a doppio senso;Asciutto;Asfaltata;Verticale ed orizzontale;Sereno;Normale;Buona;Ore Diurne;1;0;0;2;12,61708;41,86308;0;1;Autovettura privata;In marcia / fermata / arresto;Smart ;Smart for two coupè;Passeggero;1999;F;Illeso;0;;Non accertato;Inesploso
3579198;8;30/11/2017 14:45:00;Statale entro l'abitato;VIA CASILINA;in prossimità;;del civico n.;1388;;Scontro frontale/laterale DX fra veicoli in marcia;Rettilineo;Una carreggiata a doppio senso;Asciutto;Asfaltata;Verticale ed orizzontale;Sereno;Normale;Buona;Ore Diurne;1;0;0;2;12,61708;41,86308;0;2;Motociclo a solo;In marcia / fermata / arresto;Honda;SH 300i;Conducente;1949;M;Rimandato;0;NON DECEDUTO;Non accertato;
3579201;2;30/11/2017 19:00:00;;VIALE BRUNO BUOZZI;all'intersezione con;VIA DELLE TRE MADONNE;VIA DELLE TRE MADONNE;;;Scontro frontale/laterale DX fra veicoli in marcia;;;;;;;;;;0;0;0;3;;;0;1;Autovettura privata;In marcia / fermata / arresto;Volvo;V 50;Conducente;1965;M;Illeso;0;;Non accertato;Inesploso
3579201;2;30/11/2017 19:00:00;;VIALE BRUNO BUOZZI;all'intersezione con;VIA DELLE TRE MADONNE;VIA DELLE TRE MADONNE;;;Scontro frontale/laterale DX fra veicoli in marcia;;;;;;;;;;0;0;0;3;;;0;1;Autovettura privata;In marcia / fermata / arresto;Volvo;V 50;Passeggero;2001;F;Illeso;0;;Non accertato;Inesploso
3579201;2;30/11/2017 19:00:00;;VIALE BRUNO BUOZZI;all'intersezione con;VIA DELLE TRE MADONNE;VIA DELLE TRE MADONNE;;;Scontro frontale/laterale DX fra veicoli in marcia;;;;;;;;;;0;0;0;3;;;0;2;Autovettura privata;In marcia / fermata / arresto;Volkswagen;Passat;Conducente;1992;M;Illeso;0;;Non accertato;Inesploso
3579204;2;30/11/2017 13:05:00;;VIA DEL FORO ITALICO;da specificare;;;;alt. uscita VIA DELLA MOSCHEA;Veicolo in marcia contro ostacolo fisso;;;;;;;;;;0;0;0;2;;;0;1;Motociclo a solo;In marcia / fermata / arresto;Yamaha;MBK;Conducente;1993;M;Illeso;0;;Non accertato;
3579204;2;30/11/2017 13:05:00;;VIA DEL FORO ITALICO;da specificare;;;;alt. uscita VIA DELLA MOSCHEA;Veicolo in marcia contro ostacolo fisso;;;;;;;;;;0;0;0;2;;;0;2;Autobus turistico;In marcia / fermata / arresto;Irisbus;397 E;Conducente;1954;M;Illeso;0;;;
3579268;1;17/11/2017 12:45:00;;VIA CAVOUR;in prossimità;;del civico n.;237;;Scontro laterale fra veicoli in marcia;;;;;;;;;;0;0;0;1;;;0;1;Motociclo a solo;In marcia / fermata / arresto;Yamaha;Majestic;Conducente;1968;M;Illeso;0;;;
3579272;4;30/11/2017 12:10:00;;VIALE JONIO;in prossimità;;del civico n.;270;;Investimento di pedone;;;;;;;;;;1;0;0;1;12,53059;41,94598;0;;;;;;Pedone;2003;F;Rimandato;0;NON DECEDUTO;;
3579272;4;30/11/2017 12:10:00;;VIALE JONIO;in prossimità;;del civico n.;270;;Investimento di pedone;;;;;;;;;;1;0;0;1;12,53059;41,94598;0;1;Autovettura privata;In marcia / fermata / arresto;Fiat;Panda;Conducente;1970;F;Illeso;0;;Non accertato;Inesploso
3579390;3;30/11/2017 14:55:00;Strada Urbana;NUOVA CIRCONVALLAZIONE INTERNA;da specificare;;;;in prossimità Cir.ne Tiburtina;Scontro laterale fra veicoli in marcia;Rettilineo;Due carreggiate;Asciutto;Asfaltata;Verticale ed orizzontale;Sereno;Intenso;Insufficiente;Ore Diurne;0;0;0;2;;;0;1;Autovettura privata;In marcia / fermata / arresto;Smart ;Smart for two coupè;Conducente;1970;M;Illeso;0;;Non accertato;Inesploso
3579390;3;30/11/2017 14:55:00;Strada Urbana;NUOVA CIRCONVALLAZIONE INTERNA;da specificare;;;;in prossimità Cir.ne Tiburtina;Scontro laterale fra veicoli in marcia;Rettilineo;Due carreggiate;Asciutto;Asfaltata;Verticale ed orizzontale;Sereno;Intenso;Insufficiente;Ore Diurne;0;0;0;2;;;0;2;Motociclo a solo;In marcia / fermata / arresto;Yamaha;XJR 1300;Conducente;1965;M;Illeso;0;;Non accertato;
3579394;3;29/11/2017 23:45:00;;VIALE LIEGI;in corrispondenza;;del civico n.;39c;;Tamponamento;;;;;;;;;;0;0;0;5;;;0;1;Motociclo a solo;In marcia / fermata / arresto;Honda;SH;Conducente;0;M;Illeso;0;;;
3579394;3;29/11/2017 23:45:00;;VIALE LIEGI;in corrispondenza;;del civico n.;39c;;Tamponamento;;;;;;;;;;0;0;0;5;;;0;2;Autovettura privata;In marcia / fermata / arresto;Mercedes;(non accertato);Conducente;0;M;Illeso;0;;;
3579394;3;29/11/2017 23:45:00;;VIALE LIEGI;in corrispondenza;;del civico n.;39c;;Tamponamento;;;;;;;;;;0;0;0;5;;;0;2;Autovettura privata;In marcia / fermata / arresto;Mercedes;(non accertato);Passeggero;0;M;Illeso;0;;;
3579485;16;30/11/2017 08:10:00;;VIA FEDERICO OZANAM;in corrispondenza;;del civico n.;117;;Tamponamento;;;;;;;;;;1;0;0;1;;;0;1;Autocarro inferiore 35 q.;In marcia / fermata / arresto;Citroen;Berlingo;Conducente;0;M;Illeso;0;;;
3579485;16;30/11/2017 08:10:00;;VIA FEDERICO OZANAM;in corrispondenza;;del civico n.;117;;Tamponamento;;;;;;;;;;1;0;0;1;;;0;2;Autovettura privata;In marcia / fermata / arresto;Hyundai;Athos Prime;Conducente;0;F;Rimandato;0;NON DECEDUTO;;
3579500;16;30/11/2017 17:00:00;;VIA RAFFAELE BATTISTINI;in corrispondenza;;del civico n.;43;;Scontro frontale fra veicoli in marcia;;;;;;;;;;0;0;0;4;;;0;1;Ciclomotore con passeggero;In marcia / fermata / arresto;Honda;Sky;Conducente;0;M;Illeso;0;;;
3579500;16;30/11/2017 17:00:00;;VIA RAFFAELE BATTISTINI;in corrispondenza;;del civico n.;43;;Scontro frontale fra veicoli in marcia;;;;;;;;;;0;0;0;4;;;0;1;Ciclomotore con passeggero;In marcia / fermata / arresto;Honda;Sky;Passeggero;0;M;Illeso;0;;;
3579500;16;30/11/2017 17:00:00;;VIA RAFFAELE BATTISTINI;in corrispondenza;;del civico n.;43;;Scontro frontale fra veicoli in marcia;;;;;;;;;;0;0;0;4;;;0;2;Autovettura privata;In marcia / fermata / arresto;Toyota;Yaris;Conducente;0;M;Illeso;0;;;
3579500;16;30/11/2017 17:00:00;;VIA RAFFAELE BATTISTINI;in corrispondenza;;del civico n.;43;;Scontro frontale fra veicoli in marcia;;;;;;;;;;0;0;0;4;;;0;2;Autovettura privata;In marcia / fermata / arresto;Toyota;Yaris;Passeggero;0;M;Illeso;0;;;
3579504;16;30/11/2017 10:20:00;;CIRCONVALLAZIONE GIANICOLENSE;in corrispondenza;;del civico n.;3;;Tamponamento;;;;;;;;;;0;0;0;3;;;0;1;Autovettura privata;In marcia / fermata / arresto;Fiat;ULYSSE;Conducente;1965;M;Illeso;0;;;
3579504;16;30/11/2017 10:20:00;;CIRCONVALLAZIONE GIANICOLENSE;in corrispondenza;;del civico n.;3;;Tamponamento;;;;;;;;;;0;0;0;3;;;0;1;Autovettura privata;In marcia / fermata / arresto;Fiat;ULYSSE;Passeggero;0;F;Illeso;0;;;
3579504;16;30/11/2017 10:20:00;;CIRCONVALLAZIONE GIANICOLENSE;in corrispondenza;;del civico n.;3;;Tamponamento;;;;;;;;;;0;0;0;3;;;0;2;Autovettura privata;In marcia / fermata / arresto;Toyota;Aygo;Conducente;0;M;Illeso;0;;;
3579508;7;30/11/2017 14:40:00;;VIA COLLATINA;all'intersezione con;VIA GIOVANNI CAPRANESI;VIA GIOVANNI CAPRANESI;;;Scontro frontale/laterale SX fra veicoli in marcia;;;;;;;;;;0;0;0;2;;;0;1;Autovettura privata;In marcia / fermata / arresto;Ford;Focus;Conducente;1982;M;Illeso;0;;;
3579508;7;30/11/2017 14:40:00;;VIA COLLATINA;all'intersezione con;VIA GIOVANNI CAPRANESI;VIA GIOVANNI CAPRANESI;;;Scontro frontale/laterale SX fra veicoli in marcia;;;;;;;;;;0;0;0;2;;;0;2;Autovettura privata;In marcia / fermata / arresto;Opel;Astra;Conducente;0;M;Illeso;0;;;
3579517;16;30/11/2017 17:55:00;;VIA PORTUENSE;all'intersezione con;LARGO ALESSANDRO TOJA;LARGO ALESSANDRO TOJA;;;Scontro frontale/laterale DX fra veicoli in marcia;;;;;;;;;;1;0;0;2;;;0;1;Autovettura privata;In marcia / fermata / arresto;Fiat;600;Conducente;0;M;Illeso;0;;;
3579517;16;30/11/2017 17:55:00;;VIA PORTUENSE;all'intersezione con;LARGO ALESSANDRO TOJA;LARGO ALESSANDRO TOJA;;;Scontro frontale/laterale DX fra veicoli in marcia;;;;;;;;;;1;0;0;2;;;0;1;Autovettura privata;In marcia / fermata / arresto;Fiat;600;Passeggero;0;M;Illeso;0;;;
3579517;16;30/11/2017 17:55:00;;VIA PORTUENSE;all'intersezione con;LARGO ALESSANDRO TOJA;LARGO ALESSANDRO TOJA;;;Scontro frontale/laterale DX fra veicoli in marcia;;;;;;;;;;1;0;0;2;;;0;2;Motociclo a solo;In marcia / fermata / arresto;Honda;CB500;Conducente;0;M;Rimandato;0;NON DECEDUTO;;
3579521;16;30/11/2017 13:45:00;;VIA DI BRAVETTA;in corrispondenza;;del civico n.;200;;Scontro frontale fra veicoli in marcia;;;;;;;;;;1;0;0;1;;;0;1;Autocarro inferiore 35 q.;In marcia / fermata / arresto;Ford;Transit;Conducente;0;M;Illeso;0;;;
3579521;16;30/11/2017 13:45:00;;VIA DI BRAVETTA;in corrispondenza;;del civico n.;200;;Scontro frontale fra veicoli in marcia;;;;;;;;;;1;0;0;1;;;0;2;Motociclo a solo;In marcia / fermata / arresto;Honda;SH;Conducente;0;F;Rimandato;0;NON DECEDUTO;;
3579680;7;29/11/2017 18:00:00;;VIA DELLE SIEPI;da specificare;;;;area interna parcheggio scuola San Benedetto;Veicolo in marcia contro ostacolo fisso;;;;;;;;;;0;0;0;1;;;0;1;Autovettura privata;In marcia / fermata / arresto;Ford;Focus;Conducente;1975;M;Illeso;0;;;
3579718;7;30/11/2017 08:00:00;;VIALE PALMIRO TOGLIATTI;da specificare;;;;in prossimità di Piazzale Pino Pascali;Scontro laterale fra veicoli in marcia;;;;;;;;;;0;0;0;2;;;0;1;Trattore stradale;In marcia / fermata / arresto;Fiat;Iveco Magirus;Conducente;1958;M;Illeso;0;;;
3579718;7;30/11/2017 08:00:00;;VIALE PALMIRO TOGLIATTI;da specificare;;;;in prossimità di Piazzale Pino Pascali;Scontro laterale fra veicoli in marcia;;;;;;;;;;0;0;0;2;;;0;2;Autovettura privata;In marcia / fermata / arresto;Citroen;C 3;Conducente;1991;F;Illeso;0;;;
3579922;16;29/11/2017 05:45:00;;VIALE ISACCO NEWTON;in prossimità;;del palo luce n.;120;;Veicolo in marcia contro ostacolo fisso;;;;;;;;;;0;0;0;1;12,44238;41,84875;0;1;Autocarro inferiore 35 q.;In marcia / fermata / arresto;Mercedes;Sprinter;Conducente;0;M;Illeso;0;;;
3580690;1;30/11/2017 08:55:00;Strada Urbana;VIALE CASTRO PRETORIO;all'intersezione semaforizzata con;VIA DEL CASTRO PRETORIO;VIA DEL CASTRO PRETORIO;;;Scontro laterale fra veicoli in marcia;Intersezione semaforizzata;Una carreggiata a doppio senso;Asciutto;Asfaltata;Verticale ed orizzontale;Sereno;Normale;Buona;Ore Diurne;0;0;0;2;;;0;1;Autovettura privata;In marcia / fermata / arresto;Hyundai;Matrix;Conducente;1964;F;Illeso;0;;Non accertato;
3580690;1;30/11/2017 08:55:00;Strada Urbana;VIALE CASTRO PRETORIO;all'intersezione semaforizzata con;VIA DEL CASTRO PRETORIO;VIA DEL CASTRO PRETORIO;;;Scontro laterale fra veicoli in marcia;Intersezione semaforizzata;Una carreggiata a doppio senso;Asciutto;Asfaltata;Verticale ed orizzontale;Sereno;Normale;Buona;Ore Diurne;0;0;0;2;;;0;2;Motociclo con passeggero;In marcia / fermata / arresto;Honda;Silver Wing;Conducente;1967;M;Illeso;0;;Non accertato;
3580740;1;30/11/2017 08:30:00;Strada Urbana;PIAZZA VENEZIA;all'intersezione con;VIA DEL CORSO;VIA DEL CORSO;;;Ribaltamento senza urto contro ostacolo fisso;Incrocio;Una carreggiata a senso unico di marcia;Bagnato (umidità in atto);In cubetti di porfido;Verticale ed orizzontale;Nuvoloso;Intenso;Buona;Ore Diurne;0;0;0;3;;;0;1;Motociclo con passeggero;In marcia / fermata / arresto;Aprilia;Scarabeo;Conducente;1999;M;Illeso;0;;Non accertato;
3580740;1;30/11/2017 08:30:00;Strada Urbana;PIAZZA VENEZIA;all'intersezione con;VIA DEL CORSO;VIA DEL CORSO;;;Ribaltamento senza urto contro ostacolo fisso;Incrocio;Una carreggiata a senso unico di marcia;Bagnato (umidità in atto);In cubetti di porfido;Verticale ed orizzontale;Nuvoloso;Intenso;Buona;Ore Diurne;0;0;0;3;;;0;1;Motociclo con passeggero;In marcia / fermata / arresto;Aprilia;Scarabeo;Passeggero;1999;M;Illeso;0;;Non accertato;
3580740;1;30/11/2017 08:30:00;Strada Urbana;PIAZZA VENEZIA;all'intersezione con;VIA DEL CORSO;VIA DEL CORSO;;;Ribaltamento senza urto contro ostacolo fisso;Incrocio;Una carreggiata a senso unico di marcia;Bagnato (umidità in atto);In cubetti di porfido;Verticale ed orizzontale;Nuvoloso;Intenso;Buona;Ore Diurne;0;0;0;3;;;0;2;Autovettura privata;In marcia / fermata / arresto;Volkswagen;Golf;Conducente;1981;F;Illeso;0;;Non accertato;